-- phpMyAdmin SQL Dump
-- version 4.1.14
-- http://www.phpmyadmin.net
--
-- Host: 127.0.0.1
-- Generation Time: 2015-05-21 04:29:37
-- 服务器版本： 5.6.17
-- PHP Version: 5.5.12

SET SQL_MODE = "NO_AUTO_VALUE_ON_ZERO";
SET time_zone = "+00:00";


/*!40101 SET @OLD_CHARACTER_SET_CLIENT=@@CHARACTER_SET_CLIENT */;
/*!40101 SET @OLD_CHARACTER_SET_RESULTS=@@CHARACTER_SET_RESULTS */;
/*!40101 SET @OLD_COLLATION_CONNECTION=@@COLLATION_CONNECTION */;
/*!40101 SET NAMES utf8 */;

--
-- Database: `sq_hualiangcaifu1208`
--
CREATE DATABASE IF NOT EXISTS `sq_hualiangcaifu1208` DEFAULT CHARACTER SET utf8 COLLATE utf8_unicode_ci;
USE `sq_hualiangcaifu1208`;

-- --------------------------------------------------------

--
-- 表的结构 `db_address`
--

CREATE TABLE IF NOT EXISTS `db_address` (
  `address_id` int(10) unsigned NOT NULL AUTO_INCREMENT COMMENT '地址ID',
  `member_id` int(10) unsigned NOT NULL DEFAULT '0' COMMENT '会员ID',
  `true_name` varchar(50) NOT NULL COMMENT '会员姓名',
  `province_id` int(10) NOT NULL DEFAULT '0' COMMENT '省级id',
  `city_id` int(10) NOT NULL DEFAULT '0' COMMENT '市级id',
  `area_id` int(10) unsigned NOT NULL DEFAULT '0' COMMENT '地区ID',
  `area_info` varchar(255) NOT NULL COMMENT '地区内容',
  `address` varchar(255) NOT NULL COMMENT '地址',
  `zip_code` varchar(20) DEFAULT NULL COMMENT '邮编',
  `tel_phone` varchar(50) DEFAULT NULL COMMENT '座机电话',
  `mob_phone` varchar(50) DEFAULT NULL COMMENT '手机电话',
  `sts` tinyint(1) DEFAULT '0' COMMENT '逻辑删除：1删除，0正常',
  `d_add` tinyint(1) DEFAULT '0' COMMENT '是否默认地址：1默认，0否',
  PRIMARY KEY (`address_id`)
) ENGINE=MyISAM  DEFAULT CHARSET=utf8 COMMENT='买家地址信息表' AUTO_INCREMENT=30 ;

--
-- 转存表中的数据 `db_address`
--

INSERT INTO `db_address` (`address_id`, `member_id`, `true_name`, `province_id`, `city_id`, `area_id`, `area_info`, `address`, `zip_code`, `tel_phone`, `mob_phone`, `sts`, `d_add`) VALUES
(5, 1, 'jean', 1989, 2083, 2093, '内蒙古	锡林郭勒盟	正镶白旗', '彩虹城41栋2004室', '310053', '', '15807499054', 0, 1),
(9, 2, '李政', 1763, 1859, 1868, '江西	宜春市	樟树市', '洼地', '123243', '565435465', '24354653452', 0, 1),
(8, 29, '洪刚', 3133, 3201, 3205, '浙江	绍兴市	诸暨市', '店口镇解放路三新科技创业园一号楼', '311835', '', '15180699636', 0, 0),
(10, 29, '许则林', 3133, 3134, 3137, '浙江	杭州市	江干区', '笕桥路168号', '330000', '88228833', '13336141522', 0, 0),
(12, 32, '', 1436, 0, 0, '湖南', '', '', '', '', 0, 0),
(15, 29, '桓桓', 2182, 2214, 2217, '山东	东营市	垦利县', '啊阿 233啊阿', '', '', '13336141529', 0, 0),
(16, 38, '123', 1763, 1859, 1868, '江西	宜春市	樟树市', '123153123', '', '', '13865982356', 0, 1),
(17, 36, 'XXX', 2182, 2293, 2294, '山东	威海市	环翠区', 'XXXXX', '312542', '058888888888', '13888888888', 0, 1),
(18, 39, 'XXX', 1874, 1912, 1915, '辽宁	大连市	沙河口区', 'XXXXXXXXXXXX', '3465456', '83145689', '13889895656', 0, 1),
(19, 42, '划算', 1989, 2067, 2069, '内蒙古	乌海市	海南区', '宏达手机网额', '', '', '13666666666', 0, 0),
(20, 43, '许志', 2182, 2268, 2279, '山东	青岛市	胶南市', '祥园路38号', '', '', '13336141527', 0, 0),
(21, 46, '张云静', 1, 2, 8, '北京	北京市	丰台区', '玉泉营京开市场', '', '', '13521613039', 0, 0),
(22, 42, '丝塔芙', 104, 105, 108, '安徽	合肥市	蜀山区', '萨芬发起放弃', '', '', '18505666545', 0, 1),
(23, 49, '马坤', 690, 691, 0, '贵州	贵阳市', '花果园太升五金机电老市场1楼A11', '', '0851-5664029', '13984168768', 0, 1),
(24, 54, '王美莲', 227, 303, 307, '福建	厦门市	集美区', '灌南路', '', '', '13858567600', 0, 1),
(25, 55, '王舒', 3133, 3182, 3184, '浙江	宁波市	江东区', '惊驾路857号', '', '0574-87930218', '13429393189', 0, 1),
(26, 57, '何炽良', 423, 441, 0, '广东	东莞市', '莞城区元岭路123号', '', '0769-22813228', '13602332102', 0, 1),
(27, 58, '周莹莹', 1763, 1786, 1797, '江西	赣州市	宁都县', '人民路1号', '', '', '18767519806', 0, 0),
(28, 47, '张小辉', 2987, 2988, 2994, '云南	昆明市	呈贡县', '会员等级：一级经销商', '', '', '13155202411', 0, 0),
(29, 61, '钱海有', 3133, 3134, 3139, '浙江	杭州市	西湖区', '文一西路', '310014', '', '18667005051', 0, 1);

-- --------------------------------------------------------

--
-- 表的结构 `db_adv`
--

CREATE TABLE IF NOT EXISTS `db_adv` (
  `adv_id` int(10) unsigned NOT NULL AUTO_INCREMENT COMMENT '广告自增标识编号',
  `ap_id` int(10) unsigned NOT NULL COMMENT '广告位id',
  `adv_title` varchar(255) NOT NULL COMMENT '广告内容描述',
  `adv_content` varchar(1000) NOT NULL COMMENT '广告内容',
  `adv_start_date` int(10) DEFAULT NULL COMMENT '广告开始时间',
  `adv_end_date` int(10) DEFAULT NULL COMMENT '广告结束时间',
  `slide_sort` int(10) unsigned NOT NULL DEFAULT '0' COMMENT '幻灯片排序',
  `click_num` int(10) unsigned NOT NULL DEFAULT '0' COMMENT '广告点击率',
  `sts` tinyint(1) DEFAULT '0' COMMENT '逻辑删除,0正常，1删除',
  PRIMARY KEY (`adv_id`)
) ENGINE=MyISAM  DEFAULT CHARSET=utf8 COMMENT='广告表' AUTO_INCREMENT=42 ;

--
-- 转存表中的数据 `db_adv`
--

INSERT INTO `db_adv` (`adv_id`, `ap_id`, `adv_title`, `adv_content`, `adv_start_date`, `adv_end_date`, `slide_sort`, `click_num`, `sts`) VALUES
(7, 1, '222', 'a:2:{s:11:"adv_pic_url";s:9:"index.php";s:7:"adv_pic";s:46:"uploadfile/adv/2014/12/18/14188875212173s0.jpg";}', 1386777600, 1449763200, 2, 0, 0),
(8, 1, '111', 'a:2:{s:11:"adv_pic_url";s:9:"index.php";s:7:"adv_pic";s:46:"uploadfile/adv/2014/12/18/14188875035022s0.jpg";}', 1386777600, 1449590400, 1, 0, 0),
(33, 11, '走进双鸟广告', 'a:2:{s:11:"adv_pic_url";s:0:"";s:7:"adv_pic";s:46:"uploadfile/adv/2014/10/13/14131641238266s0.jpg";}', 1404144000, 1419955200, 1, 0, 1),
(34, 12, '新闻中心', 'a:2:{s:11:"adv_pic_url";s:0:"";s:7:"adv_pic";s:46:"uploadfile/adv/2014/09/09/14102324254347s0.jpg";}', 1404144000, 1419955200, 1, 0, 1),
(35, 13, '产品中心', 'a:2:{s:11:"adv_pic_url";s:0:"";s:7:"adv_pic";s:46:"uploadfile/adv/2014/09/09/14102324720021s0.jpg";}', 1404144000, 1419955200, 1, 0, 1),
(36, 14, '成功案列', 'a:2:{s:11:"adv_pic_url";s:0:"";s:7:"adv_pic";s:46:"uploadfile/adv/2014/10/31/14147265176469s0.jpg";}', 1404144000, 1419955200, 1, 0, 1),
(37, 15, '研修培训', 'a:2:{s:11:"adv_pic_url";s:0:"";s:7:"adv_pic";s:46:"uploadfile/adv/2014/11/01/14148191716849s0.jpg";}', 1404144000, 1419955200, 1, 0, 1),
(38, 16, '客户专区', 'a:2:{s:11:"adv_pic_url";s:0:"";s:7:"adv_pic";s:46:"uploadfile/adv/2014/09/09/14102325599107s0.jpg";}', 1404144000, 1419955200, 1, 0, 1),
(39, 17, '联系我们', 'a:2:{s:11:"adv_pic_url";s:0:"";s:7:"adv_pic";s:46:"uploadfile/adv/2014/10/13/14131641648443s0.jpg";}', 1404144000, 1419955200, 1, 0, 1),
(30, 1, '一百多个国家 上万个客户的选择', 'a:2:{s:7:"adv_pic";s:45:"uploadfile/adv/2014/05/25/1401031010563s0.jpg";s:11:"adv_pic_url";s:9:"index.php";}', 1396281600, 1431100800, 3, 0, 1),
(31, 1, '百年双鸟 葫芦经典', 'a:2:{s:7:"adv_pic";s:46:"uploadfile/adv/2014/05/25/14010310715699s0.jpg";s:11:"adv_pic_url";s:9:"index.php";}', 1391529600, 1431619200, 4, 0, 1),
(32, 1, '30周年庆典', 'a:2:{s:11:"adv_pic_url";s:9:"index.php";s:7:"adv_pic";s:46:"uploadfile/adv/2014/05/25/14010311278867s0.jpg";}', 1393862400, 1433433600, 0, 0, 1),
(40, 1, '333', 'a:2:{s:11:"adv_pic_url";s:0:"";s:7:"adv_pic";s:45:"uploadfile/adv/2014/12/18/1418889117569s0.jpg";}', 1418832000, 1451491200, 0, 0, 0),
(41, 1, '333', 'a:2:{s:7:"adv_pic";s:46:"uploadfile/adv/2014/12/18/14188876719194s0.png";s:11:"adv_pic_url";s:0:"";}', 1418832000, 1451491200, 0, 0, 1);

-- --------------------------------------------------------

--
-- 表的结构 `db_adv_position`
--

CREATE TABLE IF NOT EXISTS `db_adv_position` (
  `ap_id` int(10) unsigned NOT NULL AUTO_INCREMENT COMMENT '广告位置id',
  `ap_name` varchar(100) NOT NULL COMMENT '广告位置名',
  `ap_intro` varchar(1000) NOT NULL COMMENT '广告位简介',
  `is_use` smallint(1) unsigned NOT NULL DEFAULT '1' COMMENT '广告位是否启用：0不启用1启用',
  `ap_width` int(10) NOT NULL COMMENT '广告位宽度',
  `ap_height` int(10) NOT NULL COMMENT '广告位高度',
  `click_num` int(10) unsigned NOT NULL DEFAULT '0' COMMENT '广告位点击率',
  `default_content` varchar(100) NOT NULL COMMENT '广告位默认内容',
  `sts` tinyint(1) DEFAULT '0' COMMENT '逻辑删除,0正常，1删除',
  PRIMARY KEY (`ap_id`)
) ENGINE=MyISAM  DEFAULT CHARSET=utf8 COMMENT='广告位表' AUTO_INCREMENT=18 ;

--
-- 转存表中的数据 `db_adv_position`
--

INSERT INTO `db_adv_position` (`ap_id`, `ap_name`, `ap_intro`, `is_use`, `ap_width`, `ap_height`, `click_num`, `default_content`, `sts`) VALUES
(1, '首页-幻灯片切换', 'banner横幅广告', 1, 980, 347, 0, '', 0),
(2, '首页-达人品鉴', '达人推荐', 1, 218, 355, 0, '', 1),
(3, '首页-中间品牌推荐', '品牌推荐', 1, 1200, 170, 0, '', 1),
(4, '首页-礼品中心热销排行', '礼品推荐', 1, 218, 156, 0, '', 1),
(5, '首页-葡萄酒横幅推荐', '横幅推荐', 1, 475, 150, 0, '', 1),
(6, '首页-葡萄酒热销推荐', '葡萄酒热销推荐', 1, 218, 156, 0, '', 1),
(7, '首页-洋酒横幅推荐', '横幅推荐', 1, 475, 150, 0, '', 1),
(8, '首页-酒具横幅推荐', '酒具横幅推荐', 1, 475, 150, 0, '', 1),
(9, '限时抢购-右边特价推荐', '右边特价', 1, 254, 272, 0, '', 1),
(10, '首页-文字公告', '文件公告', 1, 100, 100, 0, '', 1),
(11, '走进双鸟-横幅BANNER', '走进双鸟栏目下的广告', 1, 980, 347, 0, '', 1),
(12, '新闻中心-横幅BANNER', '新闻中心栏目下的banner', 1, 980, 347, 0, '', 1),
(13, '产品信息-横幅BANNER', '产品中心栏目下BANNER图片', 1, 980, 347, 0, '', 1),
(14, '成功案例-横幅BANNER', '成功案例栏目下广告', 1, 980, 347, 0, '', 1),
(15, '研修/培训-横幅BANNER', '研修/培训栏目下的广告', 1, 980, 347, 0, '', 1),
(16, '客户专区-横幅BANNER', '客户专区栏目下横幅广告', 1, 980, 347, 0, '', 1),
(17, '联系我们-横幅BANNER', '联系我们栏目下横幅广告图片', 1, 980, 347, 0, '', 1);

-- --------------------------------------------------------

--
-- 表的结构 `db_areas`
--

CREATE TABLE IF NOT EXISTS `db_areas` (
  `id` int(10) unsigned NOT NULL AUTO_INCREMENT,
  `parent_id` int(10) unsigned DEFAULT NULL COMMENT '上一级的id值',
  `name` varchar(50) DEFAULT NULL COMMENT '地区名称',
  `listorder` mediumint(8) unsigned NOT NULL DEFAULT '99' COMMENT '排序',
  `cache` tinyint(2) DEFAULT NULL COMMENT '缓存序列',
  PRIMARY KEY (`id`)
) ENGINE=MyISAM  DEFAULT CHARSET=utf8 COMMENT='地区信息' AUTO_INCREMENT=3268 ;

--
-- 转存表中的数据 `db_areas`
--

INSERT INTO `db_areas` (`id`, `parent_id`, `name`, `listorder`, `cache`) VALUES
(1, 0, '北京', 99, 2),
(2, 1, '北京市', 99, 0),
(3267, 2, '东城区', 99, NULL),
(4, 2, '西城区', 99, 0),
(5, 2, '崇文区', 99, 0),
(6, 2, '宣武区', 99, 0),
(7, 2, '朝阳区', 99, 0),
(8, 2, '丰台区', 99, 0),
(9, 2, '石景山区', 99, 0),
(10, 2, '海淀区', 99, 0),
(11, 2, '门头沟区', 99, 0),
(12, 2, '房山区', 99, 0),
(13, 2, '通州区', 99, 0),
(14, 2, '顺义区', 99, 0),
(15, 2, '昌平区', 99, 0),
(16, 2, '大兴区', 99, 0),
(17, 2, '怀柔区', 99, 0),
(18, 2, '平谷区', 99, 0),
(19, 2, '密云县', 99, 0),
(20, 2, '延庆县', 99, 0),
(21, 0, '上海', 99, 1),
(22, 21, '上海市', 99, 0),
(23, 22, '黄浦区', 99, 0),
(24, 22, '卢湾区', 99, 0),
(25, 22, '徐汇区', 99, 0),
(26, 22, '长宁区', 99, 0),
(27, 22, '静安区', 99, 0),
(28, 22, '普陀区', 99, 0),
(29, 22, '闸北区', 99, 0),
(30, 22, '虹口区', 99, 0),
(31, 22, '杨浦区', 99, 0),
(32, 22, '闵行区', 99, 0),
(33, 22, '宝山区', 99, 0),
(34, 22, '嘉定区', 99, 0),
(35, 22, '浦东新区', 99, 0),
(36, 22, '金山区', 99, 0),
(37, 22, '松江区', 99, 0),
(38, 22, '青浦区', 99, 0),
(39, 22, '南汇区', 99, 0),
(40, 22, '奉贤区', 99, 0),
(41, 22, '崇明县', 99, 0),
(42, 0, '天津', 99, 2),
(43, 42, '天津市', 99, 0),
(44, 43, '和平区', 99, 0),
(45, 43, '河东区', 99, 0),
(46, 43, '河西区', 99, 0),
(47, 43, '南开区', 99, 0),
(48, 43, '河北区', 99, 0),
(49, 43, '红桥区', 99, 0),
(50, 43, '塘沽区', 99, 0),
(51, 43, '汉沽区', 99, 0),
(52, 43, '大港区', 99, 0),
(53, 43, '东丽区', 99, 0),
(54, 43, '西青区', 99, 0),
(55, 43, '津南区', 99, 0),
(56, 43, '北辰区', 99, 0),
(57, 43, '武清区', 99, 0),
(58, 43, '宝坻区', 99, 0),
(59, 43, '宁河县', 99, 0),
(60, 43, '静海县', 99, 0),
(61, 43, '蓟县', 99, 0),
(62, 0, '重庆', 99, 7),
(63, 62, '重庆市', 99, 0),
(64, 63, '万州区', 99, 0),
(65, 63, '涪陵区', 99, 0),
(66, 63, '渝中区', 99, 0),
(67, 63, '大渡口区', 99, 0),
(68, 63, '江北区', 99, 0),
(69, 63, '沙坪坝区', 99, 0),
(70, 63, '九龙坡区', 99, 0),
(71, 63, '南岸区', 99, 0),
(72, 63, '北碚区', 99, 0),
(73, 63, '万盛区', 99, 0),
(74, 63, '双桥区', 99, 0),
(75, 63, '渝北区', 99, 0),
(76, 63, '巴南区', 99, 0),
(77, 63, '黔江区', 99, 0),
(78, 63, '长寿区', 99, 0),
(79, 63, '綦江县', 99, 0),
(80, 63, '潼南县', 99, 0),
(81, 63, '铜梁县', 99, 0),
(82, 63, '大足县', 99, 0),
(83, 63, '荣昌县', 99, 0),
(84, 63, '璧山县', 99, 0),
(85, 63, '梁平县', 99, 0),
(86, 63, '城口县', 99, 0),
(87, 63, '丰都县', 99, 0),
(88, 63, '垫江县', 99, 0),
(89, 63, '武隆县', 99, 0),
(90, 63, '忠县', 99, 0),
(91, 63, '开县', 99, 0),
(92, 63, '云阳县', 99, 0),
(93, 63, '奉节县', 99, 0),
(94, 63, '巫山县', 99, 0),
(95, 63, '巫溪县', 99, 0),
(96, 63, '石柱土家族自治县', 99, 0),
(97, 63, '秀山土家族苗族自治县', 99, 0),
(98, 63, '酉阳土家族苗族自治县', 99, 0),
(99, 63, '彭水苗族土家族自治县', 99, 0),
(100, 63, '江津市', 99, 0),
(101, 63, '合川市', 99, 0),
(102, 63, '永川市', 99, 0),
(103, 63, '南川市', 99, 0),
(104, 0, '安徽', 99, 1),
(105, 104, '合肥市', 99, 0),
(106, 105, '瑶海区', 99, 0),
(107, 105, '庐阳区', 99, 0),
(108, 105, '蜀山区', 99, 0),
(109, 105, '包河区', 99, 0),
(110, 105, '长丰县', 99, 0),
(111, 105, '肥东县', 99, 0),
(112, 105, '肥西县', 99, 0),
(113, 104, '安庆市', 99, 0),
(114, 113, '迎江区', 99, 0),
(115, 113, '大观区', 99, 0),
(116, 113, '郊区', 99, 0),
(117, 113, '怀宁县', 99, 0),
(118, 113, '枞阳县', 99, 0),
(119, 113, '潜山县', 99, 0),
(120, 113, '太湖县', 99, 0),
(121, 113, '宿松县', 99, 0),
(122, 113, '望江县', 99, 0),
(123, 113, '岳西县', 99, 0),
(124, 113, '桐城市', 99, 0),
(125, 104, '蚌埠市', 99, 0),
(126, 125, '龙子湖区', 99, 0),
(127, 125, '蚌山区', 99, 0),
(128, 125, '禹会区', 99, 0),
(129, 125, '淮上区', 99, 0),
(130, 125, '怀远县', 99, 0),
(131, 125, '五河县', 99, 0),
(132, 125, '固镇县', 99, 0),
(133, 104, '亳州市', 99, 0),
(134, 133, '谯城区', 99, 0),
(135, 133, '涡阳县', 99, 0),
(136, 133, '蒙城县', 99, 0),
(137, 133, '利辛县', 99, 0),
(138, 104, '巢湖市', 99, 0),
(139, 138, '居巢区', 99, 0),
(140, 138, '庐江县', 99, 0),
(141, 138, '无为县', 99, 0),
(142, 138, '含山县', 99, 0),
(143, 138, '和县', 99, 0),
(144, 104, '池州市', 99, 0),
(145, 144, '贵池区', 99, 0),
(146, 144, '东至县', 99, 0),
(147, 144, '石台县', 99, 0),
(148, 144, '青阳县', 99, 0),
(149, 104, '滁州市', 99, 0),
(150, 149, '琅琊区', 99, 0),
(151, 149, '南谯区', 99, 0),
(152, 149, '来安县', 99, 0),
(153, 149, '全椒县', 99, 0),
(154, 149, '定远县', 99, 0),
(155, 149, '凤阳县', 99, 0),
(156, 149, '天长市', 99, 0),
(157, 149, '明光市', 99, 0),
(158, 104, '阜阳市', 99, 0),
(159, 158, '颍州区', 99, 0),
(160, 158, '颍东区', 99, 0),
(161, 158, '颍泉区', 99, 0),
(162, 158, '临泉县', 99, 0),
(163, 158, '太和县', 99, 0),
(164, 158, '阜南县', 99, 0),
(165, 158, '颍上县', 99, 0),
(166, 158, '界首市', 99, 0),
(167, 104, '淮北市', 99, 0),
(168, 167, '杜集区', 99, 0),
(169, 167, '相山区', 99, 0),
(170, 167, '烈山区', 99, 0),
(171, 167, '濉溪县', 99, 0),
(172, 104, '淮南市', 99, 0),
(173, 172, '大通区', 99, 0),
(174, 172, '田家庵区', 99, 0),
(175, 172, '谢家集区', 99, 0),
(176, 172, '八公山区', 99, 0),
(177, 172, '潘集区', 99, 0),
(178, 172, '凤台县', 99, 0),
(179, 104, '黄山市', 99, 0),
(180, 179, '屯溪区', 99, 0),
(181, 179, '黄山区', 99, 0),
(182, 179, '徽州区', 99, 0),
(183, 179, '歙县', 99, 0),
(184, 179, '休宁县', 99, 0),
(185, 179, '黟县', 99, 0),
(186, 179, '祁门县', 99, 0),
(187, 104, '六安市', 99, 0),
(188, 187, '金安区', 99, 0),
(189, 187, '裕安区', 99, 0),
(190, 187, '寿县', 99, 0),
(191, 187, '霍邱县', 99, 0),
(192, 187, '舒城县', 99, 0),
(193, 187, '金寨县', 99, 0),
(194, 187, '霍山县', 99, 0),
(195, 104, '马鞍山市', 99, 0),
(196, 195, '金家庄区', 99, 0),
(197, 195, '花山区', 99, 0),
(198, 195, '雨山区', 99, 0),
(199, 195, '当涂县', 99, 0),
(200, 104, '宿州市', 99, 0),
(201, 200, '墉桥区', 99, 0),
(202, 200, '砀山县', 99, 0),
(203, 200, '萧县', 99, 0),
(204, 200, '灵璧县', 99, 0),
(205, 200, '泗县', 99, 0),
(206, 104, '铜陵市', 99, 0),
(207, 206, '铜官山区', 99, 0),
(208, 206, '狮子山区', 99, 0),
(209, 206, '郊区', 99, 0),
(210, 206, '铜陵县', 99, 0),
(211, 104, '芜湖市', 99, 0),
(212, 211, '镜湖区', 99, 0),
(213, 211, '马塘区', 99, 0),
(214, 211, '新芜区', 99, 0),
(215, 211, '鸠江区', 99, 0),
(216, 211, '芜湖县', 99, 0),
(217, 211, '繁昌县', 99, 0),
(218, 211, '南陵县', 99, 0),
(219, 104, '宣城市', 99, 0),
(220, 219, '宣州区', 99, 0),
(221, 219, '郎溪县', 99, 0),
(222, 219, '广德县', 99, 0),
(223, 219, '泾县', 99, 0),
(224, 219, '绩溪县', 99, 0),
(225, 219, '旌德县', 99, 0),
(226, 219, '宁国市', 99, 0),
(227, 0, '福建', 99, 4),
(228, 227, '福州市', 99, 0),
(229, 228, '鼓楼区', 99, 0),
(230, 228, '台江区', 99, 0),
(231, 228, '仓山区', 99, 0),
(232, 228, '马尾区', 99, 0),
(233, 228, '晋安区', 99, 0),
(234, 228, '闽侯县', 99, 0),
(235, 228, '连江县', 99, 0),
(236, 228, '罗源县', 99, 0),
(237, 228, '闽清县', 99, 0),
(238, 228, '永泰县', 99, 0),
(239, 228, '平潭县', 99, 0),
(240, 228, '福清市', 99, 0),
(241, 228, '长乐市', 99, 0),
(242, 227, '龙岩市', 99, 0),
(243, 242, '新罗区', 99, 0),
(244, 242, '长汀县', 99, 0),
(245, 242, '永定县', 99, 0),
(246, 242, '上杭县', 99, 0),
(247, 242, '武平县', 99, 0),
(248, 242, '连城县', 99, 0),
(249, 242, '漳平市', 99, 0),
(250, 227, '南平市', 99, 0),
(251, 250, '延平区', 99, 0),
(252, 250, '顺昌县', 99, 0),
(253, 250, '浦城县', 99, 0),
(254, 250, '光泽县', 99, 0),
(255, 250, '松溪县', 99, 0),
(256, 250, '政和县', 99, 0),
(257, 250, '邵武市', 99, 0),
(258, 250, '武夷山市', 99, 0),
(259, 250, '建瓯市', 99, 0),
(260, 250, '建阳市', 99, 0),
(261, 227, '宁德市', 99, 0),
(262, 261, '蕉城区', 99, 0),
(263, 261, '霞浦县', 99, 0),
(264, 261, '古田县', 99, 0),
(265, 261, '屏南县', 99, 0),
(266, 261, '寿宁县', 99, 0),
(267, 261, '周宁县', 99, 0),
(268, 261, '柘荣县', 99, 0),
(269, 261, '福安市', 99, 0),
(270, 261, '福鼎市', 99, 0),
(271, 227, '莆田市', 99, 0),
(272, 271, '城厢区', 99, 0),
(273, 271, '涵江区', 99, 0),
(274, 271, '荔城区', 99, 0),
(275, 271, '秀屿区', 99, 0),
(276, 271, '仙游县', 99, 0),
(277, 227, '泉州市', 99, 0),
(278, 277, '鲤城区', 99, 0),
(279, 277, '丰泽区', 99, 0),
(280, 277, '洛江区', 99, 0),
(281, 277, '泉港区', 99, 0),
(282, 277, '惠安县', 99, 0),
(283, 277, '安溪县', 99, 0),
(284, 277, '永春县', 99, 0),
(285, 277, '德化县', 99, 0),
(286, 277, '金门县', 99, 0),
(287, 277, '石狮市', 99, 0),
(288, 277, '晋江市', 99, 0),
(289, 277, '南安市', 99, 0),
(290, 227, '三明市', 99, 0),
(291, 290, '梅列区', 99, 0),
(292, 290, '三元区', 99, 0),
(293, 290, '明溪县', 99, 0),
(294, 290, '清流县', 99, 0),
(295, 290, '宁化县', 99, 0),
(296, 290, '大田县', 99, 0),
(297, 290, '尤溪县', 99, 0),
(298, 290, '沙县', 99, 0),
(299, 290, '将乐县', 99, 0),
(300, 290, '泰宁县', 99, 0),
(301, 290, '建宁县', 99, 0),
(302, 290, '永安市', 99, 0),
(303, 227, '厦门市', 99, 0),
(304, 303, '思明区', 99, 0),
(305, 303, '海沧区', 99, 0),
(306, 303, '湖里区', 99, 0),
(307, 303, '集美区', 99, 0),
(308, 303, '同安区', 99, 0),
(309, 303, '翔安区', 99, 0),
(310, 227, '漳州市', 99, 0),
(311, 310, '芗城区', 99, 0),
(312, 310, '龙文区', 99, 0),
(313, 310, '云霄县', 99, 0),
(314, 310, '漳浦县', 99, 0),
(315, 310, '诏安县', 99, 0),
(316, 310, '长泰县', 99, 0),
(317, 310, '东山县', 99, 0),
(318, 310, '南靖县', 99, 0),
(319, 310, '平和县', 99, 0),
(320, 310, '华安县', 99, 0),
(321, 310, '龙海市', 99, 0),
(322, 0, '甘肃', 99, 6),
(323, 322, '兰州市', 99, 0),
(324, 323, '城关区', 99, 0),
(325, 323, '七里河区', 99, 0),
(326, 323, '西固区', 99, 0),
(327, 323, '安宁区', 99, 0),
(328, 323, '红古区', 99, 0),
(329, 323, '永登县', 99, 0),
(330, 323, '皋兰县', 99, 0),
(331, 323, '榆中县', 99, 0),
(332, 322, '白银市', 99, 0),
(333, 332, '白银区', 99, 0),
(334, 332, '平川区', 99, 0),
(335, 332, '靖远县', 99, 0),
(336, 332, '会宁县', 99, 0),
(337, 332, '景泰县', 99, 0),
(338, 322, '定西市', 99, 0),
(339, 338, '安定区', 99, 0),
(340, 338, '通渭县', 99, 0),
(341, 338, '陇西县', 99, 0),
(342, 338, '渭源县', 99, 0),
(343, 338, '临洮县', 99, 0),
(344, 338, '漳县', 99, 0),
(345, 338, '岷县', 99, 0),
(346, 322, '甘南藏族自治州', 99, 0),
(347, 346, '合作市', 99, 0),
(348, 346, '临潭县', 99, 0),
(349, 346, '卓尼县', 99, 0),
(350, 346, '舟曲县', 99, 0),
(351, 346, '迭部县', 99, 0),
(352, 346, '玛曲县', 99, 0),
(353, 346, '碌曲县', 99, 0),
(354, 346, '夏河县', 99, 0),
(355, 322, '嘉峪关市', 99, 0),
(356, 322, '金昌市', 99, 0),
(357, 356, '金川区', 99, 0),
(358, 356, '永昌县', 99, 0),
(359, 322, '酒泉市', 99, 0),
(360, 359, '肃州区', 99, 0),
(361, 359, '金塔县', 99, 0),
(362, 359, '安西县', 99, 0),
(363, 359, '肃北蒙古族自治县', 99, 0),
(364, 359, '阿克塞哈萨克族自治县', 99, 0),
(365, 359, '玉门市', 99, 0),
(366, 359, '敦煌市', 99, 0),
(367, 322, '临夏回族自治州', 99, 0),
(368, 367, '临夏市', 99, 0),
(369, 367, '临夏县', 99, 0),
(370, 367, '康乐县', 99, 0),
(371, 367, '永靖县', 99, 0),
(372, 367, '广河县', 99, 0),
(373, 367, '和政县', 99, 0),
(374, 367, '东乡族自治县', 99, 0),
(375, 367, '积石山保安族东乡族撒拉族自治县', 99, 0),
(376, 322, '陇南市', 99, 0),
(377, 376, '武都区', 99, 0),
(378, 376, '成县', 99, 0),
(379, 376, '文县', 99, 0),
(380, 376, '宕昌县', 99, 0),
(381, 376, '康县', 99, 0),
(382, 376, '西和县', 99, 0),
(383, 376, '礼县', 99, 0),
(384, 376, '徽县', 99, 0),
(385, 376, '两当县', 99, 0),
(386, 322, '平凉市', 99, 0),
(387, 386, '崆峒区', 99, 0),
(388, 386, '泾川县', 99, 0),
(389, 386, '灵台县', 99, 0),
(390, 386, '崇信县', 99, 0),
(391, 386, '华亭县', 99, 0),
(392, 386, '庄浪县', 99, 0),
(393, 386, '静宁县', 99, 0),
(394, 322, '庆阳市', 99, 0),
(395, 394, '西峰区', 99, 0),
(396, 394, '庆城县', 99, 0),
(397, 394, '环县', 99, 0),
(398, 394, '华池县', 99, 0),
(399, 394, '合水县', 99, 0),
(400, 394, '正宁县', 99, 0),
(401, 394, '宁县', 99, 0),
(402, 394, '镇原县', 99, 0),
(403, 322, '天水市', 99, 0),
(404, 403, '秦城区', 99, 0),
(405, 403, '北道区', 99, 0),
(406, 403, '清水县', 99, 0),
(407, 403, '秦安县', 99, 0),
(408, 403, '甘谷县', 99, 0),
(409, 403, '武山县', 99, 0),
(410, 403, '张家川回族自治县', 99, 0),
(411, 322, '武威市', 99, 0),
(412, 411, '凉州区', 99, 0),
(413, 411, '民勤县', 99, 0),
(414, 411, '古浪县', 99, 0),
(415, 411, '天祝藏族自治县', 99, 0),
(416, 322, '张掖市', 99, 0),
(417, 416, '甘州区', 99, 0),
(418, 416, '肃南裕固族自治县', 99, 0),
(419, 416, '民乐县', 99, 0),
(420, 416, '临泽县', 99, 0),
(421, 416, '高台县', 99, 0),
(422, 416, '山丹县', 99, 0),
(423, 0, '广东', 99, 4),
(424, 423, '广州市', 99, 0),
(425, 424, '东山区', 99, 0),
(426, 424, '荔湾区', 99, 0),
(427, 424, '越秀区', 99, 0),
(428, 424, '海珠区', 99, 0),
(429, 424, '天河区', 99, 0),
(430, 424, '芳村区', 99, 0),
(431, 424, '白云区', 99, 0),
(432, 424, '黄埔区', 99, 0),
(433, 424, '番禺区', 99, 0),
(434, 424, '花都区', 99, 0),
(435, 424, '增城市', 99, 0),
(436, 424, '从化市', 99, 0),
(437, 423, '潮州市', 99, 0),
(438, 437, '湘桥区', 99, 0),
(439, 437, '潮安县', 99, 0),
(440, 437, '饶平县', 99, 0),
(441, 423, '东莞市', 99, 0),
(442, 423, '佛山市', 99, 0),
(443, 442, '禅城区', 99, 0),
(444, 442, '南海区', 99, 0),
(445, 442, '顺德区', 99, 0),
(446, 442, '三水区', 99, 0),
(447, 442, '高明区', 99, 0),
(448, 423, '河源市', 99, 0),
(449, 448, '源城区', 99, 0),
(450, 448, '紫金县', 99, 0),
(451, 448, '龙川县', 99, 0),
(452, 448, '连平县', 99, 0),
(453, 448, '和平县', 99, 0),
(454, 448, '东源县', 99, 0),
(455, 423, '惠州市', 99, 0),
(456, 455, '惠城区', 99, 0),
(457, 455, '惠阳区', 99, 0),
(458, 455, '博罗县', 99, 0),
(459, 455, '惠东县', 99, 0),
(460, 455, '龙门县', 99, 0),
(461, 423, '江门市', 99, 0),
(462, 461, '蓬江区', 99, 0),
(463, 461, '江海区', 99, 0),
(464, 461, '新会区', 99, 0),
(465, 461, '台山市', 99, 0),
(466, 461, '开平市', 99, 0),
(467, 461, '鹤山市', 99, 0),
(468, 461, '恩平市', 99, 0),
(469, 423, '揭阳市', 99, 0),
(470, 469, '榕城区', 99, 0),
(471, 469, '揭东县', 99, 0),
(472, 469, '揭西县', 99, 0),
(473, 469, '惠来县', 99, 0),
(474, 469, '普宁市', 99, 0),
(475, 423, '茂名市', 99, 0),
(476, 475, '茂南区', 99, 0),
(477, 475, '茂港区', 99, 0),
(478, 475, '电白县', 99, 0),
(479, 475, '高州市', 99, 0),
(480, 475, '化州市', 99, 0),
(481, 475, '信宜市', 99, 0),
(482, 423, '梅江区', 99, 0),
(483, 423, '梅州市', 99, 0),
(484, 483, '梅县', 99, 0),
(485, 483, '大埔县', 99, 0),
(486, 483, '丰顺县', 99, 0),
(487, 483, '五华县', 99, 0),
(488, 483, '平远县', 99, 0),
(489, 483, '蕉岭县', 99, 0),
(490, 483, '兴宁市', 99, 0),
(491, 423, '清远市', 99, 0),
(492, 491, '清城区', 99, 0),
(493, 491, '佛冈县', 99, 0),
(494, 491, '阳山县', 99, 0),
(495, 491, '连山壮族瑶族自治县', 99, 0),
(496, 491, '连南瑶族自治县', 99, 0),
(497, 491, '清新县', 99, 0),
(498, 491, '英德市', 99, 0),
(499, 491, '连州市', 99, 0),
(500, 423, '汕头市', 99, 0),
(501, 500, '龙湖区', 99, 0),
(502, 500, '金平区', 99, 0),
(503, 500, '濠江区', 99, 0),
(504, 500, '潮阳区', 99, 0),
(505, 500, '潮南区', 99, 0),
(506, 500, '澄海区', 99, 0),
(507, 500, '南澳县', 99, 0),
(508, 423, '汕尾市', 99, 0),
(509, 508, '城区', 99, 0),
(510, 508, '海丰县', 99, 0),
(511, 508, '陆河县', 99, 0),
(512, 508, '陆丰市', 99, 0),
(513, 423, '韶关市', 99, 0),
(514, 513, '武江区', 99, 0),
(515, 513, '浈江区', 99, 0),
(516, 513, '曲江区', 99, 0),
(517, 513, '始兴县', 99, 0),
(518, 513, '仁化县', 99, 0),
(519, 513, '翁源县', 99, 0),
(520, 513, '乳源瑶族自治县', 99, 0),
(521, 513, '新丰县', 99, 0),
(522, 513, '乐昌市', 99, 0),
(523, 513, '南雄市', 99, 0),
(524, 423, '深圳市', 99, 0),
(525, 524, '罗湖区', 99, 0),
(526, 524, '福田区', 99, 0),
(527, 524, '南山区', 99, 0),
(528, 524, '宝安区', 99, 0),
(529, 524, '龙岗区', 99, 0),
(530, 524, '盐田区', 99, 0),
(531, 423, '阳江市', 99, 0),
(532, 531, '江城区', 99, 0),
(533, 531, '阳西县', 99, 0),
(534, 531, '阳东县', 99, 0),
(535, 531, '阳春市', 99, 0),
(536, 423, '云浮市', 99, 0),
(537, 536, '云城区', 99, 0),
(538, 536, '新兴县', 99, 0),
(539, 536, '郁南县', 99, 0),
(540, 536, '云安县', 99, 0),
(541, 536, '罗定市', 99, 0),
(542, 423, '湛江市', 99, 0),
(543, 542, '赤坎区', 99, 0),
(544, 542, '霞山区', 99, 0),
(545, 542, '坡头区', 99, 0),
(546, 542, '麻章区', 99, 0),
(547, 542, '遂溪县', 99, 0),
(548, 542, '徐闻县', 99, 0),
(549, 542, '廉江市', 99, 0),
(550, 542, '雷州市', 99, 0),
(551, 542, '吴川市', 99, 0),
(552, 423, '肇庆市', 99, 0),
(553, 552, '端州区', 99, 0),
(554, 552, '鼎湖区', 99, 0),
(555, 552, '广宁县', 99, 0),
(556, 552, '怀集县', 99, 0),
(557, 552, '封开县', 99, 0),
(558, 552, '德庆县', 99, 0),
(559, 552, '高要市', 99, 0),
(560, 552, '四会市', 99, 0),
(561, 423, '中山市', 99, 0),
(562, 423, '珠海市', 99, 0),
(563, 562, '香洲区', 99, 0),
(564, 562, '斗门区', 99, 0),
(565, 562, '金湾区', 99, 0),
(566, 0, '广西', 99, 4),
(567, 566, '南宁市', 99, 0),
(568, 567, '兴宁区', 99, 0),
(569, 567, '青秀区', 99, 0),
(570, 567, '江南区', 99, 0),
(571, 567, '西乡塘区', 99, 0),
(572, 567, '良庆区', 99, 0),
(573, 567, '邕宁区', 99, 0),
(574, 567, '武鸣县', 99, 0),
(575, 567, '隆安县', 99, 0),
(576, 567, '马山县', 99, 0),
(577, 567, '上林县', 99, 0),
(578, 567, '宾阳县', 99, 0),
(579, 567, '横县', 99, 0),
(580, 566, '百色市', 99, 0),
(581, 580, '右江区', 99, 0),
(582, 580, '田阳县', 99, 0),
(583, 580, '田东县', 99, 0),
(584, 580, '平果县', 99, 0),
(585, 580, '德保县', 99, 0),
(586, 580, '靖西县', 99, 0),
(587, 580, '那坡县', 99, 0),
(588, 580, '凌云县', 99, 0),
(589, 580, '乐业县', 99, 0),
(590, 580, '田林县', 99, 0),
(591, 580, '西林县', 99, 0),
(592, 580, '隆林各族自治县', 99, 0),
(593, 566, '北海市', 99, 0),
(594, 593, '海城区', 99, 0),
(595, 593, '银海区', 99, 0),
(596, 593, '铁山港区', 99, 0),
(597, 593, '合浦县', 99, 0),
(598, 566, '崇左市', 99, 0),
(599, 598, '江洲区', 99, 0),
(600, 598, '扶绥县', 99, 0),
(601, 598, '宁明县', 99, 0),
(602, 598, '龙州县', 99, 0),
(603, 598, '大新县', 99, 0),
(604, 598, '天等县', 99, 0),
(605, 598, '凭祥市', 99, 0),
(606, 566, '防城港市', 99, 0),
(607, 606, '港口区', 99, 0),
(608, 606, '防城区', 99, 0),
(609, 606, '上思县', 99, 0),
(610, 606, '东兴市', 99, 0),
(611, 566, '贵港市', 99, 0),
(612, 611, '港北区', 99, 0),
(613, 611, '港南区', 99, 0),
(614, 611, '覃塘区', 99, 0),
(615, 611, '平南县', 99, 0),
(616, 611, '桂平市', 99, 0),
(617, 566, '桂林市', 99, 0),
(618, 617, '秀峰区', 99, 0),
(619, 617, '叠彩区', 99, 0),
(620, 617, '象山区', 99, 0),
(621, 617, '七星区', 99, 0),
(622, 617, '雁山区', 99, 0),
(623, 617, '阳朔县', 99, 0),
(624, 617, '临桂县', 99, 0),
(625, 617, '灵川县', 99, 0),
(626, 617, '全州县', 99, 0),
(627, 617, '兴安县', 99, 0),
(628, 617, '永福县', 99, 0),
(629, 617, '灌阳县', 99, 0),
(630, 617, '龙胜各族自治县', 99, 0),
(631, 617, '资源县', 99, 0),
(632, 617, '平乐县', 99, 0),
(633, 617, '荔蒲县', 99, 0),
(634, 617, '恭城瑶族自治县', 99, 0),
(635, 566, '河池市', 99, 0),
(636, 635, '金城江区', 99, 0),
(637, 635, '南丹县', 99, 0),
(638, 635, '天峨县', 99, 0),
(639, 635, '凤山县', 99, 0),
(640, 635, '东兰县', 99, 0),
(641, 635, '罗城仫佬族自治县', 99, 0),
(642, 635, '环江毛南族自治县', 99, 0),
(643, 635, '巴马瑶族自治县', 99, 0),
(644, 635, '都安瑶族自治县', 99, 0),
(645, 635, '大化瑶族自治县', 99, 0),
(646, 635, '宜州市', 99, 0),
(647, 566, '贺州市', 99, 0),
(648, 647, '八步区', 99, 0),
(649, 647, '昭平县', 99, 0),
(650, 647, '钟山县', 99, 0),
(651, 647, '富川瑶族自治县', 99, 0),
(652, 566, '来宾市', 99, 0),
(653, 652, '兴宾区', 99, 0),
(654, 652, '忻城县', 99, 0),
(655, 652, '象州县', 99, 0),
(656, 652, '武宣县', 99, 0),
(657, 652, '金秀瑶族自治县', 99, 0),
(658, 652, '合山市', 99, 0),
(659, 566, '柳州市', 99, 0),
(660, 659, '城中区', 99, 0),
(661, 659, '鱼峰区', 99, 0),
(662, 659, '柳南区', 99, 0),
(663, 659, '柳北区', 99, 0),
(664, 659, '柳江县', 99, 0),
(665, 659, '柳城县', 99, 0),
(666, 659, '鹿寨县', 99, 0),
(667, 659, '融安县', 99, 0),
(668, 659, '融水苗族自治县', 99, 0),
(669, 659, '三江侗族自治县', 99, 0),
(670, 566, '钦州市', 99, 0),
(671, 670, '钦南区', 99, 0),
(672, 670, '钦北区', 99, 0),
(673, 670, '灵山县', 99, 0),
(674, 670, '浦北县', 99, 0),
(675, 566, '梧州市', 99, 0),
(676, 675, '万秀区', 99, 0),
(677, 675, '蝶山区', 99, 0),
(678, 675, '长洲区', 99, 0),
(679, 675, '苍梧县', 99, 0),
(680, 675, '藤县', 99, 0),
(681, 675, '蒙山县', 99, 0),
(682, 675, '岑溪市', 99, 0),
(683, 566, '玉林市', 99, 0),
(684, 683, '玉州区', 99, 0),
(685, 683, '容县', 99, 0),
(686, 683, '陆川县', 99, 0),
(687, 683, '博白县', 99, 0),
(688, 683, '兴业县', 99, 0),
(689, 683, '北流市', 99, 0),
(690, 0, '贵州', 99, 7),
(691, 690, '贵阳市', 99, 0),
(692, 691, '南明区', 99, 0),
(693, 691, '云岩区', 99, 0),
(694, 691, '花溪区', 99, 0),
(695, 691, '乌当区', 99, 0),
(696, 691, '白云区', 99, 0),
(697, 691, '小河区', 99, 0),
(698, 691, '开阳县', 99, 0),
(699, 691, '息烽县', 99, 0),
(700, 691, '修文县', 99, 0),
(701, 691, '清镇市', 99, 0),
(702, 690, '安顺市', 99, 0),
(703, 702, '西秀区', 99, 0),
(704, 702, '平坝县', 99, 0),
(705, 702, '普定县', 99, 0),
(706, 702, '镇宁布依族苗族自治县', 99, 0),
(707, 702, '关岭布依族苗族自治县', 99, 0),
(708, 702, '紫云苗族布依族自治县', 99, 0),
(709, 690, '毕节地区', 99, 0),
(710, 709, '毕节市', 99, 0),
(711, 709, '大方县', 99, 0),
(712, 709, '黔西县', 99, 0),
(713, 709, '金沙县', 99, 0),
(714, 709, '织金县', 99, 0),
(715, 709, '纳雍县', 99, 0),
(716, 709, '威宁彝族回族苗族自治县', 99, 0),
(717, 709, '赫章县', 99, 0),
(718, 690, '六盘水市', 99, 0),
(719, 718, '钟山区', 99, 0),
(720, 718, '六枝特区', 99, 0),
(721, 718, '水城县', 99, 0),
(722, 718, '盘县', 99, 0),
(723, 690, '黔东南苗族侗族自治州', 99, 0),
(724, 723, '凯里市', 99, 0),
(725, 723, '黄平县', 99, 0),
(726, 723, '施秉县', 99, 0),
(727, 723, '三穗县', 99, 0),
(728, 723, '镇远县', 99, 0),
(729, 723, '岑巩县', 99, 0),
(730, 723, '天柱县', 99, 0),
(731, 723, '锦屏县', 99, 0),
(732, 723, '剑河县', 99, 0),
(733, 723, '台江县', 99, 0),
(734, 723, '黎平县', 99, 0),
(735, 723, '榕江县', 99, 0),
(736, 723, '从江县', 99, 0),
(737, 723, '雷山县', 99, 0),
(738, 723, '麻江县', 99, 0),
(739, 723, '丹寨县', 99, 0),
(740, 690, '黔南布依族苗族自治州', 99, 0),
(741, 740, '都匀市', 99, 0),
(742, 740, '福泉市', 99, 0),
(743, 740, '荔波县', 99, 0),
(744, 740, '贵定县', 99, 0),
(745, 740, '瓮安县', 99, 0),
(746, 740, '独山县', 99, 0),
(747, 740, '平塘县', 99, 0),
(748, 740, '罗甸县', 99, 0),
(749, 740, '长顺县', 99, 0),
(750, 740, '龙里县', 99, 0),
(751, 740, '惠水县', 99, 0),
(752, 740, '三都水族自治县', 99, 0),
(753, 690, '黔西南布依族苗族自治州', 99, 0),
(754, 753, '兴义市', 99, 0),
(755, 753, '兴仁县', 99, 0),
(756, 753, '普安县', 99, 0),
(757, 753, '晴隆县', 99, 0),
(758, 753, '贞丰县', 99, 0),
(759, 753, '望谟县', 99, 0),
(760, 753, '册亨县', 99, 0),
(761, 753, '安龙县', 99, 0),
(762, 690, '铜仁地区', 99, 0),
(763, 762, '铜仁市', 99, 0),
(764, 762, '江口县', 99, 0),
(765, 762, '玉屏侗族自治县', 99, 0),
(766, 762, '石阡县', 99, 0),
(767, 762, '思南县', 99, 0),
(768, 762, '印江土家族苗族自治县', 99, 0),
(769, 762, '德江县', 99, 0),
(770, 762, '沿河土家族自治县', 99, 0),
(771, 762, '松桃苗族自治县', 99, 0),
(772, 762, '万山特区', 99, 0),
(773, 690, '遵义市', 99, 0),
(774, 773, '红花岗区', 99, 0),
(775, 773, '汇川区', 99, 0),
(776, 773, '遵义县', 99, 0),
(777, 773, '桐梓县', 99, 0),
(778, 773, '绥阳县', 99, 0),
(779, 773, '正安县', 99, 0),
(780, 773, '道真仡佬族苗族自治县', 99, 0),
(781, 773, '务川仡佬族苗族自治县', 99, 0),
(782, 773, '凤冈县', 99, 0),
(783, 773, '湄潭县', 99, 0),
(784, 773, '余庆县', 99, 0),
(785, 773, '习水县', 99, 0),
(786, 773, '赤水市', 99, 0),
(787, 773, '仁怀市', 99, 0),
(788, 0, '海南', 99, 4),
(789, 788, '海口市', 99, 0),
(790, 789, '秀英区', 99, 0),
(791, 789, '龙华区', 99, 0),
(792, 789, '琼山区', 99, 0),
(793, 789, '美兰区', 99, 0),
(794, 788, '白沙黎族自治县', 99, 0),
(795, 788, '保亭黎族苗族自治县', 99, 0),
(796, 788, '昌江黎族自治县', 99, 0),
(797, 788, '澄迈县', 99, 0),
(798, 788, '儋州市', 99, 0),
(799, 788, '定安县', 99, 0),
(800, 788, '东方市', 99, 0),
(801, 788, '乐东黎族自治县', 99, 0),
(802, 788, '临高县', 99, 0),
(803, 788, '陵水黎族自治县', 99, 0),
(804, 788, '南沙群岛', 99, 0),
(805, 788, '琼海市', 99, 0),
(806, 788, '琼中黎族苗族自治县', 99, 0),
(807, 788, '三亚市', 99, 0),
(808, 788, '屯昌县', 99, 0),
(809, 788, '万宁市', 99, 0),
(810, 788, '文昌市', 99, 0),
(811, 788, '五指山市', 99, 0),
(812, 788, '西沙群岛', 99, 0),
(813, 788, '中沙群岛的岛礁及其海域', 99, 0),
(814, 0, '河北', 99, 2),
(815, 814, '石家庄市', 99, 0),
(816, 815, '长安区', 99, 0),
(817, 815, '桥东区', 99, 0),
(818, 815, '桥西区', 99, 0),
(819, 815, '新华区', 99, 0),
(820, 815, '井陉矿区', 99, 0),
(821, 815, '裕华区', 99, 0),
(822, 815, '井陉县', 99, 0),
(823, 815, '正定县', 99, 0),
(824, 815, '栾城县', 99, 0),
(825, 815, '行唐县', 99, 0),
(826, 815, '灵寿县', 99, 0),
(827, 815, '高邑县', 99, 0),
(828, 815, '深泽县', 99, 0),
(829, 815, '赞皇县', 99, 0),
(830, 815, '无极县', 99, 0),
(831, 815, '平山县', 99, 0),
(832, 815, '元氏县', 99, 0),
(833, 815, '赵县', 99, 0),
(834, 815, '辛集市', 99, 0),
(835, 815, '藁城市', 99, 0),
(836, 815, '晋州市', 99, 0),
(837, 815, '新乐市', 99, 0),
(838, 815, '鹿泉市', 99, 0),
(839, 814, '保定市', 99, 0),
(840, 839, '新市区', 99, 0),
(841, 839, '北市区', 99, 0),
(842, 839, '南市区', 99, 0),
(843, 839, '满城县', 99, 0),
(844, 839, '清苑县', 99, 0),
(845, 839, '涞水县', 99, 0),
(846, 839, '阜平县', 99, 0),
(847, 839, '徐水县', 99, 0),
(848, 839, '定兴县', 99, 0),
(849, 839, '唐县', 99, 0),
(850, 839, '高阳县', 99, 0),
(851, 839, '容城县', 99, 0),
(852, 839, '涞源县', 99, 0),
(853, 839, '望都县', 99, 0),
(854, 839, '安新县', 99, 0),
(855, 839, '易县', 99, 0),
(856, 839, '曲阳县', 99, 0),
(857, 839, '蠡县', 99, 0),
(858, 839, '顺平县', 99, 0),
(859, 839, '博野县', 99, 0),
(860, 839, '雄县', 99, 0),
(861, 839, '涿州市', 99, 0),
(862, 839, '定州市', 99, 0),
(863, 839, '安国市', 99, 0),
(864, 839, '高碑店市', 99, 0),
(865, 814, '沧州市', 99, 0),
(866, 865, '新华区', 99, 0),
(867, 865, '运河区', 99, 0),
(868, 865, '沧县', 99, 0),
(869, 865, '青县', 99, 0),
(870, 865, '东光县', 99, 0),
(871, 865, '海兴县', 99, 0),
(872, 865, '盐山县', 99, 0),
(873, 865, '肃宁县', 99, 0),
(874, 865, '南皮县', 99, 0),
(875, 865, '吴桥县', 99, 0),
(876, 865, '献县', 99, 0),
(877, 865, '孟村回族自治县', 99, 0),
(878, 865, '泊头市', 99, 0),
(879, 865, '任丘市', 99, 0),
(880, 865, '黄骅市', 99, 0),
(881, 865, '河间市', 99, 0),
(882, 814, '承德市', 99, 0),
(883, 882, '双桥区', 99, 0),
(884, 882, '双滦区', 99, 0),
(885, 882, '鹰手营子矿区', 99, 0),
(886, 882, '承德县', 99, 0),
(887, 882, '兴隆县', 99, 0),
(888, 882, '平泉县', 99, 0),
(889, 882, '滦平县', 99, 0),
(890, 882, '隆化县', 99, 0),
(891, 882, '丰宁满族自治县', 99, 0),
(892, 882, '宽城满族自治县', 99, 0),
(893, 882, '围场满族蒙古族自治县', 99, 0),
(894, 814, '邯郸市', 99, 0),
(895, 894, '邯山区', 99, 0),
(896, 894, '丛台区', 99, 0),
(897, 894, '复兴区', 99, 0),
(898, 894, '峰峰矿区', 99, 0),
(899, 894, '邯郸县', 99, 0),
(900, 894, '临漳县', 99, 0),
(901, 894, '成安县', 99, 0),
(902, 894, '大名县', 99, 0),
(903, 894, '涉县', 99, 0),
(904, 894, '磁县', 99, 0),
(905, 894, '肥乡县', 99, 0),
(906, 894, '永年县', 99, 0),
(907, 894, '邱县', 99, 0),
(908, 894, '鸡泽县', 99, 0),
(909, 894, '广平县', 99, 0),
(910, 894, '馆陶县', 99, 0),
(911, 894, '魏县', 99, 0),
(912, 894, '曲周县', 99, 0),
(913, 894, '武安市', 99, 0),
(914, 814, '衡水市', 99, 0),
(915, 914, '桃城区', 99, 0),
(916, 914, '枣强县', 99, 0),
(917, 914, '武邑县', 99, 0),
(918, 914, '武强县', 99, 0),
(919, 914, '饶阳县', 99, 0),
(920, 914, '安平县', 99, 0),
(921, 914, '故城县', 99, 0),
(922, 914, '景县', 99, 0),
(923, 914, '阜城县', 99, 0),
(924, 914, '冀州市', 99, 0),
(925, 914, '深州市', 99, 0),
(926, 814, '廊坊市', 99, 0),
(927, 926, '安次区', 99, 0),
(928, 926, '广阳区', 99, 0),
(929, 926, '固安县', 99, 0),
(930, 926, '永清县', 99, 0),
(931, 926, '香河县', 99, 0),
(932, 926, '大城县', 99, 0),
(933, 926, '文安县', 99, 0),
(934, 926, '大厂回族自治县', 99, 0),
(935, 926, '霸州市', 99, 0),
(936, 926, '三河市', 99, 0),
(937, 814, '秦皇岛市', 99, 0),
(938, 937, '海港区', 99, 0),
(939, 937, '山海关区', 99, 0),
(940, 937, '北戴河区', 99, 0),
(941, 937, '青龙满族自治县', 99, 0),
(942, 937, '昌黎县', 99, 0),
(943, 937, '抚宁县', 99, 0),
(944, 937, '卢龙县', 99, 0),
(945, 814, '唐山市', 99, 0),
(946, 945, '路南区', 99, 0),
(947, 945, '路北区', 99, 0),
(948, 945, '古冶区', 99, 0),
(949, 945, '开平区', 99, 0),
(950, 945, '丰南区', 99, 0),
(951, 945, '丰润区', 99, 0),
(952, 945, '滦县', 99, 0),
(953, 945, '滦南县', 99, 0),
(954, 945, '乐亭县', 99, 0),
(955, 945, '迁西县', 99, 0),
(956, 945, '玉田县', 99, 0),
(957, 945, '唐海县', 99, 0),
(958, 945, '遵化市', 99, 0),
(959, 945, '迁安市', 99, 0),
(960, 814, '邢台市', 99, 0),
(961, 960, '桥东区', 99, 0),
(962, 960, '桥西区', 99, 0),
(963, 960, '邢台县', 99, 0),
(964, 960, '临城县', 99, 0),
(965, 960, '内丘县', 99, 0),
(966, 960, '柏乡县', 99, 0),
(967, 960, '隆尧县', 99, 0),
(968, 960, '任县', 99, 0),
(969, 960, '南和县', 99, 0),
(970, 960, '宁晋县', 99, 0),
(971, 960, '巨鹿县', 99, 0),
(972, 960, '新河县', 99, 0),
(973, 960, '广宗县', 99, 0),
(974, 960, '平乡县', 99, 0),
(975, 960, '威县', 99, 0),
(976, 960, '清河县', 99, 0),
(977, 960, '临西县', 99, 0),
(978, 960, '南宫市', 99, 0),
(979, 960, '沙河市', 99, 0),
(980, 814, '张家口市', 99, 0),
(981, 980, '桥东区', 99, 0),
(982, 980, '桥西区', 99, 0),
(983, 980, '宣化区', 99, 0),
(984, 980, '下花园区', 99, 0),
(985, 980, '宣化县', 99, 0),
(986, 980, '张北县', 99, 0),
(987, 980, '康保县', 99, 0),
(988, 980, '沽源县', 99, 0),
(989, 980, '尚义县', 99, 0),
(990, 980, '蔚县', 99, 0),
(991, 980, '阳原县', 99, 0),
(992, 980, '怀安县', 99, 0),
(993, 980, '万全县', 99, 0),
(994, 980, '怀来县', 99, 0),
(995, 980, '涿鹿县', 99, 0),
(996, 980, '赤城县', 99, 0),
(997, 980, '崇礼县', 99, 0),
(998, 0, '河南', 99, 3),
(999, 998, '郑州市', 99, 0),
(1000, 999, '中原区', 99, 0),
(1001, 999, '二七区', 99, 0),
(1002, 999, '管城回族区', 99, 0),
(1003, 999, '金水区', 99, 0),
(1004, 999, '上街区', 99, 0),
(1005, 999, '邙山区', 99, 0),
(1006, 999, '中牟县', 99, 0),
(1007, 999, '巩义市', 99, 0),
(1008, 999, '荥阳市', 99, 0),
(1009, 999, '新密市', 99, 0),
(1010, 999, '新郑市', 99, 0),
(1011, 999, '登封市', 99, 0),
(1012, 998, '安阳市', 99, 0),
(1013, 1012, '文峰区', 99, 0),
(1014, 1012, '北关区', 99, 0),
(1015, 1012, '殷都区', 99, 0),
(1016, 1012, '龙安区', 99, 0),
(1017, 1012, '安阳县', 99, 0),
(1018, 1012, '汤阴县', 99, 0),
(1019, 1012, '滑县', 99, 0),
(1020, 1012, '内黄县', 99, 0),
(1021, 1012, '林州市', 99, 0),
(1022, 998, '鹤壁市', 99, 0),
(1023, 1022, '鹤山区', 99, 0),
(1024, 1022, '山城区', 99, 0),
(1025, 1022, '淇滨区', 99, 0),
(1026, 1022, '浚县', 99, 0),
(1027, 1022, '淇县', 99, 0),
(1028, 998, '济源市', 99, 0),
(1029, 998, '焦作市', 99, 0),
(1030, 1029, '解放区', 99, 0),
(1031, 1029, '中站区', 99, 0),
(1032, 1029, '马村区', 99, 0),
(1033, 1029, '山阳区', 99, 0),
(1034, 1029, '修武县', 99, 0),
(1035, 1029, '博爱县', 99, 0),
(1036, 1029, '武陟县', 99, 0),
(1037, 1029, '温县', 99, 0),
(1038, 1029, '济源市', 99, 0),
(1039, 1029, '沁阳市', 99, 0),
(1040, 1029, '孟州市', 99, 0),
(1041, 998, '开封市', 99, 0),
(1042, 1041, '龙亭区', 99, 0),
(1043, 1041, '顺河回族区', 99, 0),
(1044, 1041, '鼓楼区', 99, 0),
(1045, 1041, '南关区', 99, 0),
(1046, 1041, '郊区', 99, 0),
(1047, 1041, '杞县', 99, 0),
(1048, 1041, '通许县', 99, 0),
(1049, 1041, '尉氏县', 99, 0),
(1050, 1041, '开封县', 99, 0),
(1051, 1041, '兰考县', 99, 0),
(1052, 998, '洛阳市', 99, 0),
(1053, 1052, '老城区', 99, 0),
(1054, 1052, '西工区', 99, 0),
(1055, 1052, '廛河回族区', 99, 0),
(1056, 1052, '涧西区', 99, 0),
(1057, 1052, '吉利区', 99, 0),
(1058, 1052, '洛龙区', 99, 0),
(1059, 1052, '孟津县', 99, 0),
(1060, 1052, '新安县', 99, 0),
(1061, 1052, '栾川县', 99, 0),
(1062, 1052, '嵩县', 99, 0),
(1063, 1052, '汝阳县', 99, 0),
(1064, 1052, '宜阳县', 99, 0),
(1065, 1052, '洛宁县', 99, 0),
(1066, 1052, '伊川县', 99, 0),
(1067, 1052, '偃师市', 99, 0),
(1068, 998, '漯河市', 99, 0),
(1069, 1068, '源汇区', 99, 0),
(1070, 1068, '郾城区', 99, 0),
(1071, 1068, '召陵区', 99, 0),
(1072, 1068, '舞阳县', 99, 0),
(1073, 1068, '临颍县', 99, 0),
(1074, 998, '南阳市', 99, 0),
(1075, 1074, '宛城区', 99, 0),
(1076, 1074, '卧龙区', 99, 0),
(1077, 1074, '南召县', 99, 0),
(1078, 1074, '方城县', 99, 0),
(1079, 1074, '西峡县', 99, 0),
(1080, 1074, '镇平县', 99, 0),
(1081, 1074, '内乡县', 99, 0),
(1082, 1074, '淅川县', 99, 0),
(1083, 1074, '社旗县', 99, 0),
(1084, 1074, '唐河县', 99, 0),
(1085, 1074, '新野县', 99, 0),
(1086, 1074, '桐柏县', 99, 0),
(1087, 1074, '邓州市', 99, 0),
(1088, 998, '平顶山市', 99, 0),
(1089, 1088, '新华区', 99, 0),
(1090, 1088, '卫东区', 99, 0),
(1091, 1088, '石龙区', 99, 0),
(1092, 1088, '湛河区', 99, 0),
(1093, 1088, '宝丰县', 99, 0),
(1094, 1088, '叶县', 99, 0),
(1095, 1088, '鲁山县', 99, 0),
(1096, 1088, '郏县', 99, 0),
(1097, 1088, '舞钢市', 99, 0),
(1098, 1088, '汝州市', 99, 0),
(1099, 998, '濮阳市', 99, 0),
(1100, 1099, '华龙区', 99, 0),
(1101, 1099, '清丰县', 99, 0),
(1102, 1099, '南乐县', 99, 0),
(1103, 1099, '范县', 99, 0),
(1104, 1099, '台前县', 99, 0),
(1105, 1099, '濮阳县', 99, 0),
(1106, 998, '三门峡市', 99, 0),
(1107, 1106, '湖滨区', 99, 0),
(1108, 1106, '渑池县', 99, 0),
(1109, 1106, '陕县', 99, 0),
(1110, 1106, '卢氏县', 99, 0),
(1111, 1106, '义马市', 99, 0),
(1112, 1106, '灵宝市', 99, 0),
(1113, 998, '商丘市', 99, 0),
(1114, 1113, '梁园区', 99, 0),
(1115, 1113, '睢阳区', 99, 0),
(1116, 1113, '民权县', 99, 0),
(1117, 1113, '睢县', 99, 0),
(1118, 1113, '宁陵县', 99, 0),
(1119, 1113, '柘城县', 99, 0),
(1120, 1113, '虞城县', 99, 0),
(1121, 1113, '夏邑县', 99, 0),
(1122, 1113, '永城市', 99, 0),
(1123, 998, '新乡市', 99, 0),
(1124, 1123, '红旗区', 99, 0),
(1125, 1123, '卫滨区', 99, 0),
(1126, 1123, '凤泉区', 99, 0),
(1127, 1123, '牧野区', 99, 0),
(1128, 1123, '新乡县', 99, 0),
(1129, 1123, '获嘉县', 99, 0),
(1130, 1123, '原阳县', 99, 0),
(1131, 1123, '延津县', 99, 0),
(1132, 1123, '封丘县', 99, 0),
(1133, 1123, '长垣县', 99, 0),
(1134, 1123, '卫辉市', 99, 0),
(1135, 1123, '辉县市', 99, 0),
(1136, 998, '信阳市', 99, 0),
(1137, 1136, '师河区', 99, 0),
(1138, 1136, '平桥区', 99, 0),
(1139, 1136, '罗山县', 99, 0),
(1140, 1136, '光山县', 99, 0),
(1141, 1136, '新县', 99, 0),
(1142, 1136, '商城县', 99, 0),
(1143, 1136, '固始县', 99, 0),
(1144, 1136, '潢川县', 99, 0),
(1145, 1136, '淮滨县', 99, 0),
(1146, 1136, '息县', 99, 0),
(1147, 998, '许昌市', 99, 0),
(1148, 1147, '魏都区', 99, 0),
(1149, 1147, '许昌县', 99, 0),
(1150, 1147, '鄢陵县', 99, 0),
(1151, 1147, '襄城县', 99, 0),
(1152, 1147, '禹州市', 99, 0),
(1153, 1147, '长葛市', 99, 0),
(1154, 998, '周口市', 99, 0),
(1155, 1154, '川汇区', 99, 0),
(1156, 1154, '扶沟县', 99, 0),
(1157, 1154, '西华县', 99, 0),
(1158, 1154, '商水县', 99, 0),
(1159, 1154, '沈丘县', 99, 0),
(1160, 1154, '郸城县', 99, 0),
(1161, 1154, '淮阳县', 99, 0),
(1162, 1154, '太康县', 99, 0),
(1163, 1154, '鹿邑县', 99, 0),
(1164, 1154, '项城市', 99, 0),
(1165, 998, '驻马店市', 99, 0),
(1166, 1165, '驿城区', 99, 0),
(1167, 1165, '西平县', 99, 0),
(1168, 1165, '上蔡县', 99, 0),
(1169, 1165, '平舆县', 99, 0),
(1170, 1165, '正阳县', 99, 0),
(1171, 1165, '确山县', 99, 0),
(1172, 1165, '泌阳县', 99, 0),
(1173, 1165, '汝南县', 99, 0),
(1174, 1165, '遂平县', 99, 0),
(1175, 1165, '新蔡县', 99, 0),
(1176, 0, '黑龙江', 99, 5),
(1177, 1176, '哈尔滨市', 99, 0),
(1178, 1177, '道里区', 99, 0),
(1179, 1177, '南岗区', 99, 0),
(1180, 1177, '道外区', 99, 0),
(1181, 1177, '香坊区', 99, 0),
(1182, 1177, '动力区', 99, 0),
(1183, 1177, '平房区', 99, 0),
(1184, 1177, '松北区', 99, 0),
(1185, 1177, '呼兰区', 99, 0),
(1186, 1177, '依兰县', 99, 0),
(1187, 1177, '方正县', 99, 0),
(1188, 1177, '宾县', 99, 0),
(1189, 1177, '巴彦县', 99, 0),
(1190, 1177, '木兰县', 99, 0),
(1191, 1177, '通河县', 99, 0),
(1192, 1177, '延寿县', 99, 0),
(1193, 1177, '阿城市', 99, 0),
(1194, 1177, '双城市', 99, 0),
(1195, 1177, '尚志市', 99, 0),
(1196, 1177, '五常市', 99, 0),
(1197, 1176, '大庆市', 99, 0),
(1198, 1197, '萨尔图区', 99, 0),
(1199, 1197, '龙凤区', 99, 0),
(1200, 1197, '让胡路区', 99, 0),
(1201, 1197, '红岗区', 99, 0),
(1202, 1197, '大同区', 99, 0),
(1203, 1197, '肇州县', 99, 0),
(1204, 1197, '肇源县', 99, 0),
(1205, 1197, '林甸县', 99, 0),
(1206, 1197, '杜尔伯特蒙古族自治县', 99, 0),
(1207, 1176, '大兴安岭地区', 99, 0),
(1208, 1207, '呼玛县', 99, 0),
(1209, 1207, '塔河县', 99, 0),
(1210, 1207, '漠河县', 99, 0),
(1211, 1176, '鹤岗市', 99, 0),
(1212, 1211, '向阳区', 99, 0),
(1213, 1211, '工农区', 99, 0),
(1214, 1211, '南山区', 99, 0),
(1215, 1211, '兴安区', 99, 0),
(1216, 1211, '东山区', 99, 0),
(1217, 1211, '兴山区', 99, 0),
(1218, 1211, '萝北县', 99, 0),
(1219, 1211, '绥滨县', 99, 0),
(1220, 1176, '黑河市', 99, 0),
(1221, 1220, '爱辉区', 99, 0),
(1222, 1220, '嫩江县', 99, 0),
(1223, 1220, '逊克县', 99, 0),
(1224, 1220, '孙吴县', 99, 0),
(1225, 1220, '北安市', 99, 0),
(1226, 1220, '五大连池市', 99, 0),
(1227, 1176, '鸡西市', 99, 0),
(1228, 1227, '鸡冠区', 99, 0),
(1229, 1227, '恒山区', 99, 0),
(1230, 1227, '滴道区', 99, 0),
(1231, 1227, '梨树区', 99, 0),
(1232, 1227, '城子河区', 99, 0),
(1233, 1227, '麻山区', 99, 0),
(1234, 1227, '鸡东县', 99, 0),
(1235, 1227, '虎林市', 99, 0),
(1236, 1227, '密山市', 99, 0),
(1237, 1176, '佳木斯市', 99, 0),
(1238, 1237, '永红区', 99, 0),
(1239, 1237, '向阳区', 99, 0),
(1240, 1237, '前进区', 99, 0),
(1241, 1237, '东风区', 99, 0),
(1242, 1237, '郊区', 99, 0),
(1243, 1237, '桦南县', 99, 0),
(1244, 1237, '桦川县', 99, 0),
(1245, 1237, '汤原县', 99, 0),
(1246, 1237, '抚远县', 99, 0),
(1247, 1237, '同江市', 99, 0),
(1248, 1237, '富锦市', 99, 0),
(1249, 1176, '牡丹江市', 99, 0),
(1250, 1249, '东安区', 99, 0),
(1251, 1249, '阳明区', 99, 0),
(1252, 1249, '爱民区', 99, 0),
(1253, 1249, '西安区', 99, 0),
(1254, 1249, '东宁县', 99, 0),
(1255, 1249, '林口县', 99, 0),
(1256, 1249, '绥芬河市', 99, 0),
(1257, 1249, '海林市', 99, 0),
(1258, 1249, '宁安市', 99, 0),
(1259, 1249, '穆棱市', 99, 0),
(1260, 1176, '七台河市', 99, 0),
(1261, 1260, '新兴区', 99, 0),
(1262, 1260, '桃山区', 99, 0),
(1263, 1260, '茄子河区', 99, 0),
(1264, 1260, '勃利县', 99, 0),
(1265, 1176, '齐齐哈尔市', 99, 0),
(1266, 1265, '龙沙区', 99, 0),
(1267, 1265, '建华区', 99, 0),
(1268, 1265, '铁锋区', 99, 0),
(1269, 1265, '昂昂溪区', 99, 0),
(1270, 1265, '富拉尔基区', 99, 0),
(1271, 1265, '碾子山区', 99, 0),
(1272, 1265, '梅里斯达斡尔族区', 99, 0),
(1273, 1265, '龙江县', 99, 0),
(1274, 1265, '依安县', 99, 0),
(1275, 1265, '泰来县', 99, 0),
(1276, 1265, '甘南县', 99, 0),
(1277, 1265, '富裕县', 99, 0),
(1278, 1265, '克山县', 99, 0),
(1279, 1265, '克东县', 99, 0),
(1280, 1265, '拜泉县', 99, 0),
(1281, 1265, '讷河市', 99, 0),
(1282, 1176, '双鸭山市', 99, 0),
(1283, 1282, '尖山区', 99, 0),
(1284, 1282, '岭东区', 99, 0),
(1285, 1282, '四方台区', 99, 0),
(1286, 1282, '宝山区', 99, 0),
(1287, 1282, '集贤县', 99, 0),
(1288, 1282, '友谊县', 99, 0),
(1289, 1282, '宝清县', 99, 0),
(1290, 1282, '饶河县', 99, 0),
(1291, 1176, '绥化市', 99, 0),
(1292, 1291, '北林区', 99, 0),
(1293, 1291, '望奎县', 99, 0),
(1294, 1291, '兰西县', 99, 0),
(1295, 1291, '青冈县', 99, 0),
(1296, 1291, '庆安县', 99, 0),
(1297, 1291, '明水县', 99, 0),
(1298, 1291, '绥棱县', 99, 0),
(1299, 1291, '安达市', 99, 0),
(1300, 1291, '肇东市', 99, 0),
(1301, 1291, '海伦市', 99, 0),
(1302, 1176, '伊春市', 99, 0),
(1303, 1302, '伊春区', 99, 0),
(1304, 1302, '南岔区', 99, 0),
(1305, 1302, '友好区', 99, 0),
(1306, 1302, '西林区', 99, 0),
(1307, 1302, '翠峦区', 99, 0),
(1308, 1302, '新青区', 99, 0),
(1309, 1302, '美溪区', 99, 0),
(1310, 1302, '金山屯区', 99, 0),
(1311, 1302, '五营区', 99, 0),
(1312, 1302, '乌马河区', 99, 0),
(1313, 1302, '汤旺河区', 99, 0),
(1314, 1302, '带岭区', 99, 0),
(1315, 1302, '乌伊岭区', 99, 0),
(1316, 1302, '红星区', 99, 0),
(1317, 1302, '上甘岭区', 99, 0),
(1318, 1302, '嘉荫县', 99, 0),
(1319, 1302, '铁力市', 99, 0),
(1320, 0, '湖北', 99, 3),
(1321, 1320, '武汉市', 99, 0),
(1322, 1321, '江岸区', 99, 0),
(1323, 1321, '江汉区', 99, 0),
(1324, 1321, '乔口区', 99, 0),
(1325, 1321, '汉阳区', 99, 0),
(1326, 1321, '武昌区', 99, 0),
(1327, 1321, '青山区', 99, 0),
(1328, 1321, '洪山区', 99, 0),
(1329, 1321, '东西湖区', 99, 0),
(1330, 1321, '汉南区', 99, 0),
(1331, 1321, '蔡甸区', 99, 0),
(1332, 1321, '江夏区', 99, 0),
(1333, 1321, '黄陂区', 99, 0),
(1334, 1321, '新洲区', 99, 0),
(1335, 1320, '鄂州市', 99, 0),
(1336, 1335, '梁子湖区', 99, 0),
(1337, 1335, '华容区', 99, 0),
(1338, 1335, '鄂城区', 99, 0),
(1339, 1320, '恩施土家族苗族自治州', 99, 0),
(1340, 1339, '恩施市', 99, 0),
(1341, 1339, '利川市', 99, 0),
(1342, 1339, '建始县', 99, 0),
(1343, 1339, '巴东县', 99, 0),
(1344, 1339, '宣恩县', 99, 0),
(1345, 1339, '咸丰县', 99, 0),
(1346, 1339, '来凤县', 99, 0),
(1347, 1339, '鹤峰县', 99, 0),
(1348, 1320, '黄冈市', 99, 0),
(1349, 1348, '黄州区', 99, 0),
(1350, 1348, '团风县', 99, 0),
(1351, 1348, '红安县', 99, 0),
(1352, 1348, '罗田县', 99, 0),
(1353, 1348, '英山县', 99, 0),
(1354, 1348, '浠水县', 99, 0),
(1355, 1348, '蕲春县', 99, 0),
(1356, 1348, '黄梅县', 99, 0),
(1357, 1348, '麻城市', 99, 0),
(1358, 1348, '武穴市', 99, 0),
(1359, 1320, '黄石市', 99, 0),
(1360, 1359, '黄石港区', 99, 0),
(1361, 1359, '西塞山区', 99, 0),
(1362, 1359, '下陆区', 99, 0),
(1363, 1359, '铁山区', 99, 0),
(1364, 1359, '阳新县', 99, 0),
(1365, 1359, '大冶市', 99, 0),
(1366, 1320, '荆门市', 99, 0),
(1367, 1366, '东宝区', 99, 0),
(1368, 1366, '掇刀区', 99, 0),
(1369, 1366, '京山县', 99, 0),
(1370, 1366, '沙洋县', 99, 0),
(1371, 1366, '钟祥市', 99, 0),
(1372, 1320, '荆州市', 99, 0),
(1373, 1372, '沙市区', 99, 0),
(1374, 1372, '荆州区', 99, 0),
(1375, 1372, '公安县', 99, 0),
(1376, 1372, '监利县', 99, 0),
(1377, 1372, '江陵县', 99, 0),
(1378, 1372, '石首市', 99, 0),
(1379, 1372, '洪湖市', 99, 0),
(1380, 1372, '松滋市', 99, 0),
(1381, 1320, '潜江市', 99, 0),
(1382, 1320, '神农架林区', 99, 0),
(1383, 1320, '十堰市', 99, 0),
(1384, 1383, '茅箭区', 99, 0),
(1385, 1383, '张湾区', 99, 0),
(1386, 1383, '郧县', 99, 0),
(1387, 1383, '郧西县', 99, 0),
(1388, 1383, '竹山县', 99, 0),
(1389, 1383, '竹溪县', 99, 0),
(1390, 1383, '房县', 99, 0),
(1391, 1383, '丹江口市', 99, 0),
(1392, 1320, '随州市', 99, 0),
(1393, 1392, '曾都区', 99, 0),
(1394, 1392, '广水市', 99, 0),
(1395, 1320, '天门市', 99, 0),
(1396, 1320, '仙桃市', 99, 0),
(1397, 1320, '咸宁市', 99, 0),
(1398, 1397, '咸安区', 99, 0),
(1399, 1397, '嘉鱼县', 99, 0),
(1400, 1397, '通城县', 99, 0),
(1401, 1397, '崇阳县', 99, 0),
(1402, 1397, '通山县', 99, 0),
(1403, 1397, '赤壁市', 99, 0),
(1404, 1320, '襄樊市', 99, 0),
(1405, 1404, '襄城区', 99, 0),
(1406, 1404, '樊城区', 99, 0),
(1407, 1404, '襄阳区', 99, 0),
(1408, 1404, '南漳县', 99, 0),
(1409, 1404, '谷城县', 99, 0),
(1410, 1404, '保康县', 99, 0),
(1411, 1404, '老河口市', 99, 0),
(1412, 1404, '枣阳市', 99, 0),
(1413, 1404, '宜城市', 99, 0),
(1414, 1320, '孝感市', 99, 0),
(1415, 1414, '孝南区', 99, 0),
(1416, 1414, '孝昌县', 99, 0),
(1417, 1414, '大悟县', 99, 0),
(1418, 1414, '云梦县', 99, 0),
(1419, 1414, '应城市', 99, 0),
(1420, 1414, '安陆市', 99, 0),
(1421, 1414, '汉川市', 99, 0),
(1422, 1320, '宜昌市', 99, 0),
(1423, 1422, '西陵区', 99, 0),
(1424, 1422, '伍家岗区', 99, 0),
(1425, 1422, '点军区', 99, 0),
(1426, 1422, '猇亭区', 99, 0),
(1427, 1422, '夷陵区', 99, 0),
(1428, 1422, '远安县', 99, 0),
(1429, 1422, '兴山县', 99, 0),
(1430, 1422, '秭归县', 99, 0),
(1431, 1422, '长阳土家族自治县', 99, 0),
(1432, 1422, '五峰土家族自治县', 99, 0),
(1433, 1422, '宜都市', 99, 0),
(1434, 1422, '当阳市', 99, 0),
(1435, 1422, '枝江市', 99, 0),
(1436, 0, '湖南', 99, 3),
(1437, 1436, '长沙市', 99, 0),
(1438, 1437, '芙蓉区', 99, 0),
(1439, 1437, '天心区', 99, 0),
(1440, 1437, '岳麓区', 99, 0),
(1441, 1437, '开福区', 99, 0),
(1442, 1437, '雨花区', 99, 0),
(1443, 1437, '长沙县', 99, 0),
(1444, 1437, '望城县', 99, 0),
(1445, 1437, '宁乡县', 99, 0),
(1446, 1437, '浏阳市', 99, 0),
(1447, 1436, '常德市', 99, 0),
(1448, 1447, '武陵区', 99, 0),
(1449, 1447, '鼎城区', 99, 0),
(1450, 1447, '安乡县', 99, 0),
(1451, 1447, '汉寿县', 99, 0),
(1452, 1447, '澧县', 99, 0),
(1453, 1447, '临澧县', 99, 0),
(1454, 1447, '桃源县', 99, 0),
(1455, 1447, '石门县', 99, 0),
(1456, 1447, '津市市', 99, 0),
(1457, 1436, '郴州市', 99, 0),
(1458, 1457, '北湖区', 99, 0),
(1459, 1457, '苏仙区', 99, 0),
(1460, 1457, '桂阳县', 99, 0),
(1461, 1457, '宜章县', 99, 0),
(1462, 1457, '永兴县', 99, 0),
(1463, 1457, '嘉禾县', 99, 0),
(1464, 1457, '临武县', 99, 0),
(1465, 1457, '汝城县', 99, 0),
(1466, 1457, '桂东县', 99, 0),
(1467, 1457, '安仁县', 99, 0),
(1468, 1457, '资兴市', 99, 0),
(1469, 1436, '衡阳市', 99, 0),
(1470, 1469, '珠晖区', 99, 0),
(1471, 1469, '雁峰区', 99, 0),
(1472, 1469, '石鼓区', 99, 0),
(1473, 1469, '蒸湘区', 99, 0),
(1474, 1469, '南岳区', 99, 0),
(1475, 1469, '衡阳县', 99, 0),
(1476, 1469, '衡南县', 99, 0),
(1477, 1469, '衡山县', 99, 0),
(1478, 1469, '衡东县', 99, 0),
(1479, 1469, '祁东县', 99, 0),
(1480, 1469, '耒阳市', 99, 0),
(1481, 1469, '常宁市', 99, 0),
(1482, 1436, '怀化市', 99, 0),
(1483, 1482, '鹤城区', 99, 0),
(1484, 1482, '中方县', 99, 0),
(1485, 1482, '沅陵县', 99, 0),
(1486, 1482, '辰溪县', 99, 0),
(1487, 1482, '溆浦县', 99, 0),
(1488, 1482, '会同县', 99, 0),
(1489, 1482, '麻阳苗族自治县', 99, 0),
(1490, 1482, '新晃侗族自治县', 99, 0),
(1491, 1482, '芷江侗族自治县', 99, 0),
(1492, 1482, '靖州苗族侗族自治县', 99, 0),
(1493, 1482, '通道侗族自治县', 99, 0),
(1494, 1482, '洪江市', 99, 0),
(1495, 1436, '娄底市', 99, 0),
(1496, 1495, '娄星区', 99, 0),
(1497, 1495, '双峰县', 99, 0),
(1498, 1495, '新化县', 99, 0),
(1499, 1495, '冷水江市', 99, 0),
(1500, 1495, '涟源市', 99, 0),
(1501, 1436, '邵阳市', 99, 0),
(1502, 1501, '双清区', 99, 0),
(1503, 1501, '大祥区', 99, 0),
(1504, 1501, '北塔区', 99, 0),
(1505, 1501, '邵东县', 99, 0),
(1506, 1501, '新邵县', 99, 0),
(1507, 1501, '邵阳县', 99, 0),
(1508, 1501, '隆回县', 99, 0),
(1509, 1501, '洞口县', 99, 0),
(1510, 1501, '绥宁县', 99, 0),
(1511, 1501, '新宁县', 99, 0),
(1512, 1501, '城步苗族自治县', 99, 0),
(1513, 1501, '武冈市', 99, 0),
(1514, 1436, '湘潭市', 99, 0),
(1515, 1514, '雨湖区', 99, 0),
(1516, 1514, '岳塘区', 99, 0),
(1517, 1514, '湘潭县', 99, 0),
(1518, 1514, '湘乡市', 99, 0),
(1519, 1514, '韶山市', 99, 0),
(1520, 1436, '湘西土家族苗族自治州', 99, 0),
(1521, 1520, '吉首市', 99, 0),
(1522, 1520, '泸溪县', 99, 0),
(1523, 1520, '凤凰县', 99, 0),
(1524, 1520, '花垣县', 99, 0),
(1525, 1520, '保靖县', 99, 0),
(1526, 1520, '古丈县', 99, 0),
(1527, 1520, '永顺县', 99, 0),
(1528, 1520, '龙山县', 99, 0),
(1529, 1436, '益阳市', 99, 0),
(1530, 1529, '资阳区', 99, 0),
(1531, 1529, '赫山区', 99, 0),
(1532, 1529, '南县', 99, 0),
(1533, 1529, '桃江县', 99, 0),
(1534, 1529, '安化县', 99, 0),
(1535, 1529, '沅江市', 99, 0),
(1536, 1436, '永州市', 99, 0),
(1537, 1536, '芝山区', 99, 0),
(1538, 1536, '冷水滩区', 99, 0),
(1539, 1536, '祁阳县', 99, 0),
(1540, 1536, '东安县', 99, 0),
(1541, 1536, '双牌县', 99, 0),
(1542, 1536, '道县', 99, 0),
(1543, 1536, '江永县', 99, 0),
(1544, 1536, '宁远县', 99, 0),
(1545, 1536, '蓝山县', 99, 0),
(1546, 1536, '新田县', 99, 0),
(1547, 1536, '江华瑶族自治县', 99, 0),
(1548, 1436, '岳阳市', 99, 0),
(1549, 1548, '岳阳楼区', 99, 0),
(1550, 1548, '云溪区', 99, 0),
(1551, 1548, '君山区', 99, 0),
(1552, 1548, '岳阳县', 99, 0),
(1553, 1548, '华容县', 99, 0),
(1554, 1548, '湘阴县', 99, 0),
(1555, 1548, '平江县', 99, 0),
(1556, 1548, '汨罗市', 99, 0),
(1557, 1548, '临湘市', 99, 0),
(1558, 1436, '张家界市', 99, 0),
(1559, 1558, '永定区', 99, 0),
(1560, 1558, '武陵源区', 99, 0),
(1561, 1558, '慈利县', 99, 0),
(1562, 1558, '桑植县', 99, 0),
(1563, 1436, '株洲市', 99, 0),
(1564, 1563, '荷塘区', 99, 0),
(1565, 1563, '芦淞区', 99, 0),
(1566, 1563, '石峰区', 99, 0),
(1567, 1563, '天元区', 99, 0),
(1568, 1563, '株洲县', 99, 0),
(1569, 1563, '攸县', 99, 0),
(1570, 1563, '茶陵县', 99, 0),
(1571, 1563, '炎陵县', 99, 0),
(1572, 1563, '醴陵市', 99, 0),
(1573, 0, '吉林', 99, 5),
(1574, 1573, '长春市', 99, 0),
(1575, 1574, '南关区', 99, 0),
(1576, 1574, '宽城区', 99, 0),
(1577, 1574, '朝阳区', 99, 0),
(1578, 1574, '二道区', 99, 0),
(1579, 1574, '绿园区', 99, 0),
(1580, 1574, '双阳区', 99, 0),
(1581, 1574, '农安县', 99, 0),
(1582, 1574, '九台市', 99, 0),
(1583, 1574, '榆树市', 99, 0),
(1584, 1574, '德惠市', 99, 0),
(1585, 1573, '白城市', 99, 0),
(1586, 1585, '洮北区', 99, 0),
(1587, 1585, '镇赉县', 99, 0),
(1588, 1585, '通榆县', 99, 0),
(1589, 1585, '洮南市', 99, 0),
(1590, 1585, '大安市', 99, 0),
(1591, 1573, '白山市', 99, 0),
(1592, 1591, '八道江区', 99, 0),
(1593, 1591, '抚松县', 99, 0),
(1594, 1591, '靖宇县', 99, 0),
(1595, 1591, '长白朝鲜族自治县', 99, 0),
(1596, 1591, '江源县', 99, 0);
INSERT INTO `db_areas` (`id`, `parent_id`, `name`, `listorder`, `cache`) VALUES
(1597, 1591, '临江市', 99, 0),
(1598, 1573, '吉林市', 99, 0),
(1599, 1598, '昌邑区', 99, 0),
(1600, 1598, '龙潭区', 99, 0),
(1601, 1598, '船营区', 99, 0),
(1602, 1598, '丰满区', 99, 0),
(1603, 1598, '永吉县', 99, 0),
(1604, 1598, '蛟河市', 99, 0),
(1605, 1598, '桦甸市', 99, 0),
(1606, 1598, '舒兰市', 99, 0),
(1607, 1598, '磐石市', 99, 0),
(1608, 1573, '辽源市', 99, 0),
(1609, 1608, '龙山区', 99, 0),
(1610, 1608, '西安区', 99, 0),
(1611, 1608, '东丰县', 99, 0),
(1612, 1608, '东辽县', 99, 0),
(1613, 1573, '四平市', 99, 0),
(1614, 1613, '铁西区', 99, 0),
(1615, 1613, '铁东区', 99, 0),
(1616, 1613, '梨树县', 99, 0),
(1617, 1613, '伊通满族自治县', 99, 0),
(1618, 1613, '公主岭市', 99, 0),
(1619, 1613, '双辽市', 99, 0),
(1620, 1573, '松原市', 99, 0),
(1621, 1620, '宁江区', 99, 0),
(1622, 1620, '前郭尔罗斯蒙古族自治县', 99, 0),
(1623, 1620, '长岭县', 99, 0),
(1624, 1620, '乾安县', 99, 0),
(1625, 1620, '扶余县', 99, 0),
(1626, 1573, '通化市', 99, 0),
(1627, 1626, '东昌区', 99, 0),
(1628, 1626, '二道江区', 99, 0),
(1629, 1626, '通化县', 99, 0),
(1630, 1626, '辉南县', 99, 0),
(1631, 1626, '柳河县', 99, 0),
(1632, 1626, '梅河口市', 99, 0),
(1633, 1626, '集安市', 99, 0),
(1634, 1573, '延边朝鲜族自治州', 99, 0),
(1635, 1634, '延吉市', 99, 0),
(1636, 1634, '图们市', 99, 0),
(1637, 1634, '敦化市', 99, 0),
(1638, 1634, '珲春市', 99, 0),
(1639, 1634, '龙井市', 99, 0),
(1640, 1634, '和龙市', 99, 0),
(1641, 1634, '汪清县', 99, 0),
(1642, 1634, '安图县', 99, 0),
(1643, 0, '江苏', 99, 1),
(1644, 1643, '南京市', 99, 0),
(1645, 1644, '玄武区', 99, 0),
(1646, 1644, '白下区', 99, 0),
(1647, 1644, '秦淮区', 99, 0),
(1648, 1644, '建邺区', 99, 0),
(1649, 1644, '鼓楼区', 99, 0),
(1650, 1644, '下关区', 99, 0),
(1651, 1644, '浦口区', 99, 0),
(1652, 1644, '栖霞区', 99, 0),
(1653, 1644, '雨花台区', 99, 0),
(1654, 1644, '江宁区', 99, 0),
(1655, 1644, '六合区', 99, 0),
(1656, 1644, '溧水县', 99, 0),
(1657, 1644, '高淳县', 99, 0),
(1658, 1643, '常州市', 99, 0),
(1659, 1658, '天宁区', 99, 0),
(1660, 1658, '钟楼区', 99, 0),
(1661, 1658, '戚墅堰区', 99, 0),
(1662, 1658, '新北区', 99, 0),
(1663, 1658, '武进区', 99, 0),
(1664, 1658, '溧阳市', 99, 0),
(1665, 1658, '金坛市', 99, 0),
(1666, 1643, '淮安市', 99, 0),
(1667, 1666, '清河区', 99, 0),
(1668, 1666, '楚州区', 99, 0),
(1669, 1666, '淮阴区', 99, 0),
(1670, 1666, '清浦区', 99, 0),
(1671, 1666, '涟水县', 99, 0),
(1672, 1666, '洪泽县', 99, 0),
(1673, 1666, '盱眙县', 99, 0),
(1674, 1666, '金湖县', 99, 0),
(1675, 1643, '连云港市', 99, 0),
(1676, 1675, '连云区', 99, 0),
(1677, 1675, '新浦区', 99, 0),
(1678, 1675, '海州区', 99, 0),
(1679, 1675, '赣榆县', 99, 0),
(1680, 1675, '东海县', 99, 0),
(1681, 1675, '灌云县', 99, 0),
(1682, 1675, '灌南县', 99, 0),
(1683, 1643, '南通市', 99, 0),
(1684, 1683, '崇川区', 99, 0),
(1685, 1683, '港闸区', 99, 0),
(1686, 1683, '海安县', 99, 0),
(1687, 1683, '如东县', 99, 0),
(1688, 1683, '启东市', 99, 0),
(1689, 1683, '如皋市', 99, 0),
(1690, 1683, '通州市', 99, 0),
(1691, 1683, '海门市', 99, 0),
(1692, 1643, '苏州市', 99, 0),
(1693, 1692, '沧浪区', 99, 0),
(1694, 1692, '平江区', 99, 0),
(1695, 1692, '金阊区', 99, 0),
(1696, 1692, '虎丘区', 99, 0),
(1697, 1692, '吴中区', 99, 0),
(1698, 1692, '相城区', 99, 0),
(1699, 1692, '常熟市', 99, 0),
(1700, 1692, '张家港市', 99, 0),
(1701, 1692, '昆山市', 99, 0),
(1702, 1692, '吴江市', 99, 0),
(1703, 1692, '太仓市', 99, 0),
(1704, 1643, '宿迁市', 99, 0),
(1705, 1704, '宿城区', 99, 0),
(1706, 1704, '宿豫区', 99, 0),
(1707, 1704, '沭阳县', 99, 0),
(1708, 1704, '泗阳县', 99, 0),
(1709, 1704, '泗洪县', 99, 0),
(1710, 1643, '泰州市', 99, 0),
(1711, 1710, '海陵区', 99, 0),
(1712, 1710, '高港区', 99, 0),
(1713, 1710, '兴化市', 99, 0),
(1714, 1710, '靖江市', 99, 0),
(1715, 1710, '泰兴市', 99, 0),
(1716, 1710, '姜堰市', 99, 0),
(1717, 1643, '无锡市', 99, 0),
(1718, 1717, '崇安区', 99, 0),
(1719, 1717, '南长区', 99, 0),
(1720, 1717, '北塘区', 99, 0),
(1721, 1717, '锡山区', 99, 0),
(1722, 1717, '惠山区', 99, 0),
(1723, 1717, '滨湖区', 99, 0),
(1724, 1717, '江阴市', 99, 0),
(1725, 1717, '宜兴市', 99, 0),
(1726, 1643, '徐州市', 99, 0),
(1727, 1726, '鼓楼区', 99, 0),
(1728, 1726, '云龙区', 99, 0),
(1729, 1726, '九里区', 99, 0),
(1730, 1726, '贾汪区', 99, 0),
(1731, 1726, '泉山区', 99, 0),
(1732, 1726, '丰县', 99, 0),
(1733, 1726, '沛县', 99, 0),
(1734, 1726, '铜山县', 99, 0),
(1735, 1726, '睢宁县', 99, 0),
(1736, 1726, '新沂市', 99, 0),
(1737, 1726, '邳州市', 99, 0),
(1738, 1643, '盐城市', 99, 0),
(1739, 1738, '亭湖区', 99, 0),
(1740, 1738, '盐都区', 99, 0),
(1741, 1738, '响水县', 99, 0),
(1742, 1738, '滨海县', 99, 0),
(1743, 1738, '阜宁县', 99, 0),
(1744, 1738, '射阳县', 99, 0),
(1745, 1738, '建湖县', 99, 0),
(1746, 1738, '东台市', 99, 0),
(1747, 1738, '大丰市', 99, 0),
(1748, 1643, '扬州市', 99, 0),
(1749, 1748, '广陵区', 99, 0),
(1750, 1748, '邗江区', 99, 0),
(1751, 1748, '郊区', 99, 0),
(1752, 1748, '宝应县', 99, 0),
(1753, 1748, '仪征市', 99, 0),
(1754, 1748, '高邮市', 99, 0),
(1755, 1748, '江都市', 99, 0),
(1756, 1643, '镇江市', 99, 0),
(1757, 1756, '京口区', 99, 0),
(1758, 1756, '润州区', 99, 0),
(1759, 1756, '丹徒区', 99, 0),
(1760, 1756, '丹阳市', 99, 0),
(1761, 1756, '扬中市', 99, 0),
(1762, 1756, '句容市', 99, 0),
(1763, 0, '江西', 99, 1),
(1764, 1763, '南昌市', 99, 0),
(1765, 1764, '东湖区', 99, 0),
(1766, 1764, '西湖区', 99, 0),
(1767, 1764, '青云谱区', 99, 0),
(1768, 1764, '湾里区', 99, 0),
(1769, 1764, '青山湖区', 99, 0),
(1770, 1764, '南昌县', 99, 0),
(1771, 1764, '新建县', 99, 0),
(1772, 1764, '安义县', 99, 0),
(1773, 1764, '进贤县', 99, 0),
(1774, 1763, '抚州市', 99, 0),
(1775, 1774, '临川区', 99, 0),
(1776, 1774, '南城县', 99, 0),
(1777, 1774, '黎川县', 99, 0),
(1778, 1774, '南丰县', 99, 0),
(1779, 1774, '崇仁县', 99, 0),
(1780, 1774, '乐安县', 99, 0),
(1781, 1774, '宜黄县', 99, 0),
(1782, 1774, '金溪县', 99, 0),
(1783, 1774, '资溪县', 99, 0),
(1784, 1774, '东乡县', 99, 0),
(1785, 1774, '广昌县', 99, 0),
(1786, 1763, '赣州市', 99, 0),
(1787, 1786, '章贡区', 99, 0),
(1788, 1786, '赣县', 99, 0),
(1789, 1786, '信丰县', 99, 0),
(1790, 1786, '大余县', 99, 0),
(1791, 1786, '上犹县', 99, 0),
(1792, 1786, '崇义县', 99, 0),
(1793, 1786, '安远县', 99, 0),
(1794, 1786, '龙南县', 99, 0),
(1795, 1786, '定南县', 99, 0),
(1796, 1786, '全南县', 99, 0),
(1797, 1786, '宁都县', 99, 0),
(1798, 1786, '于都县', 99, 0),
(1799, 1786, '兴国县', 99, 0),
(1800, 1786, '会昌县', 99, 0),
(1801, 1786, '寻乌县', 99, 0),
(1802, 1786, '石城县', 99, 0),
(1803, 1786, '瑞金市', 99, 0),
(1804, 1786, '南康市', 99, 0),
(1805, 1763, '吉安市', 99, 0),
(1806, 1805, '吉州区', 99, 0),
(1807, 1805, '青原区', 99, 0),
(1808, 1805, '吉安县', 99, 0),
(1809, 1805, '吉水县', 99, 0),
(1810, 1805, '峡江县', 99, 0),
(1811, 1805, '新干县', 99, 0),
(1812, 1805, '永丰县', 99, 0),
(1813, 1805, '泰和县', 99, 0),
(1814, 1805, '遂川县', 99, 0),
(1815, 1805, '万安县', 99, 0),
(1816, 1805, '安福县', 99, 0),
(1817, 1805, '永新县', 99, 0),
(1818, 1805, '井冈山市', 99, 0),
(1819, 1763, '景德镇市', 99, 0),
(1820, 1819, '昌江区', 99, 0),
(1821, 1819, '珠山区', 99, 0),
(1822, 1819, '浮梁县', 99, 0),
(1823, 1819, '乐平市', 99, 0),
(1824, 1763, '九江市', 99, 0),
(1825, 1824, '庐山区', 99, 0),
(1826, 1824, '浔阳区', 99, 0),
(1827, 1824, '九江县', 99, 0),
(1828, 1824, '武宁县', 99, 0),
(1829, 1824, '修水县', 99, 0),
(1830, 1824, '永修县', 99, 0),
(1831, 1824, '德安县', 99, 0),
(1832, 1824, '星子县', 99, 0),
(1833, 1824, '都昌县', 99, 0),
(1834, 1824, '湖口县', 99, 0),
(1835, 1824, '彭泽县', 99, 0),
(1836, 1824, '瑞昌市', 99, 0),
(1837, 1763, '萍乡市', 99, 0),
(1838, 1837, '安源区', 99, 0),
(1839, 1837, '湘东区', 99, 0),
(1840, 1837, '莲花县', 99, 0),
(1841, 1837, '上栗县', 99, 0),
(1842, 1837, '芦溪县', 99, 0),
(1843, 1763, '上饶市', 99, 0),
(1844, 1843, '信州区', 99, 0),
(1845, 1843, '上饶县', 99, 0),
(1846, 1843, '广丰县', 99, 0),
(1847, 1843, '玉山县', 99, 0),
(1848, 1843, '铅山县', 99, 0),
(1849, 1843, '横峰县', 99, 0),
(1850, 1843, '弋阳县', 99, 0),
(1851, 1843, '余干县', 99, 0),
(1852, 1843, '鄱阳县', 99, 0),
(1853, 1843, '万年县', 99, 0),
(1854, 1843, '婺源县', 99, 0),
(1855, 1843, '德兴市', 99, 0),
(1856, 1763, '新余市', 99, 0),
(1857, 1856, '渝水区', 99, 0),
(1858, 1856, '分宜县', 99, 0),
(1859, 1763, '宜春市', 99, 0),
(1860, 1859, '袁州区', 99, 0),
(1861, 1859, '奉新县', 99, 0),
(1862, 1859, '万载县', 99, 0),
(1863, 1859, '上高县', 99, 0),
(1864, 1859, '宜丰县', 99, 0),
(1865, 1859, '靖安县', 99, 0),
(1866, 1859, '铜鼓县', 99, 0),
(1867, 1859, '丰城市', 99, 0),
(1868, 1859, '樟树市', 99, 0),
(1869, 1859, '高安市', 99, 0),
(1870, 1763, '鹰潭市', 99, 0),
(1871, 1870, '月湖区', 99, 0),
(1872, 1870, '余江县', 99, 0),
(1873, 1870, '贵溪市', 99, 0),
(1874, 0, '辽宁', 99, 5),
(1875, 1874, '沈阳市', 99, 0),
(1876, 1875, '和平区', 99, 0),
(1877, 1875, '沈河区', 99, 0),
(1878, 1875, '大东区', 99, 0),
(1879, 1875, '皇姑区', 99, 0),
(1880, 1875, '铁西区', 99, 0),
(1881, 1875, '苏家屯区', 99, 0),
(1882, 1875, '东陵区', 99, 0),
(1883, 1875, '新城子区', 99, 0),
(1884, 1875, '于洪区', 99, 0),
(1885, 1875, '辽中县', 99, 0),
(1886, 1875, '康平县', 99, 0),
(1887, 1875, '法库县', 99, 0),
(1888, 1875, '新民市', 99, 0),
(1889, 1874, '鞍山市', 99, 0),
(1890, 1889, '铁东区', 99, 0),
(1891, 1889, '铁西区', 99, 0),
(1892, 1889, '立山区', 99, 0),
(1893, 1889, '千山区', 99, 0),
(1894, 1889, '台安县', 99, 0),
(1895, 1889, '岫岩满族自治县', 99, 0),
(1896, 1889, '海城市', 99, 0),
(1897, 1874, '本溪市', 99, 0),
(1898, 1897, '平山区', 99, 0),
(1899, 1897, '溪湖区', 99, 0),
(1900, 1897, '明山区', 99, 0),
(1901, 1897, '南芬区', 99, 0),
(1902, 1897, '本溪满族自治县', 99, 0),
(1903, 1897, '桓仁满族自治县', 99, 0),
(1904, 1874, '朝阳市', 99, 0),
(1905, 1904, '双塔区', 99, 0),
(1906, 1904, '龙城区', 99, 0),
(1907, 1904, '朝阳县', 99, 0),
(1908, 1904, '建平县', 99, 0),
(1909, 1904, '喀喇沁左翼蒙古族自治县', 99, 0),
(1910, 1904, '北票市', 99, 0),
(1911, 1904, '凌源市', 99, 0),
(1912, 1874, '大连市', 99, 0),
(1913, 1912, '中山区', 99, 0),
(1914, 1912, '西岗区', 99, 0),
(1915, 1912, '沙河口区', 99, 0),
(1916, 1912, '甘井子区', 99, 0),
(1917, 1912, '旅顺口区', 99, 0),
(1918, 1912, '金州区', 99, 0),
(1919, 1912, '长海县', 99, 0),
(1920, 1912, '瓦房店市', 99, 0),
(1921, 1912, '普兰店市', 99, 0),
(1922, 1912, '庄河市', 99, 0),
(1923, 1874, '丹东市', 99, 0),
(1924, 1923, '元宝区', 99, 0),
(1925, 1923, '振兴区', 99, 0),
(1926, 1923, '振安区', 99, 0),
(1927, 1923, '宽甸满族自治县', 99, 0),
(1928, 1923, '东港市', 99, 0),
(1929, 1923, '凤城市', 99, 0),
(1930, 1874, '抚顺市', 99, 0),
(1931, 1930, '新抚区', 99, 0),
(1932, 1930, '东洲区', 99, 0),
(1933, 1930, '望花区', 99, 0),
(1934, 1930, '顺城区', 99, 0),
(1935, 1930, '抚顺县', 99, 0),
(1936, 1930, '新宾满族自治县', 99, 0),
(1937, 1930, '清原满族自治县', 99, 0),
(1938, 1874, '阜新市', 99, 0),
(1939, 1938, '海州区', 99, 0),
(1940, 1938, '新邱区', 99, 0),
(1941, 1938, '太平区', 99, 0),
(1942, 1938, '清河门区', 99, 0),
(1943, 1938, '细河区', 99, 0),
(1944, 1938, '阜新蒙古族自治县', 99, 0),
(1945, 1938, '彰武县', 99, 0),
(1946, 1874, '葫芦岛市', 99, 0),
(1947, 1946, '连山区', 99, 0),
(1948, 1946, '龙港区', 99, 0),
(1949, 1946, '南票区', 99, 0),
(1950, 1946, '绥中县', 99, 0),
(1951, 1946, '建昌县', 99, 0),
(1952, 1946, '兴城市', 99, 0),
(1953, 1874, '锦州市', 99, 0),
(1954, 1953, '古塔区', 99, 0),
(1955, 1953, '凌河区', 99, 0),
(1956, 1953, '太和区', 99, 0),
(1957, 1953, '黑山县', 99, 0),
(1958, 1953, '义县', 99, 0),
(1959, 1953, '凌海市', 99, 0),
(1960, 1953, '北宁市', 99, 0),
(1961, 1874, '辽阳市', 99, 0),
(1962, 1961, '白塔区', 99, 0),
(1963, 1961, '文圣区', 99, 0),
(1964, 1961, '宏伟区', 99, 0),
(1965, 1961, '弓长岭区', 99, 0),
(1966, 1961, '太子河区', 99, 0),
(1967, 1961, '辽阳县', 99, 0),
(1968, 1961, '灯塔市', 99, 0),
(1969, 1874, '盘锦市', 99, 0),
(1970, 1969, '双台子区', 99, 0),
(1971, 1969, '兴隆台区', 99, 0),
(1972, 1969, '大洼县', 99, 0),
(1973, 1969, '盘山县', 99, 0),
(1974, 1874, '铁岭市', 99, 0),
(1975, 1974, '银州区', 99, 0),
(1976, 1974, '清河区', 99, 0),
(1977, 1974, '铁岭县', 99, 0),
(1978, 1974, '西丰县', 99, 0),
(1979, 1974, '昌图县', 99, 0),
(1980, 1974, '调兵山市', 99, 0),
(1981, 1974, '开原市', 99, 0),
(1982, 1874, '营口市', 99, 0),
(1983, 1982, '站前区', 99, 0),
(1984, 1982, '西市区', 99, 0),
(1985, 1982, '鲅鱼圈区', 99, 0),
(1986, 1982, '老边区', 99, 0),
(1987, 1982, '盖州市', 99, 0),
(1988, 1982, '大石桥市', 99, 0),
(1989, 0, '内蒙古', 99, 2),
(1990, 1989, '呼和浩特市', 99, 0),
(1991, 1990, '新城区', 99, 0),
(1992, 1990, '回民区', 99, 0),
(1993, 1990, '玉泉区', 99, 0),
(1994, 1990, '赛罕区', 99, 0),
(1995, 1990, '土默特左旗', 99, 0),
(1996, 1990, '托克托县', 99, 0),
(1997, 1990, '和林格尔县', 99, 0),
(1998, 1990, '清水河县', 99, 0),
(1999, 1990, '武川县', 99, 0),
(2000, 1989, '阿拉善盟', 99, 0),
(2001, 2000, '阿拉善左旗', 99, 0),
(2002, 2000, '阿拉善右旗', 99, 0),
(2003, 2000, '额济纳旗', 99, 0),
(2004, 1989, '巴彦淖尔市', 99, 0),
(2005, 2004, '临河区', 99, 0),
(2006, 2004, '五原县', 99, 0),
(2007, 2004, '磴口县', 99, 0),
(2008, 2004, '乌拉特前旗', 99, 0),
(2009, 2004, '乌拉特中旗', 99, 0),
(2010, 2004, '乌拉特后旗', 99, 0),
(2011, 2004, '杭锦后旗', 99, 0),
(2012, 1989, '包头市', 99, 0),
(2013, 2012, '东河区', 99, 0),
(2014, 2012, '昆都仑区', 99, 0),
(2015, 2012, '青山区', 99, 0),
(2016, 2012, '石拐区', 99, 0),
(2017, 2012, '白云矿区', 99, 0),
(2018, 2012, '九原区', 99, 0),
(2019, 2012, '土默特右旗', 99, 0),
(2020, 2012, '固阳县', 99, 0),
(2021, 2012, '达尔罕茂明安联合旗', 99, 0),
(2022, 1989, '赤峰市', 99, 0),
(2023, 2022, '红山区', 99, 0),
(2024, 2022, '元宝山区', 99, 0),
(2025, 2022, '松山区', 99, 0),
(2026, 2022, '阿鲁科尔沁旗', 99, 0),
(2027, 2022, '巴林左旗', 99, 0),
(2028, 2022, '巴林右旗', 99, 0),
(2029, 2022, '林西县', 99, 0),
(2030, 2022, '克什克腾旗', 99, 0),
(2031, 2022, '翁牛特旗', 99, 0),
(2032, 2022, '喀喇沁旗', 99, 0),
(2033, 2022, '宁城县', 99, 0),
(2034, 2022, '敖汉旗', 99, 0),
(2035, 1989, '鄂尔多斯市', 99, 0),
(2036, 2035, '东胜区', 99, 0),
(2037, 2035, '达拉特旗', 99, 0),
(2038, 2035, '准格尔旗', 99, 0),
(2039, 2035, '鄂托克前旗', 99, 0),
(2040, 2035, '鄂托克旗', 99, 0),
(2041, 2035, '杭锦旗', 99, 0),
(2042, 2035, '乌审旗', 99, 0),
(2043, 2035, '伊金霍洛旗', 99, 0),
(2044, 1989, '呼伦贝尔市', 99, 0),
(2045, 2044, '海拉尔区', 99, 0),
(2046, 2044, '阿荣旗', 99, 0),
(2047, 2044, '莫力达瓦达斡尔族自治旗', 99, 0),
(2048, 2044, '鄂伦春自治旗', 99, 0),
(2049, 2044, '鄂温克族自治旗', 99, 0),
(2050, 2044, '陈巴尔虎旗', 99, 0),
(2051, 2044, '新巴尔虎左旗', 99, 0),
(2052, 2044, '新巴尔虎右旗', 99, 0),
(2053, 2044, '满洲里市', 99, 0),
(2054, 2044, '牙克石市', 99, 0),
(2055, 2044, '扎兰屯市', 99, 0),
(2056, 2044, '额尔古纳市', 99, 0),
(2057, 2044, '根河市', 99, 0),
(2058, 1989, '通辽市', 99, 0),
(2059, 2058, '科尔沁区', 99, 0),
(2060, 2058, '科尔沁左翼中旗', 99, 0),
(2061, 2058, '科尔沁左翼后旗', 99, 0),
(2062, 2058, '开鲁县', 99, 0),
(2063, 2058, '库伦旗', 99, 0),
(2064, 2058, '奈曼旗', 99, 0),
(2065, 2058, '扎鲁特旗', 99, 0),
(2066, 2058, '霍林郭勒市', 99, 0),
(2067, 1989, '乌海市', 99, 0),
(2068, 2067, '海勃湾区', 99, 0),
(2069, 2067, '海南区', 99, 0),
(2070, 2067, '乌达区', 99, 0),
(2071, 1989, '乌兰察布市', 99, 0),
(2072, 2071, '集宁区', 99, 0),
(2073, 2071, '卓资县', 99, 0),
(2074, 2071, '化德县', 99, 0),
(2075, 2071, '商都县', 99, 0),
(2076, 2071, '兴和县', 99, 0),
(2077, 2071, '凉城县', 99, 0),
(2078, 2071, '察哈尔右翼前旗', 99, 0),
(2079, 2071, '察哈尔右翼中旗', 99, 0),
(2080, 2071, '察哈尔右翼后旗', 99, 0),
(2081, 2071, '四子王旗', 99, 0),
(2082, 2071, '丰镇市', 99, 0),
(2083, 1989, '锡林郭勒盟', 99, 0),
(2084, 2083, '二连浩特市', 99, 0),
(2085, 2083, '锡林浩特市', 99, 0),
(2086, 2083, '阿巴嘎旗', 99, 0),
(2087, 2083, '苏尼特左旗', 99, 0),
(2088, 2083, '苏尼特右旗', 99, 0),
(2089, 2083, '东乌珠穆沁旗', 99, 0),
(2090, 2083, '西乌珠穆沁旗', 99, 0),
(2091, 2083, '太仆寺旗', 99, 0),
(2092, 2083, '镶黄旗', 99, 0),
(2093, 2083, '正镶白旗', 99, 0),
(2094, 2083, '正蓝旗', 99, 0),
(2095, 2083, '多伦县', 99, 0),
(2096, 1989, '兴安盟', 99, 0),
(2097, 2096, '乌兰浩特市', 99, 0),
(2098, 2096, '阿尔山市', 99, 0),
(2099, 2096, '科尔沁右翼前旗', 99, 0),
(2100, 2096, '科尔沁右翼中旗', 99, 0),
(2101, 2096, '扎赉特旗', 99, 0),
(2102, 2096, '突泉县', 99, 0),
(2103, 0, '宁夏', 99, 6),
(2104, 2103, '银川市', 99, 0),
(2105, 2104, '兴庆区', 99, 0),
(2106, 2104, '西夏区', 99, 0),
(2107, 2104, '金凤区', 99, 0),
(2108, 2104, '永宁县', 99, 0),
(2109, 2104, '贺兰县', 99, 0),
(2110, 2104, '灵武市', 99, 0),
(2111, 2103, '固原市', 99, 0),
(2112, 2111, '原州区', 99, 0),
(2113, 2111, '西吉县', 99, 0),
(2114, 2111, '隆德县', 99, 0),
(2115, 2111, '泾源县', 99, 0),
(2116, 2111, '彭阳县', 99, 0),
(2117, 2103, '石嘴山市', 99, 0),
(2118, 2117, '大武口区', 99, 0),
(2119, 2117, '惠农区', 99, 0),
(2120, 2117, '平罗县', 99, 0),
(2121, 2103, '吴忠市', 99, 0),
(2122, 2121, '利通区', 99, 0),
(2123, 2121, '盐池县', 99, 0),
(2124, 2121, '同心县', 99, 0),
(2125, 2121, '青铜峡市', 99, 0),
(2126, 2103, '中卫市', 99, 0),
(2127, 2126, '沙坡头区', 99, 0),
(2128, 2126, '中宁县', 99, 0),
(2129, 2126, '海原县', 99, 0),
(2130, 0, '青海', 99, 6),
(2131, 2130, '西宁市', 99, 0),
(2132, 2131, '城东区', 99, 0),
(2133, 2131, '城中区', 99, 0),
(2134, 2131, '城西区', 99, 0),
(2135, 2131, '城北区', 99, 0),
(2136, 2131, '大通回族土族自治县', 99, 0),
(2137, 2131, '湟中县', 99, 0),
(2138, 2131, '湟源县', 99, 0),
(2139, 2130, '果洛藏族自治州', 99, 0),
(2140, 2139, '玛沁县', 99, 0),
(2141, 2139, '班玛县', 99, 0),
(2142, 2139, '甘德县', 99, 0),
(2143, 2139, '达日县', 99, 0),
(2144, 2139, '久治县', 99, 0),
(2145, 2139, '玛多县', 99, 0),
(2146, 2130, '海北藏族自治州', 99, 0),
(2147, 2146, '门源回族自治县', 99, 0),
(2148, 2146, '祁连县', 99, 0),
(2149, 2146, '海晏县', 99, 0),
(2150, 2146, '刚察县', 99, 0),
(2151, 2130, '海东地区', 99, 0),
(2152, 2151, '平安县', 99, 0),
(2153, 2151, '民和回族土族自治县', 99, 0),
(2154, 2151, '乐都县', 99, 0),
(2155, 2151, '互助土族自治县', 99, 0),
(2156, 2151, '化隆回族自治县', 99, 0),
(2157, 2151, '循化撒拉族自治县', 99, 0),
(2158, 2130, '海南藏族自治州', 99, 0),
(2159, 2158, '共和县', 99, 0),
(2160, 2158, '同德县', 99, 0),
(2161, 2158, '贵德县', 99, 0),
(2162, 2158, '兴海县', 99, 0),
(2163, 2158, '贵南县', 99, 0),
(2164, 2130, '海西蒙古族藏族自治州', 99, 0),
(2165, 2164, '格尔木市', 99, 0),
(2166, 2164, '德令哈市', 99, 0),
(2167, 2164, '乌兰县', 99, 0),
(2168, 2164, '都兰县', 99, 0),
(2169, 2164, '天峻县', 99, 0),
(2170, 2130, '黄南藏族自治州', 99, 0),
(2171, 2170, '同仁县', 99, 0),
(2172, 2170, '尖扎县', 99, 0),
(2173, 2170, '泽库县', 99, 0),
(2174, 2170, '河南蒙古族自治县', 99, 0),
(2175, 2130, '玉树藏族自治州', 99, 0),
(2176, 2175, '玉树县', 99, 0),
(2177, 2175, '杂多县', 99, 0),
(2178, 2175, '称多县', 99, 0),
(2179, 2175, '治多县', 99, 0),
(2180, 2175, '囊谦县', 99, 0),
(2181, 2175, '曲麻莱县', 99, 0),
(2182, 0, '山东', 99, 1),
(2183, 2182, '济南市', 99, 0),
(2184, 2183, '历下区', 99, 0),
(2185, 2183, '市中区', 99, 0),
(2186, 2183, '槐荫区', 99, 0),
(2187, 2183, '天桥区', 99, 0),
(2188, 2183, '历城区', 99, 0),
(2189, 2183, '长清区', 99, 0),
(2190, 2183, '平阴县', 99, 0),
(2191, 2183, '济阳县', 99, 0),
(2192, 2183, '商河县', 99, 0),
(2193, 2183, '章丘市', 99, 0),
(2194, 2182, '滨州市', 99, 0),
(2195, 2194, '滨城区', 99, 0),
(2196, 2194, '惠民县', 99, 0),
(2197, 2194, '阳信县', 99, 0),
(2198, 2194, '无棣县', 99, 0),
(2199, 2194, '沾化县', 99, 0),
(2200, 2194, '博兴县', 99, 0),
(2201, 2194, '邹平县', 99, 0),
(2202, 2182, '德州市', 99, 0),
(2203, 2202, '德城区', 99, 0),
(2204, 2202, '陵县', 99, 0),
(2205, 2202, '宁津县', 99, 0),
(2206, 2202, '庆云县', 99, 0),
(2207, 2202, '临邑县', 99, 0),
(2208, 2202, '齐河县', 99, 0),
(2209, 2202, '平原县', 99, 0),
(2210, 2202, '夏津县', 99, 0),
(2211, 2202, '武城县', 99, 0),
(2212, 2202, '乐陵市', 99, 0),
(2213, 2202, '禹城市', 99, 0),
(2214, 2182, '东营市', 99, 0),
(2215, 2214, '东营区', 99, 0),
(2216, 2214, '河口区', 99, 0),
(2217, 2214, '垦利县', 99, 0),
(2218, 2214, '利津县', 99, 0),
(2219, 2214, '广饶县', 99, 0),
(2220, 2182, '菏泽市', 99, 0),
(2221, 2220, '牡丹区', 99, 0),
(2222, 2220, '曹县', 99, 0),
(2223, 2220, '单县', 99, 0),
(2224, 2220, '成武县', 99, 0),
(2225, 2220, '巨野县', 99, 0),
(2226, 2220, '郓城县', 99, 0),
(2227, 2220, '鄄城县', 99, 0),
(2228, 2220, '定陶县', 99, 0),
(2229, 2220, '东明县', 99, 0),
(2230, 2182, '济宁市', 99, 0),
(2231, 2230, '市中区', 99, 0),
(2232, 2230, '任城区', 99, 0),
(2233, 2230, '微山县', 99, 0),
(2234, 2230, '鱼台县', 99, 0),
(2235, 2230, '金乡县', 99, 0),
(2236, 2230, '嘉祥县', 99, 0),
(2237, 2230, '汶上县', 99, 0),
(2238, 2230, '泗水县', 99, 0),
(2239, 2230, '梁山县', 99, 0),
(2240, 2230, '曲阜市', 99, 0),
(2241, 2230, '兖州市', 99, 0),
(2242, 2230, '邹城市', 99, 0),
(2243, 2182, '莱芜市', 99, 0),
(2244, 2243, '莱城区', 99, 0),
(2245, 2243, '钢城区', 99, 0),
(2246, 2182, '聊城市', 99, 0),
(2247, 2246, '东昌府区', 99, 0),
(2248, 2246, '阳谷县', 99, 0),
(2249, 2246, '莘县', 99, 0),
(2250, 2246, '茌平县', 99, 0),
(2251, 2246, '东阿县', 99, 0),
(2252, 2246, '冠县', 99, 0),
(2253, 2246, '高唐县', 99, 0),
(2254, 2246, '临清市', 99, 0),
(2255, 2182, '临沂市', 99, 0),
(2256, 2255, '兰山区', 99, 0),
(2257, 2255, '罗庄区', 99, 0),
(2258, 2255, '河东区', 99, 0),
(2259, 2255, '沂南县', 99, 0),
(2260, 2255, '郯城县', 99, 0),
(2261, 2255, '沂水县', 99, 0),
(2262, 2255, '苍山县', 99, 0),
(2263, 2255, '费县', 99, 0),
(2264, 2255, '平邑县', 99, 0),
(2265, 2255, '莒南县', 99, 0),
(2266, 2255, '蒙阴县', 99, 0),
(2267, 2255, '临沭县', 99, 0),
(2268, 2182, '青岛市', 99, 0),
(2269, 2268, '市南区', 99, 0),
(2270, 2268, '市北区', 99, 0),
(2271, 2268, '四方区', 99, 0),
(2272, 2268, '黄岛区', 99, 0),
(2273, 2268, '崂山区', 99, 0),
(2274, 2268, '李沧区', 99, 0),
(2275, 2268, '城阳区', 99, 0),
(2276, 2268, '胶州市', 99, 0),
(2277, 2268, '即墨市', 99, 0),
(2278, 2268, '平度市', 99, 0),
(2279, 2268, '胶南市', 99, 0),
(2280, 2268, '莱西市', 99, 0),
(2281, 2182, '日照市', 99, 0),
(2282, 2281, '东港区', 99, 0),
(2283, 2281, '岚山区', 99, 0),
(2284, 2281, '五莲县', 99, 0),
(2285, 2281, '莒县', 99, 0),
(2286, 2182, '泰安市', 99, 0),
(2287, 2286, '泰山区', 99, 0),
(2288, 2286, '岱岳区', 99, 0),
(2289, 2286, '宁阳县', 99, 0),
(2290, 2286, '东平县', 99, 0),
(2291, 2286, '新泰市', 99, 0),
(2292, 2286, '肥城市', 99, 0),
(2293, 2182, '威海市', 99, 0),
(2294, 2293, '环翠区', 99, 0),
(2295, 2293, '文登市', 99, 0),
(2296, 2293, '荣成市', 99, 0),
(2297, 2293, '乳山市', 99, 0),
(2298, 2182, '潍坊市', 99, 0),
(2299, 2298, '潍城区', 99, 0),
(2300, 2298, '寒亭区', 99, 0),
(2301, 2298, '坊子区', 99, 0),
(2302, 2298, '奎文区', 99, 0),
(2303, 2298, '临朐县', 99, 0),
(2304, 2298, '昌乐县', 99, 0),
(2305, 2298, '青州市', 99, 0),
(2306, 2298, '诸城市', 99, 0),
(2307, 2298, '寿光市', 99, 0),
(2308, 2298, '安丘市', 99, 0),
(2309, 2298, '高密市', 99, 0),
(2310, 2298, '昌邑市', 99, 0),
(2311, 2182, '烟台市', 99, 0),
(2312, 2311, '芝罘区', 99, 0),
(2313, 2311, '福山区', 99, 0),
(2314, 2311, '牟平区', 99, 0),
(2315, 2311, '莱山区', 99, 0),
(2316, 2311, '长岛县', 99, 0),
(2317, 2311, '龙口市', 99, 0),
(2318, 2311, '莱阳市', 99, 0),
(2319, 2311, '莱州市', 99, 0),
(2320, 2311, '蓬莱市', 99, 0),
(2321, 2311, '招远市', 99, 0),
(2322, 2311, '栖霞市', 99, 0),
(2323, 2311, '海阳市', 99, 0),
(2324, 2182, '枣庄市', 99, 0),
(2325, 2324, '市中区', 99, 0),
(2326, 2324, '薛城区', 99, 0),
(2327, 2324, '峄城区', 99, 0),
(2328, 2324, '台儿庄区', 99, 0),
(2329, 2324, '山亭区', 99, 0),
(2330, 2324, '滕州市', 99, 0),
(2331, 2182, '淄博市', 99, 0),
(2332, 2331, '淄川区', 99, 0),
(2333, 2331, '张店区', 99, 0),
(2334, 2331, '博山区', 99, 0),
(2335, 2331, '临淄区', 99, 0),
(2336, 2331, '周村区', 99, 0),
(2337, 2331, '桓台县', 99, 0),
(2338, 2331, '高青县', 99, 0),
(2339, 2331, '沂源县', 99, 0),
(2340, 0, '山西', 99, 2),
(2341, 2340, '太原市', 99, 0),
(2342, 2341, '小店区', 99, 0),
(2343, 2341, '迎泽区', 99, 0),
(2344, 2341, '杏花岭区', 99, 0),
(2345, 2341, '尖草坪区', 99, 0),
(2346, 2341, '万柏林区', 99, 0),
(2347, 2341, '晋源区', 99, 0),
(2348, 2341, '清徐县', 99, 0),
(2349, 2341, '阳曲县', 99, 0),
(2350, 2341, '娄烦县', 99, 0),
(2351, 2341, '古交市', 99, 0),
(2352, 2340, '长治市', 99, 0),
(2353, 2352, '城区', 99, 0),
(2354, 2352, '郊区', 99, 0),
(2355, 2352, '长治县', 99, 0),
(2356, 2352, '襄垣县', 99, 0),
(2357, 2352, '屯留县', 99, 0),
(2358, 2352, '平顺县', 99, 0),
(2359, 2352, '黎城县', 99, 0),
(2360, 2352, '壶关县', 99, 0),
(2361, 2352, '长子县', 99, 0),
(2362, 2352, '武乡县', 99, 0),
(2363, 2352, '沁县', 99, 0),
(2364, 2352, '沁源县', 99, 0),
(2365, 2352, '潞城市', 99, 0),
(2366, 2340, '大同市', 99, 0),
(2367, 2366, '城区', 99, 0),
(2368, 2366, '矿区', 99, 0),
(2369, 2366, '南郊区', 99, 0),
(2370, 2366, '新荣区', 99, 0),
(2371, 2366, '阳高县', 99, 0),
(2372, 2366, '天镇县', 99, 0),
(2373, 2366, '广灵县', 99, 0),
(2374, 2366, '灵丘县', 99, 0),
(2375, 2366, '浑源县', 99, 0),
(2376, 2366, '左云县', 99, 0),
(2377, 2366, '大同县', 99, 0),
(2378, 2340, '晋城市', 99, 0),
(2379, 2378, '城区', 99, 0),
(2380, 2378, '沁水县', 99, 0),
(2381, 2378, '阳城县', 99, 0),
(2382, 2378, '陵川县', 99, 0),
(2383, 2378, '泽州县', 99, 0),
(2384, 2378, '高平市', 99, 0),
(2385, 2340, '晋中市', 99, 0),
(2386, 2385, '榆次区', 99, 0),
(2387, 2385, '榆社县', 99, 0),
(2388, 2385, '左权县', 99, 0),
(2389, 2385, '和顺县', 99, 0),
(2390, 2385, '昔阳县', 99, 0),
(2391, 2385, '寿阳县', 99, 0),
(2392, 2385, '太谷县', 99, 0),
(2393, 2385, '祁县', 99, 0),
(2394, 2385, '平遥县', 99, 0),
(2395, 2385, '灵石县', 99, 0),
(2396, 2385, '介休市', 99, 0),
(2397, 2340, '临汾市', 99, 0),
(2398, 2397, '尧都区', 99, 0),
(2399, 2397, '曲沃县', 99, 0),
(2400, 2397, '翼城县', 99, 0),
(2401, 2397, '襄汾县', 99, 0),
(2402, 2397, '洪洞县', 99, 0),
(2403, 2397, '古县', 99, 0),
(2404, 2397, '安泽县', 99, 0),
(2405, 2397, '浮山县', 99, 0),
(2406, 2397, '吉县', 99, 0),
(2407, 2397, '乡宁县', 99, 0),
(2408, 2397, '大宁县', 99, 0),
(2409, 2397, '隰县', 99, 0),
(2410, 2397, '永和县', 99, 0),
(2411, 2397, '蒲县', 99, 0),
(2412, 2397, '汾西县', 99, 0),
(2413, 2397, '侯马市', 99, 0),
(2414, 2397, '霍州市', 99, 0),
(2415, 2340, '吕梁市', 99, 0),
(2416, 2415, '离石区', 99, 0),
(2417, 2415, '文水县', 99, 0),
(2418, 2415, '交城县', 99, 0),
(2419, 2415, '兴县', 99, 0),
(2420, 2415, '临县', 99, 0),
(2421, 2415, '柳林县', 99, 0),
(2422, 2415, '石楼县', 99, 0),
(2423, 2415, '岚县', 99, 0),
(2424, 2415, '方山县', 99, 0),
(2425, 2415, '中阳县', 99, 0),
(2426, 2415, '交口县', 99, 0),
(2427, 2415, '孝义市', 99, 0),
(2428, 2415, '汾阳市', 99, 0),
(2429, 2340, '朔州市', 99, 0),
(2430, 2429, '朔城区', 99, 0),
(2431, 2429, '平鲁区', 99, 0),
(2432, 2429, '山阴县', 99, 0),
(2433, 2429, '应县', 99, 0),
(2434, 2429, '右玉县', 99, 0),
(2435, 2429, '怀仁县', 99, 0),
(2436, 2340, '忻州市', 99, 0),
(2437, 2436, '忻府区', 99, 0),
(2438, 2436, '定襄县', 99, 0),
(2439, 2436, '五台县', 99, 0),
(2440, 2436, '代县', 99, 0),
(2441, 2436, '繁峙县', 99, 0),
(2442, 2436, '宁武县', 99, 0),
(2443, 2436, '静乐县', 99, 0),
(2444, 2436, '神池县', 99, 0),
(2445, 2436, '五寨县', 99, 0),
(2446, 2436, '岢岚县', 99, 0),
(2447, 2436, '河曲县', 99, 0),
(2448, 2436, '保德县', 99, 0),
(2449, 2436, '偏关县', 99, 0),
(2450, 2436, '原平市', 99, 0),
(2451, 2340, '阳泉市', 99, 0),
(2452, 2451, '城区', 99, 0),
(2453, 2451, '矿区', 99, 0),
(2454, 2451, '郊区', 99, 0),
(2455, 2451, '平定县', 99, 0),
(2456, 2451, '盂县', 99, 0),
(2457, 2340, '运城市', 99, 0),
(2458, 2457, '盐湖区', 99, 0),
(2459, 2457, '临猗县', 99, 0),
(2460, 2457, '万荣县', 99, 0),
(2461, 2457, '闻喜县', 99, 0),
(2462, 2457, '稷山县', 99, 0),
(2463, 2457, '新绛县', 99, 0),
(2464, 2457, '绛县', 99, 0),
(2465, 2457, '垣曲县', 99, 0),
(2466, 2457, '夏县', 99, 0),
(2467, 2457, '平陆县', 99, 0),
(2468, 2457, '芮城县', 99, 0),
(2469, 2457, '永济市', 99, 0),
(2470, 2457, '河津市', 99, 0),
(2471, 0, '陕西', 99, 6),
(2472, 2471, '西安市', 99, 0),
(2473, 2472, '新城区', 99, 0),
(2474, 2472, '碑林区', 99, 0),
(2475, 2472, '莲湖区', 99, 0),
(2476, 2472, '灞桥区', 99, 0),
(2477, 2472, '未央区', 99, 0),
(2478, 2472, '雁塔区', 99, 0),
(2479, 2472, '阎良区', 99, 0),
(2480, 2472, '临潼区', 99, 0),
(2481, 2472, '长安区', 99, 0),
(2482, 2472, '蓝田县', 99, 0),
(2483, 2472, '周至县', 99, 0),
(2484, 2472, '户县', 99, 0),
(2485, 2472, '高陵县', 99, 0),
(2486, 2471, '安康市', 99, 0),
(2487, 2486, '汉滨区', 99, 0),
(2488, 2486, '汉阴县', 99, 0),
(2489, 2486, '石泉县', 99, 0),
(2490, 2486, '宁陕县', 99, 0),
(2491, 2486, '紫阳县', 99, 0),
(2492, 2486, '岚皋县', 99, 0),
(2493, 2486, '平利县', 99, 0),
(2494, 2486, '镇坪县', 99, 0),
(2495, 2486, '旬阳县', 99, 0),
(2496, 2486, '白河县', 99, 0),
(2497, 2471, '宝鸡市', 99, 0),
(2498, 2497, '渭滨区', 99, 0),
(2499, 2497, '金台区', 99, 0),
(2500, 2497, '陈仓区', 99, 0),
(2501, 2497, '凤翔县', 99, 0),
(2502, 2497, '岐山县', 99, 0),
(2503, 2497, '扶风县', 99, 0),
(2504, 2497, '眉县', 99, 0),
(2505, 2497, '陇县', 99, 0),
(2506, 2497, '千阳县', 99, 0),
(2507, 2497, '麟游县', 99, 0),
(2508, 2497, '凤县', 99, 0),
(2509, 2497, '太白县', 99, 0),
(2510, 2471, '汉中市', 99, 0),
(2511, 2510, '汉台区', 99, 0),
(2512, 2510, '南郑县', 99, 0),
(2513, 2510, '城固县', 99, 0),
(2514, 2510, '洋县', 99, 0),
(2515, 2510, '西乡县', 99, 0),
(2516, 2510, '勉县', 99, 0),
(2517, 2510, '宁强县', 99, 0),
(2518, 2510, '略阳县', 99, 0),
(2519, 2510, '镇巴县', 99, 0),
(2520, 2510, '留坝县', 99, 0),
(2521, 2510, '佛坪县', 99, 0),
(2522, 2471, '商洛市', 99, 0),
(2523, 2522, '商州区', 99, 0),
(2524, 2522, '洛南县', 99, 0),
(2525, 2522, '丹凤县', 99, 0),
(2526, 2522, '商南县', 99, 0),
(2527, 2522, '山阳县', 99, 0),
(2528, 2522, '镇安县', 99, 0),
(2529, 2522, '柞水县', 99, 0),
(2530, 2471, '铜川市', 99, 0),
(2531, 2530, '王益区', 99, 0),
(2532, 2530, '印台区', 99, 0),
(2533, 2530, '耀州区', 99, 0),
(2534, 2530, '宜君县', 99, 0),
(2535, 2471, '渭南市', 99, 0),
(2536, 2535, '临渭区', 99, 0),
(2537, 2535, '华县', 99, 0),
(2538, 2535, '潼关县', 99, 0),
(2539, 2535, '大荔县', 99, 0),
(2540, 2535, '合阳县', 99, 0),
(2541, 2535, '澄城县', 99, 0),
(2542, 2535, '蒲城县', 99, 0),
(2543, 2535, '白水县', 99, 0),
(2544, 2535, '富平县', 99, 0),
(2545, 2535, '韩城市', 99, 0),
(2546, 2535, '华阴市', 99, 0),
(2547, 2471, '咸阳市', 99, 0),
(2548, 2547, '秦都区', 99, 0),
(2549, 2547, '杨凌区', 99, 0),
(2550, 2547, '渭城区', 99, 0),
(2551, 2547, '三原县', 99, 0),
(2552, 2547, '泾阳县', 99, 0),
(2553, 2547, '乾县', 99, 0),
(2554, 2547, '礼泉县', 99, 0),
(2555, 2547, '永寿县', 99, 0),
(2556, 2547, '彬县', 99, 0),
(2557, 2547, '长武县', 99, 0),
(2558, 2547, '旬邑县', 99, 0),
(2559, 2547, '淳化县', 99, 0),
(2560, 2547, '武功县', 99, 0),
(2561, 2547, '兴平市', 99, 0),
(2562, 2471, '延安市', 99, 0),
(2563, 2562, '宝塔区', 99, 0),
(2564, 2562, '延长县', 99, 0),
(2565, 2562, '延川县', 99, 0),
(2566, 2562, '子长县', 99, 0),
(2567, 2562, '安塞县', 99, 0),
(2568, 2562, '志丹县', 99, 0),
(2569, 2562, '吴旗县', 99, 0),
(2570, 2562, '甘泉县', 99, 0),
(2571, 2562, '富县', 99, 0),
(2572, 2562, '洛川县', 99, 0),
(2573, 2562, '宜川县', 99, 0),
(2574, 2562, '黄龙县', 99, 0),
(2575, 2562, '黄陵县', 99, 0),
(2576, 2471, '榆林市', 99, 0),
(2577, 2576, '榆阳区', 99, 0),
(2578, 2576, '神木县', 99, 0),
(2579, 2576, '府谷县', 99, 0),
(2580, 2576, '横山县', 99, 0),
(2581, 2576, '靖边县', 99, 0),
(2582, 2576, '定边县', 99, 0),
(2583, 2576, '绥德县', 99, 0),
(2584, 2576, '米脂县', 99, 0),
(2585, 2576, '佳县', 99, 0),
(2586, 2576, '吴堡县', 99, 0),
(2587, 2576, '清涧县', 99, 0),
(2588, 2576, '子洲县', 99, 0),
(2589, 0, '四川', 99, 7),
(2590, 2589, '成都市', 99, 0),
(2591, 2590, '锦江区', 99, 0),
(2592, 2590, '青羊区', 99, 0),
(2593, 2590, '金牛区', 99, 0),
(2594, 2590, '武侯区', 99, 0),
(2595, 2590, '成华区', 99, 0),
(2596, 2590, '龙泉驿区', 99, 0),
(2597, 2590, '青白江区', 99, 0),
(2598, 2590, '新都区', 99, 0),
(2599, 2590, '温江区', 99, 0),
(2600, 2590, '金堂县', 99, 0),
(2601, 2590, '双流县', 99, 0),
(2602, 2590, '郫县', 99, 0),
(2603, 2590, '大邑县', 99, 0),
(2604, 2590, '蒲江县', 99, 0),
(2605, 2590, '新津县', 99, 0),
(2606, 2590, '都江堰市', 99, 0),
(2607, 2590, '彭州市', 99, 0),
(2608, 2590, '邛崃市', 99, 0),
(2609, 2590, '崇州市', 99, 0),
(2610, 2589, '阿坝藏族羌族自治州', 99, 0),
(2611, 2610, '汶川县', 99, 0),
(2612, 2610, '理县', 99, 0),
(2613, 2610, '茂县', 99, 0),
(2614, 2610, '松潘县', 99, 0),
(2615, 2610, '九寨沟县', 99, 0),
(2616, 2610, '金川县', 99, 0),
(2617, 2610, '小金县', 99, 0),
(2618, 2610, '黑水县', 99, 0),
(2619, 2610, '马尔康县', 99, 0),
(2620, 2610, '壤塘县', 99, 0),
(2621, 2610, '阿坝县', 99, 0),
(2622, 2610, '若尔盖县', 99, 0),
(2623, 2610, '红原县', 99, 0),
(2624, 2589, '巴中市', 99, 0),
(2625, 2624, '巴州区', 99, 0),
(2626, 2624, '通江县', 99, 0),
(2627, 2624, '南江县', 99, 0),
(2628, 2624, '平昌县', 99, 0),
(2629, 2589, '达州市', 99, 0),
(2630, 2629, '通川区', 99, 0),
(2631, 2629, '达县', 99, 0),
(2632, 2629, '宣汉县', 99, 0),
(2633, 2629, '开江县', 99, 0),
(2634, 2629, '大竹县', 99, 0),
(2635, 2629, '渠县', 99, 0),
(2636, 2629, '万源市', 99, 0),
(2637, 2589, '德阳市', 99, 0),
(2638, 2637, '旌阳区', 99, 0),
(2639, 2637, '中江县', 99, 0),
(2640, 2637, '罗江县', 99, 0),
(2641, 2637, '广汉市', 99, 0),
(2642, 2637, '什邡市', 99, 0),
(2643, 2637, '绵竹市', 99, 0),
(2644, 2589, '甘孜藏族自治州', 99, 0),
(2645, 2644, '康定县', 99, 0),
(2646, 2644, '泸定县', 99, 0),
(2647, 2644, '丹巴县', 99, 0),
(2648, 2644, '九龙县', 99, 0),
(2649, 2644, '雅江县', 99, 0),
(2650, 2644, '道孚县', 99, 0),
(2651, 2644, '炉霍县', 99, 0),
(2652, 2644, '甘孜县', 99, 0),
(2653, 2644, '新龙县', 99, 0),
(2654, 2644, '德格县', 99, 0),
(2655, 2644, '白玉县', 99, 0),
(2656, 2644, '石渠县', 99, 0),
(2657, 2644, '色达县', 99, 0),
(2658, 2644, '理塘县', 99, 0),
(2659, 2644, '巴塘县', 99, 0),
(2660, 2644, '乡城县', 99, 0),
(2661, 2644, '稻城县', 99, 0),
(2662, 2644, '得荣县', 99, 0),
(2663, 2589, '广安市', 99, 0),
(2664, 2663, '广安区', 99, 0),
(2665, 2663, '岳池县', 99, 0),
(2666, 2663, '武胜县', 99, 0),
(2667, 2663, '邻水县', 99, 0),
(2668, 2663, '华莹市', 99, 0),
(2669, 2589, '广元市', 99, 0),
(2670, 2669, '市中区', 99, 0),
(2671, 2669, '元坝区', 99, 0),
(2672, 2669, '朝天区', 99, 0),
(2673, 2669, '旺苍县', 99, 0),
(2674, 2669, '青川县', 99, 0),
(2675, 2669, '剑阁县', 99, 0),
(2676, 2669, '苍溪县', 99, 0),
(2677, 2589, '乐山市', 99, 0),
(2678, 2677, '市中区', 99, 0),
(2679, 2677, '沙湾区', 99, 0),
(2680, 2677, '五通桥区', 99, 0),
(2681, 2677, '金口河区', 99, 0),
(2682, 2677, '犍为县', 99, 0),
(2683, 2677, '井研县', 99, 0),
(2684, 2677, '夹江县', 99, 0),
(2685, 2677, '沐川县', 99, 0),
(2686, 2677, '峨边彝族自治县', 99, 0),
(2687, 2677, '马边彝族自治县', 99, 0),
(2688, 2677, '峨眉山市', 99, 0),
(2689, 2589, '凉山彝族自治州', 99, 0),
(2690, 2689, '西昌市', 99, 0),
(2691, 2689, '木里藏族自治县', 99, 0),
(2692, 2689, '盐源县', 99, 0),
(2693, 2689, '德昌县', 99, 0),
(2694, 2689, '会理县', 99, 0),
(2695, 2689, '会东县', 99, 0),
(2696, 2689, '宁南县', 99, 0),
(2697, 2689, '普格县', 99, 0),
(2698, 2689, '布拖县', 99, 0),
(2699, 2689, '金阳县', 99, 0),
(2700, 2689, '昭觉县', 99, 0),
(2701, 2689, '喜德县', 99, 0),
(2702, 2689, '冕宁县', 99, 0),
(2703, 2689, '越西县', 99, 0),
(2704, 2689, '甘洛县', 99, 0),
(2705, 2689, '美姑县', 99, 0),
(2706, 2689, '雷波县', 99, 0),
(2707, 2589, '泸州市', 99, 0),
(2708, 2707, '江阳区', 99, 0),
(2709, 2707, '纳溪区', 99, 0),
(2710, 2707, '龙马潭区', 99, 0),
(2711, 2707, '泸县', 99, 0),
(2712, 2707, '合江县', 99, 0),
(2713, 2707, '叙永县', 99, 0),
(2714, 2707, '古蔺县', 99, 0),
(2715, 2589, '眉山市', 99, 0),
(2716, 2715, '东坡区', 99, 0),
(2717, 2715, '仁寿县', 99, 0),
(2718, 2715, '彭山县', 99, 0),
(2719, 2715, '洪雅县', 99, 0),
(2720, 2715, '丹棱县', 99, 0),
(2721, 2715, '青神县', 99, 0),
(2722, 2589, '绵阳市', 99, 0),
(2723, 2722, '涪城区', 99, 0),
(2724, 2722, '游仙区', 99, 0),
(2725, 2722, '三台县', 99, 0),
(2726, 2722, '盐亭县', 99, 0),
(2727, 2722, '安县', 99, 0),
(2728, 2722, '梓潼县', 99, 0),
(2729, 2722, '北川羌族自治县', 99, 0),
(2730, 2722, '平武县', 99, 0),
(2731, 2722, '江油市', 99, 0),
(2732, 2589, '内江市', 99, 0),
(2733, 2732, '市中区', 99, 0),
(2734, 2732, '东兴区', 99, 0),
(2735, 2732, '威远县', 99, 0),
(2736, 2732, '资中县', 99, 0),
(2737, 2732, '隆昌县', 99, 0),
(2738, 2589, '南充市', 99, 0),
(2739, 2738, '顺庆区', 99, 0),
(2740, 2738, '高坪区', 99, 0),
(2741, 2738, '嘉陵区', 99, 0),
(2742, 2738, '南部县', 99, 0),
(2743, 2738, '营山县', 99, 0),
(2744, 2738, '蓬安县', 99, 0),
(2745, 2738, '仪陇县', 99, 0),
(2746, 2738, '西充县', 99, 0),
(2747, 2738, '阆中市', 99, 0),
(2748, 2589, '攀枝花市', 99, 0),
(2749, 2748, '东区', 99, 0),
(2750, 2748, '西区', 99, 0),
(2751, 2748, '仁和区', 99, 0),
(2752, 2748, '米易县', 99, 0),
(2753, 2748, '盐边县', 99, 0),
(2754, 2589, '遂宁市', 99, 0),
(2755, 2754, '船山区', 99, 0),
(2756, 2754, '安居区', 99, 0),
(2757, 2754, '蓬溪县', 99, 0),
(2758, 2754, '射洪县', 99, 0),
(2759, 2754, '大英县', 99, 0),
(2760, 2589, '雅安市', 99, 0),
(2761, 2760, '雨城区', 99, 0),
(2762, 2760, '名山县', 99, 0),
(2763, 2760, '荥经县', 99, 0),
(2764, 2760, '汉源县', 99, 0),
(2765, 2760, '石棉县', 99, 0),
(2766, 2760, '天全县', 99, 0),
(2767, 2760, '芦山县', 99, 0),
(2768, 2760, '宝兴县', 99, 0),
(2769, 2589, '宜宾市', 99, 0),
(2770, 2769, '翠屏区', 99, 0),
(2771, 2769, '宜宾县', 99, 0),
(2772, 2769, '南溪县', 99, 0),
(2773, 2769, '江安县', 99, 0),
(2774, 2769, '长宁县', 99, 0),
(2775, 2769, '高县', 99, 0),
(2776, 2769, '珙县', 99, 0),
(2777, 2769, '筠连县', 99, 0),
(2778, 2769, '兴文县', 99, 0),
(2779, 2769, '屏山县', 99, 0),
(2780, 2589, '资阳市', 99, 0),
(2781, 2780, '雁江区', 99, 0),
(2782, 2780, '安岳县', 99, 0),
(2783, 2780, '乐至县', 99, 0),
(2784, 2780, '简阳市', 99, 0),
(2785, 2589, '自贡市', 99, 0),
(2786, 2785, '自流井区', 99, 0),
(2787, 2785, '贡井区', 99, 0),
(2788, 2785, '大安区', 99, 0),
(2789, 2785, '沿滩区', 99, 0),
(2790, 2785, '荣县', 99, 0),
(2791, 2785, '富顺县', 99, 0),
(2792, 0, '西藏', 99, 7),
(2793, 2792, '拉萨市', 99, 0),
(2794, 2793, '城关区', 99, 0),
(2795, 2793, '林周县', 99, 0),
(2796, 2793, '当雄县', 99, 0),
(2797, 2793, '尼木县', 99, 0),
(2798, 2793, '曲水县', 99, 0),
(2799, 2793, '堆龙德庆县', 99, 0),
(2800, 2793, '达孜县', 99, 0),
(2801, 2793, '墨竹工卡县', 99, 0),
(2802, 2792, '阿里地区', 99, 0),
(2803, 2802, '普兰县', 99, 0),
(2804, 2802, '札达县', 99, 0),
(2805, 2802, '噶尔县', 99, 0),
(2806, 2802, '日土县', 99, 0),
(2807, 2802, '革吉县', 99, 0),
(2808, 2802, '改则县', 99, 0),
(2809, 2802, '措勤县', 99, 0),
(2810, 2792, '昌都地区', 99, 0),
(2811, 2810, '昌都县', 99, 0),
(2812, 2810, '江达县', 99, 0),
(2813, 2810, '贡觉县', 99, 0),
(2814, 2810, '类乌齐县', 99, 0),
(2815, 2810, '丁青县', 99, 0),
(2816, 2810, '察雅县', 99, 0),
(2817, 2810, '八宿县', 99, 0),
(2818, 2810, '左贡县', 99, 0),
(2819, 2810, '芒康县', 99, 0),
(2820, 2810, '洛隆县', 99, 0),
(2821, 2810, '边坝县', 99, 0),
(2822, 2792, '林芝地区', 99, 0),
(2823, 2822, '林芝县', 99, 0),
(2824, 2822, '工布江达县', 99, 0),
(2825, 2822, '米林县', 99, 0),
(2826, 2822, '墨脱县', 99, 0),
(2827, 2822, '波密县', 99, 0),
(2828, 2822, '察隅县', 99, 0),
(2829, 2822, '朗县', 99, 0),
(2830, 2792, '那曲地区', 99, 0),
(2831, 2830, '那曲县', 99, 0),
(2832, 2830, '嘉黎县', 99, 0),
(2833, 2830, '比如县', 99, 0),
(2834, 2830, '聂荣县', 99, 0),
(2835, 2830, '安多县', 99, 0),
(2836, 2830, '申扎县', 99, 0),
(2837, 2830, '索县', 99, 0),
(2838, 2830, '班戈县', 99, 0),
(2839, 2830, '巴青县', 99, 0),
(2840, 2830, '尼玛县', 99, 0),
(2841, 2792, '日喀则地区', 99, 0),
(2842, 2841, '日喀则市', 99, 0),
(2843, 2841, '南木林县', 99, 0),
(2844, 2841, '江孜县', 99, 0),
(2845, 2841, '定日县', 99, 0),
(2846, 2841, '萨迦县', 99, 0),
(2847, 2841, '拉孜县', 99, 0),
(2848, 2841, '昂仁县', 99, 0),
(2849, 2841, '谢通门县', 99, 0),
(2850, 2841, '白朗县', 99, 0),
(2851, 2841, '仁布县', 99, 0),
(2852, 2841, '康马县', 99, 0),
(2853, 2841, '定结县', 99, 0),
(2854, 2841, '仲巴县', 99, 0),
(2855, 2841, '亚东县', 99, 0),
(2856, 2841, '吉隆县', 99, 0),
(2857, 2841, '聂拉木县', 99, 0),
(2858, 2841, '萨嘎县', 99, 0),
(2859, 2841, '岗巴县', 99, 0),
(2860, 2792, '山南地区', 99, 0),
(2861, 2860, '乃东县', 99, 0),
(2862, 2860, '扎囊县', 99, 0),
(2863, 2860, '贡嘎县', 99, 0),
(2864, 2860, '桑日县', 99, 0),
(2865, 2860, '琼结县', 99, 0),
(2866, 2860, '曲松县', 99, 0),
(2867, 2860, '措美县', 99, 0),
(2868, 2860, '洛扎县', 99, 0),
(2869, 2860, '加查县', 99, 0),
(2870, 2860, '隆子县', 99, 0),
(2871, 2860, '错那县', 99, 0),
(2872, 2860, '浪卡子县', 99, 0),
(2873, 0, '新疆', 99, 6),
(2874, 2873, '乌鲁木齐市', 99, 0),
(2875, 2874, '天山区', 99, 0),
(2876, 2874, '沙依巴克区', 99, 0),
(2877, 2874, '新市区', 99, 0),
(2878, 2874, '水磨沟区', 99, 0),
(2879, 2874, '头屯河区', 99, 0),
(2880, 2874, '达坂城区', 99, 0),
(2881, 2874, '东山区', 99, 0),
(2882, 2874, '乌鲁木齐县', 99, 0),
(2883, 2873, '阿克苏地区', 99, 0),
(2884, 2883, '阿克苏市', 99, 0),
(2885, 2883, '温宿县', 99, 0),
(2886, 2883, '库车县', 99, 0),
(2887, 2883, '沙雅县', 99, 0),
(2888, 2883, '新和县', 99, 0),
(2889, 2883, '拜城县', 99, 0),
(2890, 2883, '乌什县', 99, 0),
(2891, 2883, '阿瓦提县', 99, 0),
(2892, 2883, '柯坪县', 99, 0),
(2893, 2873, '阿拉尔市', 99, 0),
(2894, 2873, '阿勒泰地区', 99, 0),
(2895, 2894, '阿勒泰市', 99, 0),
(2896, 2894, '布尔津县', 99, 0),
(2897, 2894, '富蕴县', 99, 0),
(2898, 2894, '福海县', 99, 0),
(2899, 2894, '哈巴河县', 99, 0),
(2900, 2894, '青河县', 99, 0),
(2901, 2894, '吉木乃县', 99, 0),
(2902, 2873, '巴音郭楞蒙古自治州', 99, 0),
(2903, 2902, '库尔勒市', 99, 0),
(2904, 2902, '轮台县', 99, 0),
(2905, 2902, '尉犁县', 99, 0),
(2906, 2902, '若羌县', 99, 0),
(2907, 2902, '且末县', 99, 0),
(2908, 2902, '焉耆回族自治县', 99, 0),
(2909, 2902, '和静县', 99, 0),
(2910, 2902, '和硕县', 99, 0),
(2911, 2902, '博湖县', 99, 0),
(2912, 2873, '博尔塔拉蒙古自治州', 99, 0),
(2913, 2912, '博乐市', 99, 0),
(2914, 2912, '精河县', 99, 0),
(2915, 2912, '温泉县', 99, 0),
(2916, 2873, '昌吉回族自治州', 99, 0),
(2917, 2916, '昌吉市', 99, 0),
(2918, 2916, '阜康市', 99, 0),
(2919, 2916, '米泉市', 99, 0),
(2920, 2916, '呼图壁县', 99, 0),
(2921, 2916, '玛纳斯县', 99, 0),
(2922, 2916, '奇台县', 99, 0),
(2923, 2916, '吉木萨尔县', 99, 0),
(2924, 2916, '木垒哈萨克自治县', 99, 0),
(2925, 2873, '哈密地区', 99, 0),
(2926, 2925, '哈密市', 99, 0),
(2927, 2925, '巴里坤哈萨克自治县', 99, 0),
(2928, 2925, '伊吾县', 99, 0),
(2929, 2873, '和田地区', 99, 0),
(2930, 2929, '和田市', 99, 0),
(2931, 2929, '和田县', 99, 0),
(2932, 2929, '墨玉县', 99, 0),
(2933, 2929, '皮山县', 99, 0),
(2934, 2929, '洛浦县', 99, 0),
(2935, 2929, '策勒县', 99, 0),
(2936, 2929, '于田县', 99, 0),
(2937, 2929, '民丰县', 99, 0),
(2938, 2873, '喀什地区', 99, 0),
(2939, 2938, '喀什市', 99, 0),
(2940, 2938, '疏附县', 99, 0),
(2941, 2938, '疏勒县', 99, 0),
(2942, 2938, '英吉沙县', 99, 0),
(2943, 2938, '泽普县', 99, 0),
(2944, 2938, '莎车县', 99, 0),
(2945, 2938, '叶城县', 99, 0),
(2946, 2938, '麦盖提县', 99, 0),
(2947, 2938, '岳普湖县', 99, 0),
(2948, 2938, '伽师县', 99, 0),
(2949, 2938, '巴楚县', 99, 0),
(2950, 2938, '塔什库尔干塔吉克自治县', 99, 0),
(2951, 2873, '克拉玛依市', 99, 0),
(2952, 2951, '独山子区', 99, 0),
(2953, 2951, '克拉玛依区', 99, 0),
(2954, 2951, '白碱滩区', 99, 0),
(2955, 2951, '乌尔禾区', 99, 0),
(2956, 2873, '克孜勒苏柯尔克孜自治州', 99, 0),
(2957, 2956, '阿图什市', 99, 0),
(2958, 2956, '阿克陶县', 99, 0),
(2959, 2956, '阿合奇县', 99, 0),
(2960, 2956, '乌恰县', 99, 0),
(2961, 2873, '石河子市', 99, 0),
(2962, 2873, '塔城地区', 99, 0),
(2963, 2962, '塔城市', 99, 0),
(2964, 2962, '乌苏市', 99, 0),
(2965, 2962, '额敏县', 99, 0),
(2966, 2962, '沙湾县', 99, 0),
(2967, 2962, '托里县', 99, 0),
(2968, 2962, '裕民县', 99, 0),
(2969, 2962, '和布克赛尔蒙古自治县', 99, 0),
(2970, 2873, '图木舒克市', 99, 0),
(2971, 2873, '吐鲁番地区', 99, 0),
(2972, 2971, '吐鲁番市', 99, 0),
(2973, 2971, '鄯善县', 99, 0),
(2974, 2971, '托克逊县', 99, 0),
(2975, 2873, '五家渠市', 99, 0),
(2976, 2873, '伊犁哈萨克自治州', 99, 0),
(2977, 2976, '伊宁市', 99, 0),
(2978, 2976, '奎屯市', 99, 0),
(2979, 2976, '伊宁县', 99, 0),
(2980, 2976, '察布查尔锡伯自治县', 99, 0),
(2981, 2976, '霍城县', 99, 0),
(2982, 2976, '巩留县', 99, 0),
(2983, 2976, '新源县', 99, 0),
(2984, 2976, '昭苏县', 99, 0),
(2985, 2976, '特克斯县', 99, 0),
(2986, 2976, '尼勒克县', 99, 0),
(2987, 0, '云南', 99, 7),
(2988, 2987, '昆明市', 99, 0),
(2989, 2988, '五华区', 99, 0),
(2990, 2988, '盘龙区', 99, 0),
(2991, 2988, '官渡区', 99, 0),
(2992, 2988, '西山区', 99, 0),
(2993, 2988, '东川区', 99, 0),
(2994, 2988, '呈贡县', 99, 0),
(2995, 2988, '晋宁县', 99, 0),
(2996, 2988, '富民县', 99, 0),
(2997, 2988, '宜良县', 99, 0),
(2998, 2988, '石林彝族自治县', 99, 0),
(2999, 2988, '嵩明县', 99, 0),
(3000, 2988, '禄劝彝族苗族自治县', 99, 0),
(3001, 2988, '寻甸回族彝族自治县', 99, 0),
(3002, 2988, '安宁市', 99, 0),
(3003, 2987, '保山市', 99, 0),
(3004, 3003, '隆阳区', 99, 0),
(3005, 3003, '施甸县', 99, 0),
(3006, 3003, '腾冲县', 99, 0),
(3007, 3003, '龙陵县', 99, 0),
(3008, 3003, '昌宁县', 99, 0),
(3009, 2987, '楚雄彝族自治州', 99, 0),
(3010, 3009, '楚雄市', 99, 0),
(3011, 3009, '双柏县', 99, 0),
(3012, 3009, '牟定县', 99, 0),
(3013, 3009, '南华县', 99, 0),
(3014, 3009, '姚安县', 99, 0),
(3015, 3009, '大姚县', 99, 0),
(3016, 3009, '永仁县', 99, 0),
(3017, 3009, '元谋县', 99, 0),
(3018, 3009, '武定县', 99, 0),
(3019, 3009, '禄丰县', 99, 0),
(3020, 2987, '大理白族自治州', 99, 0),
(3021, 3020, '大理市', 99, 0),
(3022, 3020, '漾濞彝族自治县', 99, 0),
(3023, 3020, '祥云县', 99, 0),
(3024, 3020, '宾川县', 99, 0),
(3025, 3020, '弥渡县', 99, 0),
(3026, 3020, '南涧彝族自治县', 99, 0),
(3027, 3020, '巍山彝族回族自治县', 99, 0),
(3028, 3020, '永平县', 99, 0),
(3029, 3020, '云龙县', 99, 0),
(3030, 3020, '洱源县', 99, 0),
(3031, 3020, '剑川县', 99, 0),
(3032, 3020, '鹤庆县', 99, 0),
(3033, 2987, '德宏傣族景颇族自治州', 99, 0),
(3034, 3033, '瑞丽市', 99, 0),
(3035, 3033, '潞西市', 99, 0),
(3036, 3033, '梁河县', 99, 0),
(3037, 3033, '盈江县', 99, 0),
(3038, 3033, '陇川县', 99, 0),
(3039, 2987, '迪庆藏族自治州', 99, 0),
(3040, 3039, '香格里拉县', 99, 0),
(3041, 3039, '德钦县', 99, 0),
(3042, 3039, '维西傈僳族自治县', 99, 0),
(3043, 2987, '红河哈尼族彝族自治州', 99, 0),
(3044, 3043, '个旧市', 99, 0),
(3045, 3043, '开远市', 99, 0),
(3046, 3043, '蒙自县', 99, 0),
(3047, 3043, '屏边苗族自治县', 99, 0),
(3048, 3043, '建水县', 99, 0),
(3049, 3043, '石屏县', 99, 0),
(3050, 3043, '弥勒县', 99, 0),
(3051, 3043, '泸西县', 99, 0),
(3052, 3043, '元阳县', 99, 0),
(3053, 3043, '红河县', 99, 0),
(3054, 3043, '金平苗族瑶族傣族自治县', 99, 0),
(3055, 3043, '绿春县', 99, 0),
(3056, 3043, '河口瑶族自治县', 99, 0),
(3057, 2987, '丽江市', 99, 0),
(3058, 3057, '古城区', 99, 0),
(3059, 3057, '玉龙纳西族自治县', 99, 0),
(3060, 3057, '永胜县', 99, 0),
(3061, 3057, '华坪县', 99, 0),
(3062, 3057, '宁蒗彝族自治县', 99, 0),
(3063, 2987, '临沧市', 99, 0),
(3064, 3063, '临翔区', 99, 0),
(3065, 3063, '凤庆县', 99, 0),
(3066, 3063, '云县', 99, 0),
(3067, 3063, '永德县', 99, 0),
(3068, 3063, '镇康县', 99, 0),
(3069, 3063, '双江拉祜族佤族布朗族傣族自治县', 99, 0),
(3070, 3063, '耿马傣族佤族自治县', 99, 0),
(3071, 3063, '沧源佤族自治县', 99, 0),
(3072, 2987, '怒江傈僳族自治州', 99, 0),
(3073, 3072, '泸水县', 99, 0),
(3074, 3072, '福贡县', 99, 0),
(3075, 3072, '贡山独龙族怒族自治县', 99, 0),
(3076, 3072, '兰坪白族普米族自治县', 99, 0),
(3077, 2987, '曲靖市', 99, 0),
(3078, 3077, '麒麟区', 99, 0),
(3079, 3077, '马龙县', 99, 0),
(3080, 3077, '陆良县', 99, 0),
(3081, 3077, '师宗县', 99, 0),
(3082, 3077, '罗平县', 99, 0),
(3083, 3077, '富源县', 99, 0),
(3084, 3077, '会泽县', 99, 0),
(3085, 3077, '沾益县', 99, 0),
(3086, 3077, '宣威市', 99, 0),
(3087, 2987, '思茅市', 99, 0),
(3088, 3087, '翠云区', 99, 0),
(3089, 3087, '普洱哈尼族彝族自治县', 99, 0),
(3090, 3087, '墨江哈尼族自治县', 99, 0),
(3091, 3087, '景东彝族自治县', 99, 0),
(3092, 3087, '景谷傣族彝族自治县', 99, 0),
(3093, 3087, '镇沅彝族哈尼族拉祜族自治县', 99, 0),
(3094, 3087, '江城哈尼族彝族自治县', 99, 0),
(3095, 3087, '孟连傣族拉祜族佤族自治县', 99, 0),
(3096, 3087, '澜沧拉祜族自治县', 99, 0),
(3097, 3087, '西盟佤族自治县', 99, 0),
(3098, 2987, '文山壮族苗族自治州', 99, 0),
(3099, 3098, '文山县', 99, 0),
(3100, 3098, '砚山县', 99, 0),
(3101, 3098, '西畴县', 99, 0);
INSERT INTO `db_areas` (`id`, `parent_id`, `name`, `listorder`, `cache`) VALUES
(3102, 3098, '麻栗坡县', 99, 0),
(3103, 3098, '马关县', 99, 0),
(3104, 3098, '丘北县', 99, 0),
(3105, 3098, '广南县', 99, 0),
(3106, 3098, '富宁县', 99, 0),
(3107, 2987, '西双版纳傣族自治州', 99, 0),
(3108, 3107, '景洪市', 99, 0),
(3109, 3107, '勐海县', 99, 0),
(3110, 3107, '勐腊县', 99, 0),
(3111, 2987, '玉溪市', 99, 0),
(3112, 3111, '红塔区', 99, 0),
(3113, 3111, '江川县', 99, 0),
(3114, 3111, '澄江县', 99, 0),
(3115, 3111, '通海县', 99, 0),
(3116, 3111, '华宁县', 99, 0),
(3117, 3111, '易门县', 99, 0),
(3118, 3111, '峨山彝族自治县', 99, 0),
(3119, 3111, '新平彝族傣族自治县', 99, 0),
(3120, 3111, '元江哈尼族彝族傣族自治县', 99, 0),
(3121, 2987, '昭通市', 99, 0),
(3122, 3121, '昭阳区', 99, 0),
(3123, 3121, '鲁甸县', 99, 0),
(3124, 3121, '巧家县', 99, 0),
(3125, 3121, '盐津县', 99, 0),
(3126, 3121, '大关县', 99, 0),
(3127, 3121, '永善县', 99, 0),
(3128, 3121, '绥江县', 99, 0),
(3129, 3121, '镇雄县', 99, 0),
(3130, 3121, '彝良县', 99, 0),
(3131, 3121, '威信县', 99, 0),
(3132, 3121, '水富县', 99, 0),
(3133, 0, '浙江', 99, 1),
(3134, 3133, '杭州市', 99, 0),
(3135, 3134, '上城区', 99, 0),
(3136, 3134, '下城区', 99, 0),
(3137, 3134, '江干区', 99, 0),
(3138, 3134, '拱墅区', 99, 0),
(3139, 3134, '西湖区', 99, 0),
(3140, 3134, '滨江区', 99, 0),
(3141, 3134, '萧山区', 99, 0),
(3142, 3134, '余杭区', 99, 0),
(3143, 3134, '桐庐县', 99, 0),
(3144, 3134, '淳安县', 99, 0),
(3145, 3134, '建德市', 99, 0),
(3146, 3134, '富阳市', 99, 0),
(3147, 3134, '临安市', 99, 0),
(3148, 3133, '湖州市', 99, 0),
(3149, 3148, '吴兴区', 99, 0),
(3150, 3148, '南浔区', 99, 0),
(3151, 3148, '德清县', 99, 0),
(3152, 3148, '长兴县', 99, 0),
(3153, 3148, '安吉县', 99, 0),
(3154, 3133, '嘉兴市', 99, 0),
(3155, 3154, '秀城区', 99, 0),
(3156, 3154, '秀洲区', 99, 0),
(3157, 3154, '嘉善县', 99, 0),
(3158, 3154, '海盐县', 99, 0),
(3159, 3154, '海宁市', 99, 0),
(3160, 3154, '平湖市', 99, 0),
(3161, 3154, '桐乡市', 99, 0),
(3162, 3133, '金华市', 99, 0),
(3163, 3162, '婺城区', 99, 0),
(3164, 3162, '金东区', 99, 0),
(3165, 3162, '武义县', 99, 0),
(3166, 3162, '浦江县', 99, 0),
(3167, 3162, '磐安县', 99, 0),
(3168, 3162, '兰溪市', 99, 0),
(3169, 3162, '义乌市', 99, 0),
(3170, 3162, '东阳市', 99, 0),
(3171, 3162, '永康市', 99, 0),
(3172, 3133, '丽水市', 99, 0),
(3173, 3172, '莲都区', 99, 0),
(3174, 3172, '青田县', 99, 0),
(3175, 3172, '缙云县', 99, 0),
(3176, 3172, '遂昌县', 99, 0),
(3177, 3172, '松阳县', 99, 0),
(3178, 3172, '云和县', 99, 0),
(3179, 3172, '庆元县', 99, 0),
(3180, 3172, '景宁畲族自治县', 99, 0),
(3181, 3172, '龙泉市', 99, 0),
(3182, 3133, '宁波市', 99, 0),
(3183, 3182, '海曙区', 99, 0),
(3184, 3182, '江东区', 99, 0),
(3185, 3182, '江北区', 99, 0),
(3186, 3182, '北仑区', 99, 0),
(3187, 3182, '镇海区', 99, 0),
(3188, 3182, '鄞州区', 99, 0),
(3189, 3182, '象山县', 99, 0),
(3190, 3182, '宁海县', 99, 0),
(3191, 3182, '余姚市', 99, 0),
(3192, 3182, '慈溪市', 99, 0),
(3193, 3182, '奉化市', 99, 0),
(3194, 3133, '衢州市', 99, 0),
(3195, 3194, '柯城区', 99, 0),
(3196, 3194, '衢江区', 99, 0),
(3197, 3194, '常山县', 99, 0),
(3198, 3194, '开化县', 99, 0),
(3199, 3194, '龙游县', 99, 0),
(3200, 3194, '江山市', 99, 0),
(3201, 3133, '绍兴市', 99, 0),
(3202, 3201, '越城区', 99, 0),
(3203, 3201, '绍兴县', 99, 0),
(3204, 3201, '新昌县', 99, 0),
(3205, 3201, '诸暨市', 99, 0),
(3206, 3201, '上虞市', 99, 0),
(3207, 3201, '嵊州市', 99, 0),
(3208, 3133, '台州市', 99, 0),
(3209, 3208, '椒江区', 99, 0),
(3210, 3208, '黄岩区', 99, 0),
(3211, 3208, '路桥区', 99, 0),
(3212, 3208, '玉环县', 99, 0),
(3213, 3208, '三门县', 99, 0),
(3214, 3208, '天台县', 99, 0),
(3215, 3208, '仙居县', 99, 0),
(3216, 3208, '温岭市', 99, 0),
(3217, 3208, '临海市', 99, 0),
(3218, 3133, '温州市', 99, 0),
(3219, 3218, '鹿城区', 99, 0),
(3220, 3218, '龙湾区', 99, 0),
(3221, 3218, '瓯海区', 99, 0),
(3222, 3218, '洞头县', 99, 0),
(3223, 3218, '永嘉县', 99, 0),
(3224, 3218, '平阳县', 99, 0),
(3225, 3218, '苍南县', 99, 0),
(3226, 3218, '文成县', 99, 0),
(3227, 3218, '泰顺县', 99, 0),
(3228, 3218, '瑞安市', 99, 0),
(3229, 3218, '乐清市', 99, 0),
(3230, 3133, '舟山市', 99, 0),
(3231, 3230, '定海区', 99, 0),
(3232, 3230, '普陀区', 99, 0),
(3233, 3230, '岱山县', 99, 0),
(3234, 3230, '嵊泗县', 99, 0),
(3235, 0, '香港', 99, 8),
(3236, 3235, '九龙', 99, 0),
(3237, 3235, '香港岛', 99, 0),
(3238, 3235, '新界', 99, 0),
(3239, 0, '澳门', 99, 8),
(3240, 3239, '澳门半岛', 99, 0),
(3241, 3239, '离岛', 99, 0),
(3243, 3242, '台北市', 99, 0),
(3244, 3242, '高雄市', 99, 0),
(3245, 3242, '高雄县', 99, 0),
(3246, 3242, '花莲县', 99, 0),
(3247, 3242, '基隆市', 99, 0),
(3248, 3242, '嘉义市', 99, 0),
(3249, 3242, '嘉义县', 99, 0),
(3250, 3242, '金门县', 99, 0),
(3251, 3242, '苗栗县', 99, 0),
(3252, 3242, '南投县', 99, 0),
(3253, 3242, '澎湖县', 99, 0),
(3254, 3242, '屏东县', 99, 0),
(3255, 3242, '台北县', 99, 0),
(3256, 3242, '台东县', 99, 0),
(3257, 3242, '台南市', 99, 0),
(3258, 3242, '台南县', 99, 0),
(3259, 3242, '台中市', 99, 0),
(3260, 3242, '台中县', 99, 0),
(3261, 3242, '桃园县', 99, 0),
(3262, 3242, '新竹市', 99, 0),
(3263, 3242, '新竹县', 99, 0),
(3264, 3242, '宜兰县', 99, 0),
(3265, 3242, '云林县', 99, 0),
(3266, 3242, '彰化县', 99, 0);

-- --------------------------------------------------------

--
-- 表的结构 `db_article`
--

CREATE TABLE IF NOT EXISTS `db_article` (
  `article_id` int(11) NOT NULL AUTO_INCREMENT COMMENT '索引id',
  `ac_id` int(11) DEFAULT NULL COMMENT '分类id',
  `code_type` varchar(10) NOT NULL COMMENT '文章类别',
  `article_url` varchar(100) DEFAULT NULL COMMENT '跳转链接',
  `article_show` tinyint(1) unsigned NOT NULL DEFAULT '1' COMMENT '是否显示，0为否，1为是，默认为1',
  `isrecommend` tinyint(1) unsigned NOT NULL DEFAULT '0' COMMENT '首页推荐0否1是',
  `article_focus` varchar(100) NOT NULL COMMENT '首页焦点图片',
  `article_logo` varchar(100) DEFAULT NULL COMMENT '焦点图片',
  `listorder` int(10) unsigned NOT NULL COMMENT '排序',
  `article_title` varchar(100) DEFAULT NULL COMMENT '标题',
  `lang_type` varchar(10) CHARACTER SET utf8 COLLATE utf8_unicode_ci NOT NULL DEFAULT 'zh' COMMENT '语言版本',
  `article_content` text COMMENT '内容',
  `dot` int(10) NOT NULL DEFAULT '0',
  `article_time` int(10) unsigned NOT NULL DEFAULT '0' COMMENT '发布时间',
  `sts` tinyint(1) DEFAULT '0' COMMENT '逻辑删除',
  PRIMARY KEY (`article_id`)
) ENGINE=MyISAM  DEFAULT CHARSET=utf8 COMMENT='文章表' AUTO_INCREMENT=29 ;

--
-- 转存表中的数据 `db_article`
--

INSERT INTO `db_article` (`article_id`, `ac_id`, `code_type`, `article_url`, `article_show`, `isrecommend`, `article_focus`, `article_logo`, `listorder`, `article_title`, `lang_type`, `article_content`, `dot`, `article_time`, `sts`) VALUES
(1, 1, 'news', '', 1, 0, '', NULL, 255, 'test article', 'zh', 'asdf', 0, 1395920779, 1),
(2, 4, 'help', '', 1, 0, '', 'uploadfile/acticle/2014/05/26/14010473989334s0.jpg', 255, 'test article', 'zh', '<span style="color:#666666;font-family:微软雅黑;line-height:21px;text-indent:25px;white-space:normal;background-color:#EBEBEB;">双鸟机械有限公司是专业生产轻小型起重机械的民营有限责任公司,是中国重型机械工业协会起重葫芦分会副理事长单位。</span>', 59, 1406681654, 1),
(3, 13, 'news', '', 1, 0, 'uploadfile/acticle/2014/06/23/14034982459152s0.jpg', 'uploadfile/acticle/2014/05/26/14010426485959s0.jpg', 255, '电动葫芦保养的十八个原则', 'zh', '电动葫芦保养好了，使用寿命会大大增强，保养的不好电动葫芦容易损坏，给自己造成不必要的损失。<br />\r\n蓝威起重作为专业的电动葫芦制造服务商，总结了电动葫芦产品保养的十八个原则：<br />\r\n1、新安装或经拆检后安装的电动葫芦，首先应进行空车试运转数次。但未安装完毕前，切忌通电试转。<br />\r\n2、正常使用前应进行以额定负荷125%,起升离地面约100毫米，10分钟的静负荷试验，检查是否正常。<br />\r\n3、动负荷试验是以额定负荷重量，作反复升降与左右移动试验，试验后检查其机械传动部分，电器部分和连接部分 是否正常可靠。<br />\r\n4、在使用中，绝对禁止在不允许的环境下，及超过额定负荷和每小时额定合闸次数(120次)情况下使用。<br />\r\n5、安装调试和维护时，必须严格检查限位装置是否灵活可靠，当吊钩升至上极限位置时，吊钩外壳到卷筒外壳之距离必须大于50mm(10t,16t,20t必须大于120mm)。当吊钩降至下极限位置时，应保证卷筒上钢丝绳安全圈，有效安全圈必须在2圈以上。<br />\r\n6、不允许同时按下两个使电动葫芦按相反方向运动的手电门按钮。<br />\r\n7、工作完毕后必须把电源的总闸拉开，切断电源。<br />\r\n8、电动葫芦应由专人操纵，操纵者应充分掌握安全操作规程，严禁歪拉斜吊。<br />\r\n9、在使用中必须由专门人员定期对电动葫芦进行检查，发现故障及时采取措施，并仔细加以记录。<br />\r\n10、调整电动葫芦制动下滑量时，应保证额定载荷下，制动下滑量S≤V/100(V为负载下一分钟内稳定起升的距离)。<br />\r\n11、钢丝绳的报废标准:钢丝绳的检验和报废标准按CB/T5972-1986《起重机械用钢丝绳检验和报废实用规范》执行。<br />\r\n12、电动葫芦使用中必须保持足够的润滑油，并保持润滑油的干净，不应含有杂质和污垢。<br />\r\n13、钢丝绳上油时应该使用硬毛刷或木质小片，严禁直接用手给正在工作的钢丝绳上油。<br />\r\n14、电动葫芦不工作时，不允许把重物悬于空中，防止零件产生永久变形。<br />\r\n15、在使用过程中，如果发现故障，应立即切断主电源。<br />\r\n16、使用中应特别注意易损件情况。<br />\r\n17、10~20吨葫芦在长时间连续运转后，可能出现自动断电现象，这属于电机的过热保护功能，此时可以下降，过一段时间，待电机冷却下来后即可继续工作。<br />\r\n18、这个是最重要的原则购买的电动葫芦 要当成自己家的产品来使用，保养要勤快，要有规律，要学习专业知识，做到专业保养!<br />\r\n<br />', 76, 1408934819, 1),
(17, 1, 'news', '', 1, 1, 'uploadfile/acticle/2014/08/25/14089442245476s0.jpg', 'uploadfile/acticle/2014/08/25/14089351595838s0.JPG', 1, '华良财富导读：信托参与资产证券化并非“看上去很美”', 'zh', '<p>\r\n	<span style="line-height:1.5;">2014年亚洲国际物流技术与运输系统展览会将于2014年10月27日至30日在上海新国际博览中心召开，浙江双鸟机械有限公司展位：TA-31，届时真诚的欢迎您莅临指导——双鸟机械 </span> \r\n</p>\r\n<img src="http://shuangniao.hzchihu.com//uploadfile/acticle/2014/08/25/14089355014265s0.JPG" alt="http://shuangniao.hzchihu.com//uploadfile/acticle/2014/08/25/14089355014265s0.JPG" />', 228, 1415539529, 0),
(4, 13, 'news', '', 1, 0, '', NULL, 255, '电动葫芦-起升结构中的振动与噪声故障修理', 'zh', '现在以M40—30型门座起重机为例介绍起升机构的振动与噪声故障的修理。<br />\r\n一、振动故障的修理<br />\r\nM40--30型门座起重机主起升机构布置，由快速电动机、制动器、卷筒、ZQ一750和2Q一250圆柱齿轮减速器、行星齿轮减速器、慢速电动机及制动器等组成。这台门座起重机工作在造船厂船舶生产流水线上。<br />\r\n1.故障现象<br />\r\n起升机构快速系统呈现故障时，无论起重机是空钩还是负载，作上升和下降动作时，行星齿轮减速器5以及制动器架均偶尔且同时产生明显的异常振动，并有难以从正常声响中辨别的异常噪声从行星齿轮减速器处传出。这种振动故障的特点与常见的机械振动因素(如齿轮啮合冲击、滚动轴承破碎造成的传动轴堵转、机械联接脱落等)引起的振动有所不同，它没有规律性，在快速系统各速度档起升和下降时都有偶然出现。而且振动幅度大，为断续振动，时间也很短促，每次约为3—5S。从振动的表现形式上看，故障源似乎是行星齿轮减速器。<br />\r\n2.故障处理<br />\r\n为了准确找到振动源，在现场对故障进行认真观察，振动特征不像机械因素引起的振动具有明显的规律性。暂时不对行星齿轮减速器拆卸与检查，开动主起升快速系统运行，先用MG36型多用钳形表测量快速电动机的电源;其结果为：不论起重机空载还是负载?行星齿轮减速器产生振动时，快速电动机电源三相电流不稳定。仔细检查快速电动机接线盒中的接线头和螺栓紧固情况，接触良好，无松动与烧蚀现象。进而查找到主起升控制屏，发现有一接触器有拉弧现象，其触头上灰垢较多，并有多点被电弧烧灼的痕迹。切断电源对触头及整个控制屏进行清洁，并用细砂布打磨后重新接通电源，操纵该系统，作空载和负载多次反复地利用各档速度起升下降，行星齿轮减速器和制动器均无异常振动现象，故障已排除。<br />\r\n二、噪声故障的修理<br />\r\n1.故障现象<br />\r\n还是上述门座起重机的该系统。一次当用主吊钩(额定起重量40t)吊装重36.ot的船体分段(在允许的相应幅度范围)时，采用快速起升，发现转盘出现比平常较厉害的振动，在司机室和机房内均可听到强烈的异常噪声。用高速档快速下降时，又没有异常噪声，继而负载慢速起升和下降均无异常噪声传出。卸载后空钩快速起升和下降无噪声，第二次负载快速低速档起动、高速档上升均有故障现象。<br />\r\n2.故障处理<br />\r\n轰隆隆的异常噪声是行星齿轮减速器5处传出来的，很容易被误判故障点就在此处。但是，能听到噪声的零部件不一定就是真正的声源。电动机在运行状态，测得其三相电流不平衡，经查找故障原因是主吊钩快速电动机电源进线一相接线柱上的螺母松动，接头烧蚀。用绝缘柄螺丝刀压住松动的接线头，操纵主吊钩负载作前述故障的工况运行，异常噪声消除，更换接线头，紧固螺母，故障排除。<br />\r\n三、故障分析<br />\r\n上述两例振动和噪声故障的原因分别是接触器接触不良，和接线柱上螺母松动使快速电动机缺相运行所造成的。第二例中电动机的缺相运行在无载(空钩)短时工作没有故障反应，所发出的嗡嗡响声被其他声音所掩盖，负载下降是船体分段自重力矩的作用，也不显故障。<br />\r\n(1)两例故障中表现出故障的行星齿轮减速器都不是故障源(振动源和声源)。<br />\r\n(2)由于主起升机构快速电动机三相电源不平衡，使电动机内部产生了顺序和逆序两种旋转磁场，这种变化的磁场作用于定子和转子产生了异常的交变力，便引起了电动机异常的电磁振动。<br />\r\n(3)快速电动机通过轴、带制动轮的联轴器、ZQ一750圆柱齿轮减速器等与行星齿轮减速器相连接。电动机产生的这种异常振动，经过固体传声过程，传递给行星齿轮减速器壳体，使其受激振动;行星齿轮减速器的振动频率又与其固有频率相一致或倍频关系，因而产生了强烈共振。在主起升快速传动系统中，ZQ一750圆柱齿轮减速器内，各级轴以轴承支承在箱体轴承座孔中，结构上相当于在箱体内设置了固定杆，外部又设有加强筋板，内外结构增加了箱体的动刚度，因而使其受激响应减小。ZQ一750圆柱齿轮减速调与机座相对静止，其最小壁厚乱=15mm，材料为铸铁;而行星齿轮减速器的最小壁厚62=7mm，通盖材料为A。钢(钢比铸铁内阻尼力低而声辐射高)，行星齿轮减速器壳体的内腔只设有内齿圈，属于无加强筋的薄壁空腔壳件;这种薄壁空腔壳件的动刚度比前者小得多，受激振动的可能性必然要大些。在快速起升动作时，其相对于机座并绕本身轴线作回转运动而产生振动。制动器与悬臂支承的行星齿轮减速器连于同一机座，所以制动器也随之振动。<br />\r\n(4)第一例中电磁振动异常响声很弱，是因为振动的频率较低，而第二例中的强烈异常噪声者是高频率振动所致。<br />\r\n综上分析，电动机产生的异常电磁振动，是经过相连接的零部件传递，以薄壁的且动刚度最小的行星齿轮减速器为受激振动体激振或者以壳体表面为辐射面而向前外发声，被检查者看到振动或听到噪声的。<br />', 28, 1401030119, 1),
(5, 13, 'news', '', 1, 0, '', NULL, 255, '电力机具—分离式压钳重量轻操作方便', 'zh', '电力机具—分离式压钳产品的用途：用于各种铜、铝导线接续管、接线端子及电缆的冷态压接。—分离式压钳特点：分离式结构、重量轻、操作方便、模具可更换、操作迅速安全。<br />\r\n扬州工二电力机具有限公司良好的声誉来源于多年来可靠的产品质量和国内电力系统范围内的实际应用，已证实了本公司电力机具，效率高、维修方便、售后服务良好，深得用户的信赖。<br />', 25, 1401030221, 1),
(6, 13, 'news', '', 1, 0, '', NULL, 255, '特大线盘放线架液压式电力机具', 'zh', '电力机具特大线盘放线架（液压式）<br />\r\n用途；用于电缆线盘支撑。&nbsp;<br />\r\n特点：液压顶升、装卸重量大、装有滚动脚轮、便于移动<br />', 37, 1401030305, 1),
(7, 13, 'news', '', 1, 0, '', NULL, 255, '防止电动葫芦钢丝绳生锈的方法', 'zh', '防止电动葫芦钢丝绳生锈的保养方法如下：<br />\r\n一、钢丝绳电动葫芦齿轮箱，应在齿轮表面涂含有石油磺酸钡的防锈脂，并定期检查锈蚀情况及保护油膜完整情况。<br />\r\n二、钢丝绳葫芦各部分已加工的外露表面和外露的螺纹表面等易腐蚀部分，应当涂抹钙基防锈润滑脂或其它防锈润滑脂。<br />\r\n三、钢丝绳表面应涂防锈润滑油，在非作业条件下应当在外部包裹苫布或塑料薄膜。<br />\r\n四、吊钩的轴承内，要注入钙基防锈润滑脂以防锈，并时常检查。<br />\r\n对于已经生锈的部位，先用硬木片或竹片刮去锈斑重新涂油，如原来油膜已损坏或变质，应用煤油或汽油清洗干净，再涂防锈脂。<br />', 32, 1401030437, 1),
(8, 13, 'news', '', 1, 0, '', NULL, 255, '电动葫芦近年被用于浮顶罐的施工逐渐频繁', 'zh', '电动葫芦近年被用于浮顶罐的施工逐渐频繁，选择使用电动葫芦进行浮顶罐施工，是因为它其的适用性，尤其是电动葫芦倒装法在该领域更能凸显其优势。 电动葫芦提升倒装有明显的优越性及适用性，特别对于浮顶罐施工，提升倒装法用于1万m3外浮顶罐，浮顶罐施工要求高，维修不便，一般情况下选择低速平稳的葫芦工作。&nbsp;<br />\r\n电动葫芦提升倒装法比较安全、平稳、，调节方便，每圈壁板提升只需3-5min完成。无高空作业，施工安全可靠，罐壁板组焊均在地面上进行，老大强度低，也不必使用大型吊装机具（吊车）。<br />\r\n适用性强的，施工不受水源限制。易于控制壁板变形和确保罐体几何尺寸精度，从而保证了壁板组焊质量，避免了充水正装等工艺不利于控制壁板（尤其薄板）变形的缺点。浮顶分阶段制作，对罐体施工影响不大，便于各工序交叉作业及流水线作业，电动葫芦提升倒装法提高了劳动效率及设备机具使用效率。<br />', 15, 1401030473, 1),
(9, 13, 'news', '', 1, 0, '', NULL, 255, '钢丝绳电动葫芦技术水平在国内发展迟缓的原因？', 'zh', '钢丝绳 电动葫芦技术水平在国内发展迟缓，其原因是多方面的：(1)国内钢丝绳电动葫芦企业生产、制造水平及配套的机械、电气及标准件技术基础较低； (2)近20年来，国内经济体制由计划经济转向市场经济，许多国营企业在转制初期不可能将大量的资金投入到产品开发上；(3)CDl型钢丝绳电动葫芦目前仍有一定的市场占有率。&nbsp;<br />\r\n&nbsp; &nbsp; &nbsp; 近年来，国外的钢丝绳电动葫芦技术水平发展很快。随着我国加入WTO，外资企业纷纷打进中国市场，国外钢丝绳电动葫芦对国内产品的冲击将越来越大。国内低价、低档次的产品，已不再有广泛的市场，用户对产品的性价比越来越重视。所以，国内钢丝绳电动葫芦如不很快地适应国内、国际市场的要求进行产品更新换代，将很快被淘汰。&nbsp;<br />\r\n&nbsp; &nbsp; &nbsp; CDl型钢丝绳电动葫芦能在国内市场使用近30多年，有其成功的方面，但是在其使用过程中也暴露了一些亟待改进的不足。&nbsp;<br />', 12, 1401030514, 1),
(10, 13, 'news', '', 1, 0, '', NULL, 255, '电动葫芦钢丝绳常用镀层和带油两种材质', 'zh', '钢丝绳电动葫芦中的钢丝绳最容易磨损和腐蚀，所以一般采取各种保护措施，最大限度上延长钢丝绳和电动葫芦的使用寿命。<br />\r\n以下是最常用到的，也是最简单直接的两种方式：镀层和带油。<br />\r\n镀层：锌、铝、尼龙或塑料通常用作普通钢丝绳的外面，起到更好的保护作用，构成适合特殊和严酷环境中使用的钢丝绳，镀锌钢丝绳一般适合严重腐蚀的条件下使用，而镀铝钢丝绳耐腐蚀、耐高温性能更好，外层为尼龙和塑料的钢丝绳按涂层和涂股后合绳区别用于静索和动索。<br />\r\n带油：纤维芯浸油，保护绳芯不会腐烂，由内而外的滋润钢丝绳。外层润滑油脂，主要起到防锈作用。不管是哪种用途的钢丝绳都要涂油防锈，而且在工作中要及时补充。<br />', 17, 1401030587, 1),
(11, 14, 'news', '', 1, 0, 'uploadfile/acticle/2014/08/25/1408934959125s0.jpg', 'uploadfile/acticle/2014/08/25/14089349590259s0.jpg', 255, '如何做到安全使用起重链条', 'zh', '&nbsp; &nbsp; &nbsp; 起重链条在作业的时候经常会用到吊索具，吊索具是由吊钩和铁索链条组合而成。在起重机工作的时候，链条会作用于葫芦上，这种简单的相互作用，即可以完成日常的作业。 <br />\r\n关注起重链条安全守则的，同时也会关注很多别的问题，譬如：起重链条规格、起重链条厂家、起重链条制造厂、起重链条国家标准等问题，这篇文章着重的介绍起重链条的安全守则。 <br />\r\n第一、起重链条在滑卷筒上工作时，要控制它的速度，最佳的速度为1m/s。 <br />\r\n第二、起重链条在使用的过程中，最好是垂直起吊。 <br />\r\n第三、链条在使用的过程中，避免振动的幅度过大，注意使用标准。 <br />\r\n第四、链条在使用前检查链条接头以及环链是否有磨损和裂痕。 <br />\r\n虽然就是简简单单几点使用标准，但是却囊括了安全使用起重链条的法则，是长时间操作所积累的安全意识总结。<br />', 37, 1408934959, 1),
(12, 14, 'news', '', 1, 0, '', 'uploadfile/acticle/2014/05/26/14010419677551s0.jpg', 255, '手扳葫芦的有效维护', 'zh', '<p>\r\n	<a href="http://www.tbmhoist.cn/" style="margin:0px;padding:0px;color:#333333;line-height:20px;text-decoration:none;font-family:Simsun;white-space:normal;background-color:#FFFFFF;">手扳葫芦</a><span style="color:#333333;font-family:Simsun;line-height:25px;white-space:normal;background-color:#FFFFFF;">的有效维护：</span> \r\n</p>\r\n<p>\r\n	<bra style="color:#333333;font-family:Simsun;line-height:25px;white-space:normal;background-color:#FFFFFF;">&nbsp;1）手扳葫芦在使用前，应检查各手柄运动是否灵活，各摩擦部位是否有润滑油，若发现手柄运动不正常则应进行修理；</bra>\r\n</p>\r\n<p>\r\n	<bra style="color:#333333;font-family:Simsun;line-height:25px;white-space:normal;background-color:#FFFFFF;"><bra>&nbsp;2）工作中严禁同时扳动前进手柄和倒退把；<bra>&nbsp;</bra></bra></bra>\r\n</p>\r\n<p>\r\n	<bra style="color:#333333;font-family:Simsun;line-height:25px;white-space:normal;background-color:#FFFFFF;"><bra><bra>&nbsp;3）工作中千万注意不可扳动松卸手柄，切忌超载使用；</bra></bra></bra>\r\n</p>\r\n<p>\r\n	<bra style="color:#333333;font-family:Simsun;line-height:25px;white-space:normal;background-color:#FFFFFF;"><bra><bra><bra>&nbsp;4）进行高空作业时，必须附加安全器，否则不得使用；</bra></bra></bra></bra>\r\n</p>\r\n<p>\r\n	<bra style="color:#333333;font-family:Simsun;line-height:25px;white-space:normal;background-color:#FFFFFF;"><bra><bra><bra><bra>&nbsp;5）起升吊篮进行高层建筑施工时，工作负荷为原负荷1/3承载并加安全器；</bra></bra></bra></bra></bra>\r\n</p>\r\n<p>\r\n	<bra style="color:#333333;font-family:Simsun;line-height:25px;white-space:normal;background-color:#FFFFFF;"><bra><bra><bra><bra><bra>&nbsp;6）经常检查钢丝绳状况，如有压溃断丝，松散起鼓不能继续使用。</bra></bra></bra></bra></bra></bra>\r\n</p>', 40, 1401041967, 1),
(13, 16, 'news', '', 1, 1, '', 'uploadfile/acticle/2014/05/26/14010486470585s0.jpg', 255, '工程机械用电动环链葫芦', 'zh', '<p>\r\n	<span style="font-family:monospace;font-size:medium;line-height:normal;white-space:pre-wrap;">EQ的轻量、小型的特点在马达装配线的运用也十分的广泛。</span> \r\n</p>\r\n<p>\r\n	<span style="font-family:monospace;font-size:medium;line-height:normal;white-space:pre-wrap;"><span style="font-family:monospace;font-size:medium;line-height:normal;white-space:pre-wrap;">虽然EQ才上市1年多的时间，但其保留了ER2型</span>.<br />\r\n</span> \r\n</p>\r\n<p>\r\n	<span style="font-family:monospace;font-size:medium;line-height:normal;white-space:pre-wrap;"><span style="font-family:monospace;font-size:medium;line-height:normal;white-space:pre-wrap;">在配合其本身的优点也获得了客户们的认可。</span><br />\r\n</span> \r\n</p>', 109, 1403496919, 1),
(14, 13, 'news', '', 1, 1, 'uploadfile/acticle/2014/06/23/1403492477116s0.jpg', 'uploadfile/acticle/2014/06/23/14034924770796s0.jpg', 255, '钢丝绳电动葫芦技术水平在国内发展迟缓的原因？', 'zh', 'adfadsfaadfaaaaabbb', 28, 1403497122, 1),
(16, 13, 'news', '', 1, 0, '', NULL, 255, 'aaa', 'zh', 'asdf', 0, 1403493743, 1),
(18, 13, 'news', '', 1, 0, 'uploadfile/acticle/2014/08/25/14089440764255s0.JPG', 'uploadfile/acticle/2014/08/25/14089440998423s0.JPG', 255, '电动葫芦的主要特点', 'zh', '<span style="color:#333333;font-family:宋体;line-height:25px;white-space:normal;background-color:#FFFFFF;">\r\n<p>\r\n	钢丝绳电动葫芦的优点为长度尺寸小，电机装在卷筒里面的电动葫芦。\r\n</p>\r\n<p>\r\n	电动葫芦结构紧凑，电机轴线垂直于卷筒轴线的电动葫芦采用蜗轮传动装置。其缺点为：长度尺寸大，宽度方面尺寸大，结构粗笨，机械效率低，加工较难等。液压系统为双重控制，溢流调节阀、磁接点压力表均可对压力进行精确的控制。电器控制部门采用了低电压控制，增加了支配系统的安全性，已没有厂家生产这种结构型式的产品了。\r\n</p>\r\n<p>\r\n	结构及特点：该机采用了机电一体化设计，更换不同的模具，即可压制不同规格的钢丝绳，支配简便、平安。其主要缺点为电机散热前提差，分组性差，检查、装置、维护电机方便，供电装置复杂。电念头轴线平行于卷筒轴线的电动葫芦，其钢丝绳电动葫芦优点为高度与长度尺寸小。其缺点为宽度尺寸大，分组性差，制造与装配复杂。\r\n</p>\r\n<p>\r\n	钢丝绳电动葫芦的分类及叙述钢丝绳电动葫芦的组成部门有：电机、传念头构、卷筒和链轮。以电机和卷筒相互位置不同大致可分为四种类型。压制的钢丝绳拉力大、美观、快速，压接一套钢丝绳只需几分钟即可完成，大大降低了劳动强度，提升了工作效率。\r\n</p>\r\n<p>\r\n	电机装在卷筒外面的电动葫芦，其优点为为分组性好、通用化程度高、改变起升高度轻易、装置检验利便。\r\n</p>\r\n<p>\r\n	电动葫芦的使用，可以说非常广泛，但是能正确利用电动葫芦优点来进行操作的人员可能就少之又少了，我在这里建议大家要多了解电动葫芦特点，这方面的知识，这样比较对电动葫芦使用比较好。\r\n</p>\r\n</span><span style="color:#333333;font-family:宋体;line-height:25px;white-space:normal;background-color:#FFFFFF;"></span>', 31, 1409118984, 1),
(19, 13, 'news', '', 1, 0, '', 'uploadfile/acticle/2014/08/27/1409099783887s0.jpg', 255, '怎样检测环链电动葫芦的质量好坏', 'zh', '<span style="color:#333333;font-family:宋体;line-height:25px;white-space:normal;background-color:#FFFFFF;"> \r\n<p style="margin-top:0px;margin-bottom:0px;padding:0px;color:#333333;line-height:25px;font-family:宋体;white-space:normal;background-color:#FFFFFF;">\r\n	<p>\r\n		其从内部构成看，这个就涉及到专业知识才里面了，因此一定&nbsp;要请专业人士或者有着丰富经验的人士验看电机、环链和制动装置的优劣，这些是环链电动葫芦最重要的组成部分，也决定了其使用效率和使用寿命。&nbsp;\r\n	</p>\r\n	<p>\r\n		我们觉得亲自使用检验机器才是最好的方法，在接通电源后控制环链电动葫芦上下左右移动，观察方向键是否正确，同时注意上下运行停止时，是否有刹车的声音，另外看停止后，链条时候有下滑，如果有，说明摩擦片过松，或安装不正常。在这些没有问题之后，点按上下键，观察运行距离，距离越小的环链电动葫芦越好。&nbsp;\r\n	</p>\r\n	<p>\r\n		最常见的方法也是最直接方法：产品品牌，产品牌子标识将是你鉴别其质量好坏的最明显方法，一个产品能成为牌子绝非偶然，必须有广大的消费认知它的存在，才会形成品牌效应。这些牌子的环链电动葫芦产品说明上都有一些产品知识简介，如：额定载荷，试验合格证书编号，起升速度，基本机体等10大项内容，如果缺少的话那就有可能是质量有问题。&nbsp;\r\n	</p>\r\n	<p>\r\n		环链电动葫芦现在被广泛应用于各大行业因此对于质量要求相当严格，这毕竟关系着事故安全与否，因此如何鉴别环链电动葫芦品质的好坏是一门相当有考究的学问。\r\n	</p>\r\n</p>\r\n<div>\r\n	<br />\r\n</div>\r\n</span><span style="color:#333333;font-family:宋体;line-height:25px;white-space:normal;background-color:#FFFFFF;"></span>', 27, 1409119010, 1),
(20, 1, 'news', '', 1, 0, '', NULL, 255, '华良财富导读：一看就明白！信托与银行的真实关系', 'zh', 'test', 153, 1415539556, 0),
(21, 1, 'news', '', 1, 0, '', NULL, 255, '华良财富导读：四川信托两大转型路径浮现', 'zh', 'test', 115, 1415539574, 0),
(22, 1, 'news', '', 1, 0, '', NULL, 255, '华良财富导读：银监会批准全国信托登记中心落户上海自贸区', 'zh', 'test', 95, 1415539596, 0);
INSERT INTO `db_article` (`article_id`, `ac_id`, `code_type`, `article_url`, `article_show`, `isrecommend`, `article_focus`, `article_logo`, `listorder`, `article_title`, `lang_type`, `article_content`, `dot`, `article_time`, `sts`) VALUES
(23, 1, 'news', '', 1, 0, '', NULL, 255, '华良财富导读：2015年信托产品投资建议', 'zh', '<p style="text-align:left;text-indent:22.2pt;">\r\n	<span style="font-family:宋体;color:#333333;font-size:10.5pt;font-weight:bold;">一、2014年信托市场回顾</span><span style="font-family:宋体;color:#333333;font-size:10.5pt;"></span>\r\n</p>\r\n<p style="text-align:left;text-indent:22.2pt;">\r\n	<span style="font-family:宋体;color:#333333;font-size:10.5pt;font-weight:bold;">1、市场概述：增速放缓，兑付风波化险为夷</span><span style="font-family:宋体;color:#333333;font-size:10.5pt;"></span>\r\n</p>\r\n<p style="text-align:left;text-indent:22.2pt;">\r\n	<span style="font-family:宋体;color:#333333;font-size:10.5pt;">整体来看，2014年信托业继续保持稳步发展的态势，截至2014年三季度末，信托业管理的信托资产规模达12.95万亿元，接近13万亿元。</span><span style="font-family:宋体;color:#333333;font-size:10.5pt;"></span>\r\n</p>\r\n<p style="text-align:left;text-indent:22.2pt;">\r\n	<span style="font-family:宋体;color:#333333;font-size:10.5pt;">但是，在经济下行和竞争加剧的双重挑战下，信托业结束了自2008年以来的高速增长阶段，信托资产增速持续放缓，个别月份甚至出现了负增长现象。</span><span style="font-family:宋体;color:#333333;font-size:10.5pt;"></span>\r\n</p>\r\n<p style="text-align:left;text-indent:22.2pt;">\r\n	<span style="font-family:宋体;color:#333333;font-size:10.5pt;">当然，适当的放缓脚步，主动或者被动的夯实基础、谋求转型，也更加有利于信托业长久健康的发展。</span><span style="font-family:宋体;color:#333333;font-size:10.5pt;"></span>\r\n</p>\r\n<p style="text-align:left;text-indent:22.2pt;">\r\n	<span style="font-family:宋体;color:#333333;font-size:10.5pt;">从固定收益类集合信托来看，据统计，2014年，68家信托公司全员参与，共成立3704只固定收益类集合信托产品，纳入统计的2599只产品的总规模为4374.93亿元。产品成立数量较2013年增加了11.74%；成立规模较2013年下降了8.75%。</span><span style="font-family:宋体;color:#333333;font-size:10.5pt;"></span>\r\n</p>\r\n<p style="text-align:left;text-indent:22.2pt;">\r\n	<span style="font-family:宋体;color:#333333;font-size:10.5pt;">信托业经历了数年的高增长之后，伴随着中国经济结构的调整和增速放缓，也进入了信托业的增速放缓期。</span><span style="font-family:宋体;color:#333333;font-size:10.5pt;"></span>\r\n</p>\r\n<p style="text-align:left;text-indent:22.2pt;">\r\n	<span style="font-family:宋体;color:#333333;font-size:10.5pt;">从产品兑付情况来看，虽然市场唱衰信托声不止，市面上也确实出现了一些兑付风波，但最终通过各种措施均得到了有效化解，守住了不发生系统性区域性风险的底线。</span><span style="font-family:宋体;color:#333333;font-size:10.5pt;"></span>\r\n</p>\r\n<p style="text-align:left;text-indent:22.2pt;">\r\n	<span style="font-family:宋体;color:#333333;font-size:10.5pt;">据统计，2014年，在清算兑付的披露收益率的1892只产品中，平均为投资者实现的年化收益率为8.65%；新成立的披露预期收益率的1473只产品中，总平均预期年化收益率为8.73%。</span><span style="font-family:宋体;color:#333333;font-size:10.5pt;"></span>\r\n</p>\r\n<p style="text-align:left;text-indent:22.2pt;">\r\n	<span style="font-family:宋体;color:#333333;font-size:10.5pt;font-weight:bold;">2、监管动态：政策升级，行业机制逐步完善</span><span style="font-family:宋体;color:#333333;font-size:10.5pt;"></span>\r\n</p>\r\n<p style="text-align:left;text-indent:22.2pt;">\r\n	<span style="font-family:宋体;color:#333333;font-size:10.5pt;">监管制度是信托业赖以生存的土壤。从信托业曲折的发展历史来看，每一次的整顿升级，都意味着对信托制度与信托本源更透彻的理解，也都少不了监管政策的保驾护航。</span><span style="font-family:宋体;color:#333333;font-size:10.5pt;"></span>\r\n</p>\r\n<p style="text-align:left;text-indent:22.2pt;">\r\n	<span style="font-family:宋体;color:#333333;font-size:10.5pt;">2014年初，国办发107号文明确了信托公司“受人之托，代人理财”的功能定位，提出“推动信托公司业务模式转型，回归信托主业、运用净资本管理约束信托公司信贷类业务、信托公司不得开展非标准化理财资金池等具有影子银行特征的业务、建立完善信托产品登记信息系统、探索信托受益权流转”等指导意见。</span><span style="font-family:宋体;color:#333333;font-size:10.5pt;"></span>\r\n</p>\r\n<p style="text-align:left;text-indent:22.2pt;">\r\n	<span style="font-family:宋体;color:#333333;font-size:10.5pt;">4月，号称最严监管的“99号文”则主要从风险管控、业务转型、监管机制等三个层面来规范信托公司的发展，着重提出了建立流动性支持和资本补充机制、清理非标准化资金池产品等切实有效的管控手段，要求充分贯彻“卖者尽责、买者自负”的信托文化。</span><span style="font-family:宋体;color:#333333;font-size:10.5pt;"></span>\r\n</p>\r\n<p style="text-align:left;text-indent:22.2pt;">\r\n	<span style="font-family:宋体;color:#333333;font-size:10.5pt;">除监管政策升级外，信托业也在逐步完善行业机制。</span><span style="font-family:宋体;color:#333333;font-size:10.5pt;"></span>\r\n</p>\r\n<p style="text-align:left;text-indent:22.2pt;">\r\n	<span style="font-family:宋体;color:#333333;font-size:10.5pt;">2013年信托业年会上，银监会主席助理杨家才提出了完善信托业内部治理体系的“八大机制”。他分别从“公司治理机制、产品登记机制、分类经营机制、资本约束机制、社会责任机制、恢复与处置机制、行业稳定机制、监管评价机制”等八个层面深度分析了信托公司治理能力的建设问题。</span><span style="font-family:宋体;color:#333333;font-size:10.5pt;"></span>\r\n</p>\r\n<p style="text-align:left;text-indent:22.2pt;">\r\n	<span style="font-family:宋体;color:#333333;font-size:10.5pt;">现如今一年过去，各项机制已基本落地，并在稳步推进中。</span><span style="font-family:宋体;color:#333333;font-size:10.5pt;"></span>\r\n</p>\r\n<p style="text-align:left;text-indent:22.2pt;">\r\n	<span style="font-family:宋体;color:#333333;font-size:10.5pt;">其中，信托公司评级结果将作为衡量信托公司风险程度、监管规划和合理配置监管资源、采取监管措施和行动的主要依据。</span><span style="font-family:宋体;color:#333333;font-size:10.5pt;"></span>\r\n</p>\r\n<p style="text-align:left;text-indent:22.2pt;">\r\n	<span style="font-family:宋体;color:#333333;font-size:10.5pt;">信托业保障基金主要是建立市场化风险处置机制，保护信托当事人合法权益，有效防范信托业风险；信托登记制度则能使信托产品更加规范，实现信息的公开透明，为下一步实现信托产品受益权的转让以及质押融资奠定了坚实的基础，有助于提高信托产品的流动性、盘活存量资产。</span><span style="font-family:宋体;color:#333333;font-size:10.5pt;"></span>\r\n</p>\r\n<p style="text-align:left;text-indent:22.2pt;">\r\n	<span style="font-family:宋体;color:#333333;font-size:10.5pt;font-weight:bold;">二、2015年信托市场展望：稳步发展</span><span style="font-family:宋体;color:#333333;font-size:10.5pt;"></span>\r\n</p>\r\n<p style="text-align:left;text-indent:22.2pt;">\r\n	<span style="font-family:宋体;color:#333333;font-size:10.5pt;">回首2014，信托在质疑声中前行。展望2015，信托仍将稳步发展。</span><span style="font-family:宋体;color:#333333;font-size:10.5pt;"></span>\r\n</p>\r\n<p style="text-align:left;text-indent:22.2pt;">\r\n	<span style="font-family:宋体;color:#333333;font-size:10.5pt;">首先，宏观经济形势构成了信托业的生态环境。2015年中国经济将体现更多“新常态”特征：增长速度略有放缓，但就业情况和物价走势保持基本稳定，经济结构继续改善，经济增长的可持续性有所增强。</span><span style="font-family:宋体;color:#333333;font-size:10.5pt;"></span>\r\n</p>\r\n<p style="text-align:left;text-indent:22.2pt;">\r\n	<span style="font-family:宋体;color:#333333;font-size:10.5pt;">在经济新常态下，产业结构的调整和升级是实体经济发展的典型特征。由于过度投资而导致产能过剩的传统产业的规范重组将一步步推进，代表着未来生产力的战略新兴产业的投资力度也会逐步加大。</span><span style="font-family:宋体;color:#333333;font-size:10.5pt;"></span>\r\n</p>\r\n<p style="text-align:left;text-indent:22.2pt;">\r\n	<span style="font-family:宋体;color:#333333;font-size:10.5pt;">而在服务实体经济方面，由于天生具有的“全牌照”优势，信托公司也有了天然的制度优势。</span><span style="font-family:宋体;color:#333333;font-size:10.5pt;"></span>\r\n</p>\r\n<p style="text-align:left;text-indent:22.2pt;">\r\n	<span style="font-family:宋体;color:#333333;font-size:10.5pt;">其次，国民财富持续增长、高净值人群大幅增加为信托投资提供了广阔的市场空间。央行数据显示，截至2014年11月末，广义货币(M2)余额120.86万亿元，同比增长12.3%。</span><span style="font-family:宋体;color:#333333;font-size:10.5pt;"></span>\r\n</p>\r\n<p style="text-align:left;text-indent:22.2pt;">\r\n	<span style="font-family:宋体;color:#333333;font-size:10.5pt;">另一方面，兴业银行与胡润研究院联合发布的研究报告称，截至2013年末，全国个人资产600万元以上的高净值人群数量达到290万人。</span><span style="font-family:宋体;color:#333333;font-size:10.5pt;"></span>\r\n</p>\r\n<p style="text-align:left;text-indent:22.2pt;">\r\n	<span style="font-family:宋体;color:#333333;font-size:10.5pt;">从资产配置来看，固定收益类产品永远是投资者资产配置中必不可缺的一环，而信托恰是其中的佼佼者。</span><span style="font-family:宋体;color:#333333;font-size:10.5pt;"></span>\r\n</p>\r\n<p style="text-align:left;text-indent:22.2pt;">\r\n	<span style="font-family:宋体;color:#333333;font-size:10.5pt;">再者，从信托本身看，八大机制夯实了信托的发展土壤，增资扩股增强了信托公司的资本实力。</span><span style="font-family:宋体;color:#333333;font-size:10.5pt;"></span>\r\n</p>\r\n<p style="text-align:left;text-indent:22.2pt;">\r\n	<span style="font-family:宋体;color:#333333;font-size:10.5pt;">2014年是信托业自我革新的一年，在原来一法三规的基础上，信托业通过八大机制的建立，逐步完善信托业治理体系和现代治理能力的建设。</span><span style="font-family:宋体;color:#333333;font-size:10.5pt;"></span>\r\n</p>\r\n<p style="text-align:left;text-indent:22.2pt;">\r\n	<span style="font-family:宋体;color:#333333;font-size:10.5pt;">同时，2014年也是增资扩股的一年，全年有24家机构增资和变更股权，其中有16家净增加资本290亿元。</span><span style="font-family:宋体;color:#333333;font-size:10.5pt;"></span>\r\n</p>\r\n<p style="text-align:left;text-indent:22.2pt;">\r\n	<span style="font-family:宋体;color:#333333;font-size:10.5pt;">2015年，在八项机制打造的信托业长效发展机制的基础上，在充足资本实力的支持下，在为人类财富实现代际传承的过程中，信托业将适应新常态，抓住新机遇，实现新发展。</span><span style="font-family:宋体;color:#333333;font-size:10.5pt;"></span>\r\n</p>\r\n<p style="text-align:left;text-indent:22.2pt;">\r\n	<span style="font-family:宋体;color:#333333;font-size:10.5pt;font-weight:bold;">三、2015年信托产品投资建议</span><span style="font-family:宋体;color:#333333;font-size:10.5pt;"></span>\r\n</p>\r\n<p style="text-align:left;text-indent:22.2pt;">\r\n	<span style="font-family:宋体;color:#333333;font-size:10.5pt;font-weight:bold;">1、房地产信托：问题不可忽视，发展潜力仍在</span><span style="font-family:宋体;color:#333333;font-size:10.5pt;"></span>\r\n</p>\r\n<p style="text-align:left;text-indent:22.2pt;">\r\n	<span style="font-family:宋体;color:#333333;font-size:10.5pt;">2014年，房地产信托并没有如市场恐慌的爆发系统性风险，但单个产品风险的陆续暴露，也降低了投资者的热情。</span><span style="font-family:宋体;color:#333333;font-size:10.5pt;"></span>\r\n</p>\r\n<p style="text-align:left;text-indent:22.2pt;">\r\n	<span style="font-family:宋体;color:#333333;font-size:10.5pt;">尽管，问题房地产信托产品最后都以延期、信托公司兜底、第三方接盘等方式没有违约，但市场和监管层均已意识到：当前房地产市场，尤其是三、四线城市已经存较大泡沫，部分开发商也因过度开发而面临资金周转困难，以及房地产信托近几年的快速扩张已经积累了较大的风险等问题。</span><span style="font-family:宋体;color:#333333;font-size:10.5pt;"></span>\r\n</p>\r\n<p style="text-align:left;text-indent:22.2pt;">\r\n	<span style="font-family:宋体;color:#333333;font-size:10.5pt;">因此，国家对房地产市场的调控进一步加深，银监会对房地产信托的监管和指导趋严，以及信托行业自身也开始严控项目筛选，2014年房地产信托的扩张受到了较大的限制。</span><span style="font-family:宋体;color:#333333;font-size:10.5pt;"></span>\r\n</p>\r\n<p style="text-align:left;text-indent:22.2pt;">\r\n	<span style="font-family:宋体;color:#333333;font-size:10.5pt;">根据信托业协会数据显示，2014年前三季度新增4030.94亿元房地产信托，较去年同期(4750.97亿元)下降了15.16%。</span><span style="font-family:宋体;color:#333333;font-size:10.5pt;"></span>\r\n</p>\r\n<p style="text-align:left;text-indent:22.2pt;">\r\n	<span style="font-family:宋体;color:#333333;font-size:10.5pt;">其实，在整个信托资产规模中，房地产在所有领域中占比最小，仅10.03%，整体风险并不大。</span><span style="font-family:宋体;color:#333333;font-size:10.5pt;"></span>\r\n</p>\r\n<p style="text-align:left;text-indent:22.2pt;">\r\n	<span style="font-family:宋体;color:#333333;font-size:10.5pt;">再从未来发展趋势来看，2014年下半年，房地产限购、限贷相继取消，楼市松绑迈入新阶段。</span><span style="font-family:宋体;color:#333333;font-size:10.5pt;"></span>\r\n</p>\r\n<p style="text-align:left;text-indent:22.2pt;">\r\n	<span style="font-family:宋体;color:#333333;font-size:10.5pt;">且十八届三中全会把城镇化作为我国经济发展的主要支柱和今后推动经济发展的主要动力，未来持续增长的刚需人群将进一步推动房地产的发展。</span><span style="font-family:宋体;color:#333333;font-size:10.5pt;"></span>\r\n</p>\r\n<p style="text-align:left;text-indent:22.2pt;">\r\n	<span style="font-family:宋体;color:#333333;font-size:10.5pt;">此外，我国本届政府的房地产市场调控思路是建立在长效机制上的，这一系列长期制度建设将会有效抑制投机性需求，促进地产市场持续健康发展。作为房地产行业的重要输血通道，房地产信托未来依然有无限前景。</span><span style="font-family:宋体;color:#333333;font-size:10.5pt;"></span>\r\n</p>\r\n<p style="text-align:left;text-indent:22.2pt;">\r\n	<span style="font-family:宋体;color:#333333;font-size:10.5pt;">但是，房地产市场和房地产信托所存在的问题依然不可忽视。除信托机构对发行房地产信托更严苛外，建议投资者在筛选房地产信托产品时也必须持更加审慎的态度。</span><span style="font-family:宋体;color:#333333;font-size:10.5pt;"></span>\r\n</p>\r\n<p style="text-align:left;text-indent:22.2pt;">\r\n	<span style="font-family:宋体;color:#333333;font-size:10.5pt;font-weight:bold;">按用资阶段分</span><span style="font-family:宋体;color:#333333;font-size:10.5pt;"></span>\r\n</p>\r\n<p style="text-align:left;text-indent:22.2pt;">\r\n	<span style="font-family:宋体;color:#333333;font-size:10.5pt;">前期拿地：指开发商处于土地获取阶段的融资需求，此时项目尚不符合银行及信托贷款要求，一般会通过股权投资类信托来实现融资。</span><span style="font-family:宋体;color:#333333;font-size:10.5pt;"></span>\r\n</p>\r\n<p style="text-align:left;text-indent:22.2pt;">\r\n	<span style="font-family:宋体;color:#333333;font-size:10.5pt;">这类项目要重点关注土地款的缴纳中信托融资与自有资金的配比比例、项目规划以及各种证照的获取时间点等要素。</span><span style="font-family:宋体;color:#333333;font-size:10.5pt;"></span>\r\n</p>\r\n<p style="text-align:left;text-indent:22.2pt;">\r\n	<span style="font-family:宋体;color:#333333;font-size:10.5pt;">建筑施工：处于建筑施工阶段的房产项目融资途径较多，融资方式也相对灵活。此类房产项目已进入正轨，要更加关注房地产规划的执行情况以及预售情况。</span><span style="font-family:宋体;color:#333333;font-size:10.5pt;"></span>\r\n</p>\r\n<p style="text-align:left;text-indent:22.2pt;">\r\n	<span style="font-family:宋体;color:#333333;font-size:10.5pt;">资金缺口、销售定价、市场定位、周边配套、去化率、销转投比例等因素会影响还款来源。</span><span style="font-family:宋体;color:#333333;font-size:10.5pt;"></span>\r\n</p>\r\n<p style="text-align:left;text-indent:22.2pt;">\r\n	<span style="font-family:宋体;color:#333333;font-size:10.5pt;">装修经营：一般指成熟的房产项目的升级改造或者经营所需资金，常见于商业地产项目，还款来源多为商业物业的租金。此类项目基于已经建成且成功经营的房产基础上，其主要考察点为项目本身的经营情况，比如入住率或出租率、租赁合同期限、期限内经营回款等。</span><span style="font-family:宋体;color:#333333;font-size:10.5pt;"></span>\r\n</p>\r\n<p style="text-align:left;text-indent:22.2pt;">\r\n	<span style="font-family:宋体;color:#333333;font-size:10.5pt;font-weight:bold;">按房产种类分</span><span style="font-family:宋体;color:#333333;font-size:10.5pt;"></span>\r\n</p>\r\n<p style="text-align:left;text-indent:22.2pt;">\r\n	<span style="font-family:宋体;color:#333333;font-size:10.5pt;">住宅：是指专供居住的房屋，包括别墅、公寓等。</span><span style="font-family:宋体;color:#333333;font-size:10.5pt;"></span>\r\n</p>\r\n<p style="text-align:left;text-indent:22.2pt;">\r\n	<span style="font-family:宋体;color:#333333;font-size:10.5pt;">此类项目要优选人口净流入、房产库存较低的城市，其次看其市场定位，一般刚需型房产(小户型)优于改善型住房(大户型)优于高端住宅(洋房、别墅等)，再看项目周边配套的完善度以及交通的便利性等。</span><span style="font-family:宋体;color:#333333;font-size:10.5pt;"></span>\r\n</p>\r\n<p style="text-align:left;text-indent:22.2pt;">\r\n	<span style="font-family:宋体;color:#333333;font-size:10.5pt;">商业地产：包括集中商业、写字楼等。</span><span style="font-family:宋体;color:#333333;font-size:10.5pt;"></span>\r\n</p>\r\n<p style="text-align:left;text-indent:22.2pt;">\r\n	<span style="font-family:宋体;color:#333333;font-size:10.5pt;">对集中商业来说，主要考察后期是租是售、是整是零，能否形成区域规模效应、当地经济水平如何、人流量大小等因素。对写字楼来说，则主要看其招商入住率。</span><span style="font-family:宋体;color:#333333;font-size:10.5pt;"></span>\r\n</p>\r\n<p style="text-align:left;text-indent:22.2pt;">\r\n	<span style="font-family:宋体;color:#333333;font-size:10.5pt;">旅游地产：旅游地产指依托于旅游资源，集旅游、度假、居住为一体的房产项目。其显著特点即旅游与传统地产的结合，因此此类项目要更加注重区域位置与品位，首当其冲的就是当地的气候与人文环境。</span><span style="font-family:宋体;color:#333333;font-size:10.5pt;"></span>\r\n</p>\r\n<p style="text-align:left;text-indent:22.2pt;">\r\n	<span style="font-family:宋体;color:#333333;font-size:10.5pt;">特殊公用：除上述类别外，还有些特殊公用的项目，如医院、学校、展览馆等，以及属于特殊住宅的安置房等，因有国家、政府等信用支持，不涉及到后期市场销售问题，这类房地产信托的风险相对较小。</span><span style="font-family:宋体;color:#333333;font-size:10.5pt;"></span>\r\n</p>\r\n<p style="text-align:left;text-indent:22.2pt;">\r\n	<span style="font-family:宋体;color:#333333;font-size:10.5pt;font-weight:bold;">2、政信信托：收尾产品且珍惜，新型产品可期待</span><span style="font-family:宋体;color:#333333;font-size:10.5pt;"></span>\r\n</p>\r\n<p style="text-align:left;text-indent:22.2pt;">\r\n	<span style="font-family:宋体;color:#333333;font-size:10.5pt;">基础产业类信托，是2014年受政策影响最大的信托产品类别。</span><span style="font-family:宋体;color:#333333;font-size:10.5pt;"></span>\r\n</p>\r\n<p style="text-align:left;text-indent:22.2pt;">\r\n	<span style="font-family:宋体;color:#333333;font-size:10.5pt;">一是受到2013年10号文、463号文的影响的延续。</span><span style="font-family:宋体;color:#333333;font-size:10.5pt;"></span>\r\n</p>\r\n<p style="text-align:left;text-indent:22.2pt;">\r\n	<span style="font-family:宋体;color:#333333;font-size:10.5pt;">二是2013年底国家审计署公布全国政府性债务审计结果，截至2013年6月底，全国政府性债务总计302749.70亿元，其中地方政府性债务总额178908.66亿元，地方债务过重。</span><span style="font-family:宋体;color:#333333;font-size:10.5pt;"></span>\r\n</p>\r\n<p style="text-align:left;text-indent:22.2pt;">\r\n	<span style="font-family:宋体;color:#333333;font-size:10.5pt;">为防止政府债务风险向信托业传导，信托公司对政信合作的基础产业类信托把控越加严格，发行规模有下行趋势。</span><span style="font-family:宋体;color:#333333;font-size:10.5pt;"></span>\r\n</p>\r\n<p style="text-align:left;text-indent:22.2pt;">\r\n	<span style="font-family:宋体;color:#333333;font-size:10.5pt;">但实际上，在地方政府性债务中，信托业对政府主导的基础产业配置余额占比13%，直接政信合作占比仅为4.5%。</span><span style="font-family:宋体;color:#333333;font-size:10.5pt;"></span>\r\n</p>\r\n<p style="text-align:left;text-indent:22.2pt;">\r\n	<span style="font-family:宋体;color:#333333;font-size:10.5pt;">整体来看，政信合作类信托问题不大。政信信托参与实体基本为地方国企或融资平台，以及用资项目多为国家和政府支持、有稳定现金流的基础设施建设，且暗含政府信用，是所有信托投资产品类别中安全系数最高的。</span><span style="font-family:宋体;color:#333333;font-size:10.5pt;"></span>\r\n</p>\r\n<p style="text-align:left;text-indent:22.2pt;">\r\n	<span style="font-family:宋体;color:#333333;font-size:10.5pt;">但2014年9月底，国务院出台的《关于加强地方政府性债务管理的意见》(43号文)对政信合作的基础产业类信托又是一记重创，其中“剥离融资平台公司政府融资职能”的规定将当前信托公司围绕融资平台公司发行信托的业务模式彻底堵住，预计政信类信托将会成为历史。</span><span style="font-family:宋体;color:#333333;font-size:10.5pt;"></span>\r\n</p>\r\n<p style="text-align:left;text-indent:22.2pt;">\r\n	<span style="font-family:宋体;color:#333333;font-size:10.5pt;">当然，像政信类信托这样的优质投资品种，未来依然存在投资机会。我国新型城镇化建设的城市基础设施需求巨大，政府融资需求还在。</span><span style="font-family:宋体;color:#333333;font-size:10.5pt;"></span>\r\n</p>\r\n<p style="text-align:left;text-indent:22.2pt;">\r\n	<span style="font-family:宋体;color:#333333;font-size:10.5pt;">据麦肯锡测算，到2020年新型城镇化的资金需求将超过30万亿，一半由政府解决，一半缺口将引入社会资本，这依然是政府和信托合作的机会，只不过未来合作方式或在PPP模式下探寻。</span><span style="font-family:宋体;color:#333333;font-size:10.5pt;"></span>\r\n</p>\r\n<p style="text-align:left;text-indent:22.2pt;">\r\n	<span style="font-family:宋体;color:#333333;font-size:10.5pt;">因此，笔者建议投资者珍惜2015年还在发行的政信合作类信托产品。但地方政府债务过重，财政收入结构不合理，对土地财政依赖度较高等都是不可忽略的问题，建议投资者在筛选政信类信托时应从以下四方面考查：</span><span style="font-family:宋体;color:#333333;font-size:10.5pt;"></span>\r\n</p>\r\n<p style="text-align:left;text-indent:22.2pt;">\r\n	<span style="font-family:宋体;color:#333333;font-size:10.5pt;font-weight:bold;">区域情况</span><span style="font-family:宋体;color:#333333;font-size:10.5pt;"></span>\r\n</p>\r\n<p style="text-align:left;text-indent:22.2pt;">\r\n	<span style="font-family:宋体;color:#333333;font-size:10.5pt;">选择基础产业信托，选择好的区域的项目就等于在很大程度上规避掉了较大的风险。</span><span style="font-family:宋体;color:#333333;font-size:10.5pt;"></span>\r\n</p>\r\n<p style="text-align:left;text-indent:22.2pt;">\r\n	<span style="font-family:宋体;color:#333333;font-size:10.5pt;">判断一个地区的情况是否良好，除了经济水平、收入水平、财政情况外，还应该看这个地区的市场成熟度、地理位置、发展前景等等。</span><span style="font-family:宋体;color:#333333;font-size:10.5pt;"></span>\r\n</p>\r\n<p style="text-align:left;text-indent:22.2pt;">\r\n	<span style="font-family:宋体;color:#333333;font-size:10.5pt;">但这些对普通投资者来说，判断起来要困难一些。因此建议投资者，优选经济发达区域，如长三角、珠三角、环渤海等，再选经济水平较强的一二线城市、百强县等。</span><span style="font-family:宋体;color:#333333;font-size:10.5pt;"></span>\r\n</p>\r\n<p style="text-align:left;text-indent:22.2pt;">\r\n	<span style="font-family:宋体;color:#333333;font-size:10.5pt;">当然，三四线城市、非百强县也不乏优质、可靠的项目，但需要专业的研究机构严格筛选，把控风险。</span><span style="font-family:宋体;color:#333333;font-size:10.5pt;"></span>\r\n</p>\r\n<p style="text-align:left;text-indent:22.2pt;">\r\n	<span style="font-family:宋体;color:#333333;font-size:10.5pt;font-weight:bold;">政府财政</span><span style="font-family:宋体;color:#333333;font-size:10.5pt;"></span>\r\n</p>\r\n<p style="text-align:left;text-indent:22.2pt;">\r\n	<span style="font-family:宋体;color:#333333;font-size:10.5pt;">作为政信信托的主要担保方和还款方，当地政府的财政情况非常重要。各地方政府情况可通过各地方政府、财政局、统计局官网查询。</span><span style="font-family:宋体;color:#333333;font-size:10.5pt;"></span>\r\n</p>\r\n<p style="text-align:left;text-indent:22.2pt;">\r\n	<span style="font-family:宋体;color:#333333;font-size:10.5pt;font-weight:bold;">判断地方政府实力主要从以下几个方面：</span><span style="font-family:宋体;color:#333333;font-size:10.5pt;"></span>\r\n</p>\r\n<p style="text-align:left;text-indent:22.2pt;">\r\n	<span style="font-family:宋体;color:#333333;font-size:10.5pt;">&nbsp;(1)行政级别。总体来看，在其他条件大致相同的情况下，行政级别越高，偿债能力越强、风险越小；另外同等条件下东部城市总体要比中西部城市实力更强。</span><span style="font-family:宋体;color:#333333;font-size:10.5pt;"></span>\r\n</p>\r\n<p style="text-align:left;text-indent:22.2pt;">\r\n	<span style="font-family:宋体;color:#333333;font-size:10.5pt;">&nbsp;(2)经济实力。主要可以从GDP&nbsp;规模、增速、人均值、支柱产业的健康程度等方面评价。一般来看，GDP总量最好能达到并超过400个亿；此外支柱产业是不是单一以及产业的健康程度也很重要。</span><span style="font-family:宋体;color:#333333;font-size:10.5pt;"></span>\r\n</p>\r\n<p style="text-align:left;text-indent:22.2pt;">\r\n	<span style="font-family:宋体;color:#333333;font-size:10.5pt;">(3)财政收支。主要从地方财政收入与支出情况评价，重点关注地方一般预算收入、可支配收入及收支平衡情况。一般来看，地方一般预算收入最好能达到并超过&nbsp;40亿元。</span><span style="font-family:宋体;color:#333333;font-size:10.5pt;"></span>\r\n</p>\r\n<p style="text-align:left;text-indent:22.2pt;">\r\n	<span style="font-family:宋体;color:#333333;font-size:10.5pt;">&nbsp;(4)负债规模和渠道。主要考察地方负债规模、负债率、偿债率等指标是否处于合理区间，以及偿债高峰期的峰值和出现时点。</span><span style="font-family:宋体;color:#333333;font-size:10.5pt;"></span>\r\n</p>\r\n<p style="text-align:left;text-indent:22.2pt;">\r\n	<span style="font-family:宋体;color:#333333;font-size:10.5pt;font-weight:bold;">融资主体</span><span style="font-family:宋体;color:#333333;font-size:10.5pt;"></span>\r\n</p>\r\n<p style="text-align:left;text-indent:22.2pt;">\r\n	<span style="font-family:宋体;color:#333333;font-size:10.5pt;">融资主体是基础产业信托最重要的参与方，也是主要还款主体，其背景、资质、实力、市场关系、发展情况等都需要重点关注。</span><span style="font-family:宋体;color:#333333;font-size:10.5pt;"></span>\r\n</p>\r\n<p style="text-align:left;text-indent:22.2pt;">\r\n	<span style="font-family:宋体;color:#333333;font-size:10.5pt;">概括来看，判断融资主体主要从正面、侧面两个角度。</span><span style="font-family:宋体;color:#333333;font-size:10.5pt;"></span>\r\n</p>\r\n<p style="text-align:left;text-indent:22.2pt;">\r\n	<span style="font-family:宋体;color:#333333;font-size:10.5pt;">从正面来看，主要是看融资方的背景、项目信息、企业财务信息、是否发债主体等。</span><span style="font-family:宋体;color:#333333;font-size:10.5pt;"></span>\r\n</p>\r\n<p style="text-align:left;text-indent:22.2pt;">\r\n	<span style="font-family:宋体;color:#333333;font-size:10.5pt;">主要考察融资方在期限内是否有比较稳定的现金流、总资产、净资产、资产负债率、主营业务收入、净利润等指标。</span><span style="font-family:宋体;color:#333333;font-size:10.5pt;"></span>\r\n</p>\r\n<p style="text-align:left;text-indent:22.2pt;">\r\n	<span style="font-family:宋体;color:#333333;font-size:10.5pt;">这其中要重点关注融资方是不是存在大肆土地注资行为，虚高评估价格，虚增所有者权益，拉低平台的资产负债率。如果融资方是在公开市场发行过较大规模债券的企业，相对来说，其资质较好，再融资能力强，而且违约成本比较高，风险较低。</span><span style="font-family:宋体;color:#333333;font-size:10.5pt;"></span>\r\n</p>\r\n<p style="text-align:left;text-indent:22.2pt;">\r\n	<span style="font-family:宋体;color:#333333;font-size:10.5pt;">从侧面来看，主要考察融资方银行信贷状况、信托业务状况、小型私募融资状况等。如果出现银行停止信贷，现存信托业务规模过大、主流信托公司停发新产品，存在通过小型私募机构利用有限合伙等模式进行融资等情形，则说明融资方整体负债饱和，后续融资能力较弱，应当引起足够警惕。</span><span style="font-family:宋体;color:#333333;font-size:10.5pt;"></span>\r\n</p>\r\n<p style="text-align:left;text-indent:22.2pt;">\r\n	<span style="font-family:宋体;color:#333333;font-size:10.5pt;font-weight:bold;">增信措施</span><span style="font-family:宋体;color:#333333;font-size:10.5pt;"></span>\r\n</p>\r\n<p style="text-align:left;text-indent:22.2pt;">\r\n	<span style="font-family:宋体;color:#333333;font-size:10.5pt;">政信信托附带的增信措施(也叫风控措施)主要包括应收账款质押、国有土地使用权抵押，以及第三方连带责任担保等。</span><span style="font-family:宋体;color:#333333;font-size:10.5pt;"></span>\r\n</p>\r\n<p style="text-align:left;text-indent:22.2pt;">\r\n	<span style="font-family:宋体;color:#333333;font-size:10.5pt;">&nbsp;(1)应收账款质押。被质押的应收账款一般为融资方承接政府项目所产生的政府欠款，目前的政信合作信托产品多为这种。而债务人非政府的，也多为资质优良的企业。</span><span style="font-family:宋体;color:#333333;font-size:10.5pt;"></span>\r\n</p>\r\n<p style="text-align:left;text-indent:22.2pt;">\r\n	<span style="font-family:宋体;color:#333333;font-size:10.5pt;">从债务人的还款意愿和能力来讲，保障力度较大。政府是债务人的，应充分考察当地政府的财政状况以及该款项是否纳入当年的财政预算；企业是债务人的，应充分考察债务企业的资产运营、盈利、偿债及发展等能力，着重关注可能影响偿债能力的因素。</span><span style="font-family:宋体;color:#333333;font-size:10.5pt;"></span>\r\n</p>\r\n<p style="text-align:left;text-indent:22.2pt;">\r\n	<span style="font-family:宋体;color:#333333;font-size:10.5pt;">&nbsp;(2)土地抵押。由于基础产业信托融资主体多为当地政府下属国企，因此土地储备较为丰富，用土地使用权作为抵押是基础产业信托常见的风控措施。</span><span style="font-family:宋体;color:#333333;font-size:10.5pt;"></span>\r\n</p>\r\n<p style="text-align:left;text-indent:22.2pt;">\r\n	<span style="font-family:宋体;color:#333333;font-size:10.5pt;">土地使用权抵押率一般设置在50%以下，即信托计划募集总规模占抵押物估值的比例最好低于50%，且越低越好。</span><span style="font-family:宋体;color:#333333;font-size:10.5pt;"></span>\r\n</p>\r\n<p style="text-align:left;text-indent:22.2pt;">\r\n	<span style="font-family:宋体;color:#333333;font-size:10.5pt;">除此之外，还要重点关注土地评估风险以及融资人无法还款时抵押土地的变现风险，即要考虑到土地所在区域经济、环境、发展前景等方面。</span><span style="font-family:宋体;color:#333333;font-size:10.5pt;"></span>\r\n</p>\r\n<p style="text-align:left;text-indent:22.2pt;">\r\n	<span style="font-family:宋体;color:#333333;font-size:10.5pt;">(3)保证担保。必须要求实质性担保，即担保公司的综合实力要足以覆盖项目风险。基础产业信托的担保方与融资方类似，多为政府下属国企，及与融资方系关联公司等。</span><span style="font-family:宋体;color:#333333;font-size:10.5pt;"></span>\r\n</p>\r\n<p style="text-align:left;text-indent:22.2pt;">\r\n	<span style="font-family:宋体;color:#333333;font-size:10.5pt;">因此跟考察融资方一样，也要综合考量担保方实力背景、业务状况、财务状况、信用记录、是否发债主体及信用评级等级等因素。</span><span style="font-family:宋体;color:#333333;font-size:10.5pt;"></span>\r\n</p>\r\n<p style="text-align:left;text-indent:22.2pt;">\r\n	<span style="font-family:宋体;color:#333333;font-size:10.5pt;">3、工商企业信托：助力实体经济，符合政策导向</span><span style="font-family:宋体;color:#333333;font-size:10.5pt;"></span>\r\n</p>\r\n<p style="text-align:left;text-indent:22.2pt;">\r\n	<span style="font-family:宋体;color:#333333;font-size:10.5pt;">2014年，工商企业类信托依然是所有资金信托的第一大配置领域，但在所有信托类别中的占比较2013年下降趋势明显。</span><span style="font-family:宋体;color:#333333;font-size:10.5pt;"></span>\r\n</p>\r\n<p style="text-align:left;text-indent:22.2pt;">\r\n	<span style="font-family:宋体;color:#333333;font-size:10.5pt;">根据信托业协会数据显示，截止2014年3季度末，工商企业类信托规模为3.15万亿元，首次出现了负增长，而占比为25.82%，较2013年末下降了2.32个百分点，较2014年2季度末下降了1.54个百分点。</span><span style="font-family:宋体;color:#333333;font-size:10.5pt;"></span>\r\n</p>\r\n<p style="text-align:left;text-indent:22.2pt;">\r\n	<span style="font-family:宋体;color:#333333;font-size:10.5pt;">工商企业信托的资金用途通常为补充企业的流动资金需求，其发行规模与我国的宏观经济形势密切相关。</span><span style="font-family:宋体;color:#333333;font-size:10.5pt;"></span>\r\n</p>\r\n<p style="text-align:left;text-indent:22.2pt;">\r\n	<span style="font-family:宋体;color:#333333;font-size:10.5pt;">近两年，我国经济不景气，企业融资需求萎缩，加上信托业自身对工商企业的资金运用开始偏向谨慎，因此2014年工商企业类信托的发行有下行趋势。</span><span style="font-family:宋体;color:#333333;font-size:10.5pt;"></span>\r\n</p>\r\n<p style="text-align:left;text-indent:22.2pt;">\r\n	<span style="font-family:宋体;color:#333333;font-size:10.5pt;">再加上工商企业多为提供产品(商品)流通服务的商业、贸易企业，相较于房地产企业、城投公司，难以承受较高的融资成本，工商企业类信托的收益较其他类信托缺乏竞争力。</span><span style="font-family:宋体;color:#333333;font-size:10.5pt;"></span>\r\n</p>\r\n<p style="text-align:left;text-indent:22.2pt;">\r\n	<span style="font-family:宋体;color:#333333;font-size:10.5pt;">但是，随着新一届政府的上台，国家处在经济转型阶段，产业结构调整，政府出台了一系列鼓励、扶持中小企业发展的政策，尤其是信托，作为拥有“金融全牌照”的工具，通过灵活的投资方式，整合多种金融工具，大大助力了工商企业发展，尤其是融资更为困难的中小企业。</span><span style="font-family:宋体;color:#333333;font-size:10.5pt;"></span>\r\n</p>\r\n<p style="text-align:left;text-indent:22.2pt;">\r\n	<span style="font-family:宋体;color:#333333;font-size:10.5pt;">因此，工商企业类信托在未来将大有可为，2015年，建议投资者根据政策导向配置工商企业类信托。</span><span style="font-family:宋体;color:#333333;font-size:10.5pt;"></span>\r\n</p>\r\n<p style="text-align:left;text-indent:22.2pt;">\r\n	<span style="font-family:宋体;color:#333333;font-size:10.5pt;">关于如何选择工商企业信托，建议投资者参考以下三方面：</span><span style="font-family:宋体;color:#333333;font-size:10.5pt;"></span>\r\n</p>\r\n<p style="text-align:left;text-indent:22.2pt;">\r\n	<span style="font-family:宋体;color:#333333;font-size:10.5pt;font-weight:bold;">经济周期及产业政策</span><span style="font-family:宋体;color:#333333;font-size:10.5pt;"></span>\r\n</p>\r\n<p style="text-align:left;text-indent:22.2pt;">\r\n	<span style="font-family:宋体;color:#333333;font-size:10.5pt;">由于工商企业多为商贸类企业，因此市场经济周期和企业所在行业的产业政策对判断工商企业信托很重要。</span><span style="font-family:宋体;color:#333333;font-size:10.5pt;"></span>\r\n</p>\r\n<p style="text-align:left;text-indent:22.2pt;">\r\n	<span style="font-family:宋体;color:#333333;font-size:10.5pt;">经济周期一般分为衰退、谷底、扩张和顶峰四个阶段。扩张和顶峰阶段市场需求旺盛，商品畅销，企业处于较为宽松有利的外部环境中，因此投资者可以侧重选择信托资金投向处于扩张和顶峰阶段企业的工商企业。</span><span style="font-family:宋体;color:#333333;font-size:10.5pt;"></span>\r\n</p>\r\n<p style="text-align:left;text-indent:22.2pt;">\r\n	<span style="font-family:宋体;color:#333333;font-size:10.5pt;">而产业政策反映了一定阶段政府的经济和社会目标，国家对某产业的政策导向直接决定了该产业的发展方向，因此在选择工商企业信托时，需要了解融资主体或项目的产业政策背景，是否有利企业所在行业发展。</span><span style="font-family:宋体;color:#333333;font-size:10.5pt;"></span>\r\n</p>\r\n<p style="text-align:left;text-indent:22.2pt;">\r\n	<span style="font-family:宋体;color:#333333;font-size:10.5pt;font-weight:bold;">融资主体</span><span style="font-family:宋体;color:#333333;font-size:10.5pt;"></span>\r\n</p>\r\n<p style="text-align:left;text-indent:22.2pt;">\r\n	<span style="font-family:宋体;color:#333333;font-size:10.5pt;">判断工商企业的融资主体跟判断其他类型融资主体的实力一样，从正面、侧面两个角度来看。</span><span style="font-family:宋体;color:#333333;font-size:10.5pt;"></span>\r\n</p>\r\n<p style="text-align:left;text-indent:22.2pt;">\r\n	<span style="font-family:宋体;color:#333333;font-size:10.5pt;">从正面来看，主要是看融资方资本实力、历史沿革、业务经营能力、所投项目信息、企业财务信息(包括运营能力、盈利能力、偿债能力、发展能力)等。主要考察融资方在期限内是否有比较稳定的现金流、总资产、净资产、资产负债率、主营业务收入、净利润等指标。</span><span style="font-family:宋体;color:#333333;font-size:10.5pt;"></span>\r\n</p>\r\n<p style="text-align:left;text-indent:22.2pt;">\r\n	<span style="font-family:宋体;color:#333333;font-size:10.5pt;">从侧面来看，主要考察融资方银行信贷状况、信托业务状况、民间借贷状况、小型私募融资状况等。</span><span style="font-family:宋体;color:#333333;font-size:10.5pt;"></span>\r\n</p>\r\n<p style="text-align:left;text-indent:22.2pt;">\r\n	<span style="font-family:宋体;color:#333333;font-size:10.5pt;">如果出现银行停止信贷，现存负债规模过大、主流信托公司停发新产品，存在民间借贷，通过小型私募机构利用有限合伙等模式进行融资等情形，则说明融资方整体负债饱和，后续融资能力较弱，应当引起足够警惕。</span><span style="font-family:宋体;color:#333333;font-size:10.5pt;"></span>\r\n</p>\r\n<p style="text-align:left;text-indent:22.2pt;">\r\n	<span style="font-family:宋体;color:#333333;font-size:10.5pt;">但判断工商企业类信托融资主体与其他类信托有一点区别需要特别注意，就是要看融资工商企业在所在行业中的市场地位和竞争实力等情况，市场地位处在龙头、核心地位的工商企业，竞争能力强，综合实力也就越强。</span><span style="font-family:宋体;color:#333333;font-size:10.5pt;"></span>\r\n</p>\r\n<p style="text-align:left;text-indent:22.2pt;">\r\n	<span style="font-family:宋体;color:#333333;font-size:10.5pt;font-weight:bold;">增信措施</span><span style="font-family:宋体;color:#333333;font-size:10.5pt;"></span>\r\n</p>\r\n<p style="text-align:left;text-indent:22.2pt;">\r\n	<span style="font-family:宋体;color:#333333;font-size:10.5pt;">工商企业类信托产品会设计土地使用权或房产抵押、融资方股权质押、存货抵质押、第三方担保等增信措施。</span><span style="font-family:宋体;color:#333333;font-size:10.5pt;"></span>\r\n</p>\r\n<p style="text-align:left;text-indent:22.2pt;">\r\n	<span style="font-family:宋体;color:#333333;font-size:10.5pt;">但因工商企业不像地产公司那样拥有很多的房产，也不像城投公司那样拥有充足的土地，因此，工商企业通常用厂房、设备、存货等提供抵质押。要注意的是，因存货是动态质押，以及每种存货有其特殊性，应特别关注存货的变现能力、价格波动、是否易储存等问题。</span><span style="font-family:宋体;color:#333333;font-size:10.5pt;"></span>\r\n</p>\r\n<p style="text-align:left;text-indent:22.2pt;">\r\n	<span style="font-family:宋体;color:#333333;font-size:10.5pt;">如果有担保方，则必须要求实质性担保，即担保公司的综合实力要足以覆盖项目风险，担保方综合实力判断方法参考融资主体实力判断方法。</span><span style="font-family:宋体;color:#333333;font-size:10.5pt;"></span>\r\n</p>\r\n<p style="text-align:left;text-indent:22.2pt;">\r\n	<span style="font-family:宋体;color:#333333;font-size:10.5pt;font-weight:bold;">4、证券投资信托：新热点，阳光私募类更适宜</span><span style="font-family:宋体;color:#333333;font-size:10.5pt;"></span>\r\n</p>\r\n<p style="text-align:left;text-indent:22.2pt;">\r\n	<span style="font-family:宋体;color:#333333;font-size:10.5pt;">2014年，规模增速最大的可能要属证券投资类信托。自今年下半年开始，受资本市场回暖影响，此前一直不温不火的证券投资类信托成为今年各类信托中的黑马。</span><span style="font-family:宋体;color:#333333;font-size:10.5pt;"></span>\r\n</p>\r\n<p style="text-align:left;text-indent:22.2pt;">\r\n	<span style="font-family:宋体;color:#333333;font-size:10.5pt;">根据信托业协会数据显示，3季度末投向股票市场的证券投资类信托规模较2季度末增加了894.56亿元，而房地产类信托仅增加36.86亿元，基础产业类信托更是减少了623.16亿元。</span><span style="font-family:宋体;color:#333333;font-size:10.5pt;"></span>\r\n</p>\r\n<p style="text-align:left;text-indent:22.2pt;">\r\n	<span style="font-family:宋体;color:#333333;font-size:10.5pt;">在房地产信托、基础产业信托受到市场和政策影响较大的情况下，在这个信托业转型的当口，证券投资类信托成为新的利润增长点是顺水推舟的结果，且随着市场对资本市场的看多预期，预计证券投资类信托还将继续发力。</span><span style="font-family:宋体;color:#333333;font-size:10.5pt;"></span>\r\n</p>\r\n<p style="text-align:left;text-indent:22.2pt;">\r\n	<span style="font-family:宋体;color:#333333;font-size:10.5pt;">证券投类信托主要包括借道信托的阳光私募基金产品和信托公司自主证券类产品，其中，占据主导是阳光私募基金产品。</span><span style="font-family:宋体;color:#333333;font-size:10.5pt;"></span>\r\n</p>\r\n<p style="text-align:left;text-indent:22.2pt;">\r\n	<span style="font-family:宋体;color:#333333;font-size:10.5pt;">相较于术业有专攻的阳光私募机构，信托公司自主发行证券类产品还有待积淀和考察；而阳光私募资产管理人大多经历了中国股市20多年牛熊转换的实战考验，证券投资经验丰富。</span><span style="font-family:宋体;color:#333333;font-size:10.5pt;"></span>\r\n</p>\r\n<p style="text-align:left;text-indent:22.2pt;">\r\n	<span style="font-family:宋体;color:#333333;font-size:10.5pt;font-weight:bold;">2015年，建议投资者可适当配置阳光私募类产品。</span><span style="font-family:宋体;color:#333333;font-size:10.5pt;"></span>\r\n</p>\r\n<p style="text-align:left;text-indent:22.2pt;">\r\n	<span style="font-family:宋体;color:#333333;font-size:10.5pt;font-weight:bold;">在选择阳光私募类产品时，建议投资者需要考虑以下几个方面：</span><span style="font-family:宋体;color:#333333;font-size:10.5pt;"></span>\r\n</p>\r\n<p style="text-align:left;text-indent:22.2pt;">\r\n	<span style="font-family:宋体;color:#333333;font-size:10.5pt;">&nbsp;(1)了解自身需求。投资者可以在投资顾问的帮助下，理清投资目标、投资周期、期望收益以及风险承受能力等；</span><span style="font-family:宋体;color:#333333;font-size:10.5pt;"></span>\r\n</p>\r\n<p style="text-align:left;text-indent:22.2pt;">\r\n	<span style="font-family:宋体;color:#333333;font-size:10.5pt;">&nbsp;(2)了解私募基金。掌握基金的业绩归因及投资风格；熟悉基金经理的过往投资经历，私募基金的投资理念、投资策略及风险控制措施；了解公司基本面情况，如投研团队、股权结构、公司治理情况、管理规模等。</span><span style="font-family:宋体;color:#333333;font-size:10.5pt;"></span>\r\n</p>\r\n<p style="text-align:left;text-indent:22.2pt;">\r\n	<span style="font-family:宋体;color:#333333;font-size:10.5pt;">&nbsp;(3)构建投资组合。根据自身投资需求，结合市场情况，选择与自身风险承受能力相匹配的私募基金，构建投资组合。并在未来根据投资需求的改变、市场波动及私募基金本身的变动，动态调整投资组合。</span><span style="font-family:宋体;color:#333333;font-size:10.5pt;"></span>\r\n</p>\r\n<p style="text-align:left;text-indent:22.2pt;">\r\n	<span style="font-family:宋体;color:#333333;font-size:10.5pt;font-weight:bold;"><span>5、</span></span><span style="font-family:宋体;color:#333333;font-size:10.5pt;font-weight:bold;">创新型信托：</span><span style="font-family:宋体;color:#333333;font-size:10.5pt;font-weight:bold;"></span>\r\n</p>\r\n<p style="text-align:left;">\r\n	<span style="font-family:宋体;color:#333333;font-size:10.5pt;"></span>\r\n</p>\r\n<p style="text-align:left;">\r\n	<span style="font-family:宋体;color:#333333;font-size:10.5pt;">&nbsp;&nbsp;&nbsp;</span><span style="font-family:宋体;color:#333333;font-size:10.5pt;">2014年，除了传统信托产品有所变革，创新型信托业带来了一场信托产品的历史性革命。</span><span style="font-family:宋体;color:#333333;font-size:10.5pt;"></span>\r\n</p>\r\n<p style="text-align:left;text-indent:22.2pt;">\r\n	<span style="font-family:宋体;color:#333333;font-size:10.5pt;">过去几年，市场出现的艺术品、钻石、红酒，甚至猪肉等另类创新信托，或因产品不够成熟未能形成规模化，或因投资标的不确定性较大，投资者遭受了巨大的损失而从此一蹶不振，信托创新之路似乎不那么顺畅。</span><span style="font-family:宋体;color:#333333;font-size:10.5pt;"></span>\r\n</p>\r\n<p style="text-align:left;text-indent:22.2pt;">\r\n	<span style="font-family:宋体;color:#333333;font-size:10.5pt;">但是，近两年，又陆续出现了土地流转、家族信托等颇具发展潜力的创新型信托。尽管目前，这两类信托尚处在初步摸索阶段，但产品确定性较大，可长期、规模化发展的可能性较大，让我们看到了创新型信托的希望。2014年，信托业又再接再厉，研发出了保险金信托、消费信托等思维更加发散，结构更加大胆的创新型信托。</span><span style="font-family:宋体;color:#333333;font-size:10.5pt;"></span>\r\n</p>\r\n<p style="text-align:left;text-indent:22.2pt;">\r\n	<span style="font-family:宋体;color:#333333;font-size:10.5pt;">其中，首款互联网消费权益信托“百发有戏”更是集合了中信信托、百度[微博]金融、中影股份及德恒律所等多领域翘楚之力联合打造的，这种多跨界尝试、合作也让信托机构脑洞大开，给他们未来的创新之路打开了新的方向。</span><span style="font-family:宋体;color:#333333;font-size:10.5pt;"></span>\r\n</p>\r\n<p style="text-align:left;text-indent:22.2pt;">\r\n	<span style="font-family:宋体;color:#333333;font-size:10.5pt;">这些创新型信托的衍生，一方面反映了信托业积极探索业务转型，对各领域各方面进行的有益尝试，另一方面也是特定经济环境下被动与主动的产物。</span><span style="font-family:宋体;color:#333333;font-size:10.5pt;"></span>\r\n</p>\r\n<p style="text-align:left;text-indent:22.2pt;">\r\n	<span style="font-family:宋体;color:#333333;font-size:10.5pt;">尽管这些创新型信托目前尚不成规模，但却是在不断探索土壤，抑或成为未来的趋势和主流产品。不过当前，对于创新型信托的投资，建议投资者要持谨慎、观望的态度。</span><span style="font-family:宋体;color:#333333;font-size:10.5pt;"></span>\r\n</p>\r\n<p>\r\n	&nbsp;\r\n</p>', 120, 1421392871, 0);
INSERT INTO `db_article` (`article_id`, `ac_id`, `code_type`, `article_url`, `article_show`, `isrecommend`, `article_focus`, `article_logo`, `listorder`, `article_title`, `lang_type`, `article_content`, `dot`, `article_time`, `sts`) VALUES
(24, 2, 'news', '', 1, 0, '', NULL, 255, '在微信APP注册绑定过，电脑云系统的默认密码是多少？', 'zh', '<p>\r\n	您好，如果您是通过微信APP（服务号）注册绑定的用户，电脑版（PC版）云系统的<span style="color:#ff0000;"><strong>默认登录密码</strong></span>是<span style="background-color:#ffff00;color:#ff0000;"><strong>123456</strong></span>，为了您的账户安全，请您及时修改密码！谢谢！\r\n</p>', 151, 1421392773, 0),
(25, 2, 'news', '', 1, 0, '', NULL, 255, '系统提示手机号码已经注册过，但是密码忘记了怎么办？', 'zh', '<p>\r\n	如果系统提示您手机号码已经注册过，但忘记密码，您可以点击登录框右下角的“忘记密码”进入密码重置页面，凭注册时填写的手机验证信息，即可重新设定密码。\r\n</p>', 105, 1421392746, 0),
(26, 2, 'news', '', 1, 0, '', NULL, 255, '为什么系统提示我的手机已经被注册？', 'zh', '<p>\r\n	出现此系统提示，表明此手机已经注册绑定过了，建议您直接使用该手机号码登录。\r\n</p>', 109, 1421392716, 0),
(27, 2, 'news', '', 1, 0, '', NULL, 255, '华良财富平台有何过人之处？', 'zh', '<p>\r\n	不同于其他类似的理财网站，壹财富理财师服务平台是为理财师量身定制的一个优质服务平台，最突出的特点是“三最”：<span style="color:#ff0000;"><strong>最多的产品数量、最高的服务费率、最快的结算速度</strong></span>！我们还为您提供贴心、专业的一对一专人服务，让您随时随地、轻轻松松完成交易。\r\n</p>\r\n<p>\r\n	同时，凭借着“壹财富”在业内一流的信用口碑、和平台自身完备的安全技术保障，让您交易时拥有最安全、最便捷、最高效的良好体验。\r\n</p>', 132, 1421392695, 0),
(28, 2, 'news', '', 1, 0, '', NULL, 255, '华良财富：忘记了登录密码，应该如果操作？', 'zh', '您可以点击登录框右下角的“忘记密码?”进入密码重置页面，凭手机验证信息，即可重新设定密码。', 112, 1421392669, 0);

-- --------------------------------------------------------

--
-- 表的结构 `db_article_category`
--

CREATE TABLE IF NOT EXISTS `db_article_category` (
  `ac_id` int(10) unsigned NOT NULL AUTO_INCREMENT COMMENT '索引ID',
  `ac_code` varchar(255) DEFAULT NULL COMMENT '分类标识码',
  `ac_name` varchar(100) NOT NULL COMMENT '分类名称',
  `ac_url` varchar(100) DEFAULT NULL COMMENT '分类链接地址',
  `parent_id` int(10) unsigned NOT NULL DEFAULT '0' COMMENT '父ID',
  `listorder` tinyint(1) unsigned NOT NULL DEFAULT '255' COMMENT '排序',
  PRIMARY KEY (`ac_id`),
  KEY `ac_parent_id` (`parent_id`) USING BTREE
) ENGINE=MyISAM  DEFAULT CHARSET=utf8 COMMENT='文章分类表' AUTO_INCREMENT=25 ;

--
-- 转存表中的数据 `db_article_category`
--

INSERT INTO `db_article_category` (`ac_id`, `ac_code`, `ac_name`, `ac_url`, `parent_id`, `listorder`) VALUES
(1, 'news', '信托快报', '', 0, 255),
(2, 'news', '新手帮助', '', 0, 255),
(4, 'help', '工程机械', '', 0, 1),
(5, 'help', '铁道运输', '', 0, 2),
(10, 'help', '其他行业', NULL, 0, 3);

-- --------------------------------------------------------

--
-- 表的结构 `db_bill`
--

CREATE TABLE IF NOT EXISTS `db_bill` (
  `bill_id` int(10) unsigned NOT NULL AUTO_INCREMENT COMMENT '发票ID',
  `member_id` int(10) unsigned NOT NULL DEFAULT '0' COMMENT '会员ID',
  `type` tinyint(4) NOT NULL DEFAULT '0' COMMENT '发票类型（0-普通发票/1-增值税发票）',
  `iscompany` tinyint(4) NOT NULL DEFAULT '0' COMMENT '是否公司',
  `compname` varchar(100) CHARACTER SET utf8 COLLATE utf8_unicode_ci NOT NULL COMMENT '单位名称',
  `compcode` varchar(50) CHARACTER SET utf8 COLLATE utf8_unicode_ci NOT NULL COMMENT '纳税人识别号',
  `address` varchar(255) NOT NULL COMMENT '地址',
  `tel` varchar(50) DEFAULT NULL COMMENT '注册电话',
  `bank` varchar(255) CHARACTER SET utf8 COLLATE utf8_unicode_ci DEFAULT NULL COMMENT '开户银行',
  `bankcode` varchar(100) CHARACTER SET utf8 COLLATE utf8_unicode_ci DEFAULT NULL COMMENT '银行账户',
  `sts` tinyint(1) DEFAULT '0' COMMENT '逻辑删除：1删除，0正常',
  `d_add` tinyint(1) DEFAULT '0' COMMENT '是否默认地址：1默认，0否',
  PRIMARY KEY (`bill_id`)
) ENGINE=MyISAM  DEFAULT CHARSET=utf8 COMMENT='买家地址信息表' AUTO_INCREMENT=6 ;

--
-- 转存表中的数据 `db_bill`
--

INSERT INTO `db_bill` (`bill_id`, `member_id`, `type`, `iscompany`, `compname`, `compcode`, `address`, `tel`, `bank`, `bankcode`, `sts`, `d_add`) VALUES
(4, 29, 0, 0, '杭州赤虎科技有限公司', '330100589889761', '笕丁路168号12#208', '05718710652', '杭州联合银行', '201000091356599', 0, 0),
(5, 61, 0, 0, '今日科技', '11222', '2222', '18766663333', '广东', '11111', 0, 0);

-- --------------------------------------------------------

--
-- 表的结构 `db_caifu_order`
--

CREATE TABLE IF NOT EXISTS `db_caifu_order` (
  `id` int(11) NOT NULL AUTO_INCREMENT,
  `product_id` int(11) NOT NULL COMMENT '产品ID',
  `name` varchar(30) COLLATE utf8_unicode_ci NOT NULL COMMENT '客户姓名',
  `dk_money` decimal(12,2) NOT NULL COMMENT '打款金额',
  `dk_date` date NOT NULL COMMENT '打款日期',
  `real_money` decimal(12,2) DEFAULT NULL COMMENT '成交金额',
  `real_date` date DEFAULT NULL COMMENT '成立日期',
  `money_slip` varchar(100) COLLATE utf8_unicode_ci NOT NULL COMMENT '打款凭条',
  `bankcard` varchar(100) COLLATE utf8_unicode_ci NOT NULL COMMENT '银行卡',
  `idcard_up` varchar(100) COLLATE utf8_unicode_ci NOT NULL COMMENT '身份证正面',
  `idcard_back` varchar(100) COLLATE utf8_unicode_ci NOT NULL COMMENT '身份证反面',
  `signature1` varchar(100) COLLATE utf8_unicode_ci DEFAULT NULL COMMENT '签字页1',
  `signature2` varchar(100) COLLATE utf8_unicode_ci DEFAULT NULL COMMENT '签字页2',
  `remark` text COLLATE utf8_unicode_ci COMMENT '备注',
  `poster` varchar(30) COLLATE utf8_unicode_ci NOT NULL COMMENT '发布者',
  `user_id` int(11) NOT NULL COMMENT '用户ID',
  `post_time` int(20) NOT NULL COMMENT '发布时间',
  `status` tinyint(4) NOT NULL DEFAULT '10' COMMENT '审核状态',
  `status_remark` tinytext COLLATE utf8_unicode_ci COMMENT '审核理由',
  PRIMARY KEY (`id`)
) ENGINE=MyISAM  DEFAULT CHARSET=utf8 COLLATE=utf8_unicode_ci COMMENT='报单' AUTO_INCREMENT=4 ;

-- --------------------------------------------------------

--
-- 表的结构 `db_caifu_orderpoints`
--

CREATE TABLE IF NOT EXISTS `db_caifu_orderpoints` (
  `id` int(11) NOT NULL AUTO_INCREMENT,
  `order_sn` varchar(30) COLLATE utf8_unicode_ci NOT NULL COMMENT '订单号',
  `product_id` int(11) NOT NULL COMMENT '产品ID',
  `name` varchar(30) COLLATE utf8_unicode_ci NOT NULL COMMENT '姓名',
  `phone` varchar(30) COLLATE utf8_unicode_ci NOT NULL COMMENT '手机号码',
  `email` varchar(100) COLLATE utf8_unicode_ci NOT NULL COMMENT '邮箱',
  `address` varchar(100) COLLATE utf8_unicode_ci DEFAULT NULL COMMENT '地址',
  `status` tinyint(4) NOT NULL DEFAULT '10' COMMENT '状态',
  `remark` text COLLATE utf8_unicode_ci NOT NULL COMMENT '备注',
  `poster` varchar(30) COLLATE utf8_unicode_ci NOT NULL COMMENT '用户名',
  `user_id` int(11) NOT NULL COMMENT '用户ID',
  `post_time` int(20) NOT NULL COMMENT '操作时间',
  PRIMARY KEY (`id`),
  UNIQUE KEY `order_sn` (`order_sn`)
) ENGINE=MyISAM  DEFAULT CHARSET=utf8 COLLATE=utf8_unicode_ci COMMENT='积分订单' AUTO_INCREMENT=4 ;

--
-- 转存表中的数据 `db_caifu_orderpoints`
--

INSERT INTO `db_caifu_orderpoints` (`id`, `order_sn`, `product_id`, `name`, `phone`, `email`, `address`, `status`, `remark`, `poster`, `user_id`, `post_time`) VALUES
(1, 'd52464d8a8', 1, '李四', '13535141529', 'yuanfa@163.com', '', 10, '阿呆沙发', '13336141529', 3, 2014);

-- --------------------------------------------------------

--
-- 表的结构 `db_caifu_points`
--

CREATE TABLE IF NOT EXISTS `db_caifu_points` (
  `id` int(11) NOT NULL AUTO_INCREMENT,
  `name` varchar(100) COLLATE utf8_unicode_ci NOT NULL COMMENT '产品名称',
  `market_price` decimal(12,2) NOT NULL COMMENT '市场价格',
  `points` int(11) NOT NULL COMMENT '所需积分',
  `points_image` varchar(100) COLLATE utf8_unicode_ci DEFAULT NULL COMMENT '缩略图',
  `status` tinyint(4) DEFAULT NULL COMMENT '产品状态',
  `content` text COLLATE utf8_unicode_ci COMMENT '内容介绍',
  `listorder` int(11) DEFAULT NULL COMMENT '排序号',
  `post_time` int(20) DEFAULT '0' COMMENT '发布时间',
  PRIMARY KEY (`id`)
) ENGINE=MyISAM  DEFAULT CHARSET=utf8 COLLATE=utf8_unicode_ci COMMENT='财富～积分产品' AUTO_INCREMENT=6 ;

--
-- 转存表中的数据 `db_caifu_points`
--

INSERT INTO `db_caifu_points` (`id`, `name`, `market_price`, `points`, `points_image`, `status`, `content`, `listorder`, `post_time`) VALUES
(1, '索尼α5000 微单单镜套机', '3800.00', 9999, 'uploadfile/points/2014/11/09/14155187451336s1.jpg', 0, '<table cellpadding="0" cellspacing="1" width="100%" style="margin:0px;padding:0px;border:0px;font-size:12px;color:#646464;font-family:tahoma, arial, ''Hiragino Sans GB'', 宋体, sans-serif;background:#FFFFFF;">\r\n	<tbody>\r\n		<tr>\r\n			<td width="110" style="border:0px;vertical-align:baseline;text-align:right;background:#F5FAFE;">\r\n				品牌\r\n			</td>\r\n			<td style="border:0px;vertical-align:baseline;">\r\n				索尼（SONY）\r\n			</td>\r\n		</tr>\r\n		<tr>\r\n			<td width="110" style="border:0px;vertical-align:baseline;text-align:right;background:#F5FAFE;">\r\n				型号\r\n			</td>\r\n			<td style="border:0px;vertical-align:baseline;">\r\n				ILCE-5000L（α5000）\r\n			</td>\r\n		</tr>\r\n		<tr>\r\n			<td width="110" style="border:0px;vertical-align:baseline;text-align:right;background:#F5FAFE;">\r\n				上市时间\r\n			</td>\r\n			<td style="border:0px;vertical-align:baseline;">\r\n				2014年2月\r\n			</td>\r\n		</tr>\r\n		<tr>\r\n			<td width="110" style="border:0px;vertical-align:baseline;text-align:right;background:#F5FAFE;">\r\n				数码相关类型\r\n			</td>\r\n			<td style="border:0px;vertical-align:baseline;">\r\n				微单相机\r\n			</td>\r\n		</tr>\r\n		<tr>\r\n			<td width="110" style="border:0px;vertical-align:baseline;text-align:right;background:#F5FAFE;">\r\n				有效像素\r\n			</td>\r\n			<td style="border:0px;vertical-align:baseline;">\r\n				约 2010万像素\r\n			</td>\r\n		</tr>\r\n		<tr>\r\n			<td width="110" style="border:0px;vertical-align:baseline;text-align:right;background:#F5FAFE;">\r\n				传感器类型\r\n			</td>\r\n			<td style="border:0px;vertical-align:baseline;">\r\n				Exmor APS HD CMOS\r\n			</td>\r\n		</tr>\r\n		<tr>\r\n			<td width="110" style="border:0px;vertical-align:baseline;text-align:right;background:#F5FAFE;">\r\n				传感器尺寸\r\n			</td>\r\n			<td style="border:0px;vertical-align:baseline;">\r\n				23.2x15.4mm（APS-C画幅）\r\n			</td>\r\n		</tr>\r\n		<tr>\r\n			<td width="110" style="border:0px;vertical-align:baseline;text-align:right;background:#F5FAFE;">\r\n				短片拍摄\r\n			</td>\r\n			<td style="border:0px;vertical-align:baseline;">\r\n				AVCHD：1920 x 1080 （50i/ 平均比特率 24 Mbps），&nbsp;<br />\r\nAVCHD：1920 x 1080 （50i/ 平均比特率 17 Mbps），&nbsp;<br />\r\nAVCHD：1920 x 1080 （25p/ 平均比特率 24 Mbps），&nbsp;<br />\r\nAVCHD：1920 x 1080 （25p/ 平均比特率 17 Mbps），&nbsp;<br />\r\nMP4：1440 x1080 （25 fps / 平均比特率 12 Mbps），&nbsp;<br />\r\nVGA：640 x 480 （25 fps / 平均比特率 3 Mbps）\r\n			</td>\r\n		</tr>\r\n		<tr>\r\n			<th colspan="2" style="border:0px;vertical-align:baseline;text-align:center;background:#F5FAFE;">\r\n				屏幕参数\r\n			</th>\r\n		</tr>\r\n		<tr>\r\n			<td style="border:0px;vertical-align:baseline;background:transparent;">\r\n				<br />\r\n			</td>\r\n			<td style="border:0px;vertical-align:baseline;background:transparent;">\r\n				<br />\r\n			</td>\r\n		</tr>\r\n		<tr>\r\n			<td width="110" style="border:0px;vertical-align:baseline;text-align:right;background:#F5FAFE;">\r\n				液晶屏尺寸\r\n			</td>\r\n			<td style="border:0px;vertical-align:baseline;">\r\n				3.0英寸TFT\r\n			</td>\r\n		</tr>\r\n		<tr>\r\n			<td width="110" style="border:0px;vertical-align:baseline;text-align:right;background:#F5FAFE;">\r\n				液晶屏像素\r\n			</td>\r\n			<td style="border:0px;vertical-align:baseline;">\r\n				约46万像素\r\n			</td>\r\n		</tr>\r\n		<tr>\r\n			<td width="110" style="border:0px;vertical-align:baseline;text-align:right;background:#F5FAFE;">\r\n				液晶屏比例\r\n			</td>\r\n			<td style="border:0px;vertical-align:baseline;">\r\n				16：9\r\n			</td>\r\n		</tr>\r\n		<tr>\r\n			<td width="110" style="border:0px;vertical-align:baseline;text-align:right;background:#F5FAFE;">\r\n				旋转屏\r\n			</td>\r\n			<td style="border:0px;vertical-align:baseline;">\r\n				180°可翻折Xtra Fine液晶屏\r\n			</td>\r\n		</tr>\r\n		<tr>\r\n			<th colspan="2" style="border:0px;vertical-align:baseline;text-align:center;background:#F5FAFE;">\r\n				镜头参数\r\n			</th>\r\n		</tr>\r\n		<tr>\r\n			<td style="border:0px;vertical-align:baseline;background:transparent;">\r\n				<br />\r\n			</td>\r\n			<td style="border:0px;vertical-align:baseline;background:transparent;">\r\n				<br />\r\n			</td>\r\n		</tr>\r\n		<tr>\r\n			<td width="110" style="border:0px;vertical-align:baseline;text-align:right;background:#F5FAFE;">\r\n				镜头类型\r\n			</td>\r\n			<td style="border:0px;vertical-align:baseline;">\r\n				索尼E卡口微单镜头\r\n			</td>\r\n		</tr>\r\n		<tr>\r\n			<td width="110" style="border:0px;vertical-align:baseline;text-align:right;background:#F5FAFE;">\r\n				镜头描述\r\n			</td>\r\n			<td style="border:0px;vertical-align:baseline;">\r\n				索尼E PZ 16-50mm F3.5-5.6 OSS（SELP1650）电动变焦镜头\r\n			</td>\r\n		</tr>\r\n		<tr>\r\n			<td width="110" style="border:0px;vertical-align:baseline;text-align:right;background:#F5FAFE;">\r\n				焦距\r\n			</td>\r\n			<td style="border:0px;vertical-align:baseline;">\r\n				16-50mm（等效焦距：24-75mm）\r\n			</td>\r\n		</tr>\r\n		<tr>\r\n			<td width="110" style="border:0px;vertical-align:baseline;text-align:right;background:#F5FAFE;">\r\n				对焦方式\r\n			</td>\r\n			<td style="border:0px;vertical-align:baseline;">\r\n				单次AF，连续AF，DMF，手动对焦\r\n			</td>\r\n		</tr>\r\n		<tr>\r\n			<td width="110" style="border:0px;vertical-align:baseline;text-align:right;background:#F5FAFE;">\r\n				光圈范围\r\n			</td>\r\n			<td style="border:0px;vertical-align:baseline;">\r\n				F3.5-5.6\r\n			</td>\r\n		</tr>\r\n		<tr>\r\n			<td width="110" style="border:0px;vertical-align:baseline;text-align:right;background:#F5FAFE;">\r\n				滤镜直径\r\n			</td>\r\n			<td style="border:0px;vertical-align:baseline;">\r\n				40.5mm\r\n			</td>\r\n		</tr>\r\n		<tr>\r\n			<td width="110" style="border:0px;vertical-align:baseline;text-align:right;background:#F5FAFE;">\r\n				镜头防抖\r\n			</td>\r\n			<td style="border:0px;vertical-align:baseline;">\r\n				光学防抖\r\n			</td>\r\n		</tr>\r\n		<tr>\r\n			<th colspan="2" style="border:0px;vertical-align:baseline;text-align:center;background:#F5FAFE;">\r\n				曝光控制\r\n			</th>\r\n		</tr>\r\n		<tr>\r\n			<td style="border:0px;vertical-align:baseline;background:transparent;">\r\n				<br />\r\n			</td>\r\n			<td style="border:0px;vertical-align:baseline;background:transparent;">\r\n				<br />\r\n			</td>\r\n		</tr>\r\n		<tr>\r\n			<td width="110" style="border:0px;vertical-align:baseline;text-align:right;background:#F5FAFE;">\r\n				曝光模式\r\n			</td>\r\n			<td style="border:0px;vertical-align:baseline;">\r\n				智能自动/增强自动/程序自动/光圈优先/快门优先/手动曝光/动态影像/扫描全景（2D）/场景选择\r\n			</td>\r\n		</tr>\r\n		<tr>\r\n			<td width="110" style="border:0px;vertical-align:baseline;text-align:right;background:#F5FAFE;">\r\n				曝光补偿\r\n			</td>\r\n			<td style="border:0px;vertical-align:baseline;">\r\n				静态影像：±3.0EV，（步级：1/3EV）\r\n			</td>\r\n		</tr>\r\n		<tr>\r\n			<td width="110" style="border:0px;vertical-align:baseline;text-align:right;background:#F5FAFE;">\r\n				测光方式\r\n			</td>\r\n			<td style="border:0px;vertical-align:baseline;">\r\n				多重，中心，点测光\r\n			</td>\r\n		</tr>\r\n		<tr>\r\n			<td width="110" style="border:0px;vertical-align:baseline;text-align:right;background:#F5FAFE;">\r\n				ISO感光度\r\n			</td>\r\n			<td style="border:0px;vertical-align:baseline;">\r\n				自动（ISO 100-16000），范围：ISO 100-16000\r\n			</td>\r\n		</tr>\r\n		<tr>\r\n			<td width="110" style="border:0px;vertical-align:baseline;text-align:right;background:#F5FAFE;">\r\n				白平衡模式\r\n			</td>\r\n			<td style="border:0px;vertical-align:baseline;">\r\n				自动、日光、阴影、阴天、白炽灯、荧光灯（暖白色）、荧光灯（冷白色）、荧光灯（日光白色）、荧光灯（日光）、闪光灯、水中自动、色温/滤光片、自定义（1，2，3）、自定义设置\r\n			</td>\r\n		</tr>\r\n		<tr>\r\n			<td width="110" style="border:0px;vertical-align:baseline;text-align:right;background:#F5FAFE;">\r\n				场景模式\r\n			</td>\r\n			<td style="border:0px;vertical-align:baseline;">\r\n				肖像、运动、微距、风景、黄昏、夜景肖像、夜景、手持夜景、动作防抖\r\n			</td>\r\n		</tr>\r\n		<tr>\r\n			<td width="110" style="border:0px;vertical-align:baseline;text-align:right;background:#F5FAFE;">\r\n				模式\r\n			</td>\r\n			<td style="border:0px;vertical-align:baseline;">\r\n				单张拍摄，连拍， 速度优先连拍， 自拍定时：10秒/2秒， 自拍定时（连拍）：10秒3张影像/10秒5张影像， 连续阶段曝光，单拍阶段曝光，白平衡阶段曝光，DRO阶段曝光\r\n			</td>\r\n		</tr>\r\n		<tr>\r\n			<th colspan="2" style="border:0px;vertical-align:baseline;text-align:center;background:#F5FAFE;">\r\n				性能参数\r\n			</th>\r\n		</tr>\r\n		<tr>\r\n			<td style="border:0px;vertical-align:baseline;background:transparent;">\r\n				<br />\r\n			</td>\r\n			<td style="border:0px;vertical-align:baseline;background:transparent;">\r\n				<br />\r\n			</td>\r\n		</tr>\r\n		<tr>\r\n			<td width="110" style="border:0px;vertical-align:baseline;text-align:right;background:#F5FAFE;">\r\n				快门\r\n			</td>\r\n			<td style="border:0px;vertical-align:baseline;">\r\n				1/4000秒 - 30秒\r\n			</td>\r\n		</tr>\r\n		<tr>\r\n			<td width="110" style="border:0px;vertical-align:baseline;text-align:right;background:#F5FAFE;">\r\n				B门\r\n			</td>\r\n			<td style="border:0px;vertical-align:baseline;">\r\n				支持\r\n			</td>\r\n		</tr>\r\n		<tr>\r\n			<td width="110" style="border:0px;vertical-align:baseline;text-align:right;background:#F5FAFE;">\r\n				防抖功能\r\n			</td>\r\n			<td style="border:0px;vertical-align:baseline;">\r\n				镜头防抖（OSS镜头）\r\n			</td>\r\n		</tr>\r\n		<tr>\r\n			<td width="110" style="border:0px;vertical-align:baseline;text-align:right;background:#F5FAFE;">\r\n				连拍\r\n			</td>\r\n			<td style="border:0px;vertical-align:baseline;">\r\n				最快约3.5张/秒（速度优先连拍模式下）<br />\r\n连拍模式下：最快约2.5张/秒\r\n			</td>\r\n		</tr>\r\n		<tr>\r\n			<td width="110" style="border:0px;vertical-align:baseline;text-align:right;background:#F5FAFE;">\r\n				自拍\r\n			</td>\r\n			<td style="border:0px;vertical-align:baseline;">\r\n				自拍定时：10秒/2秒\r\n			</td>\r\n		</tr>\r\n		<tr>\r\n			<td width="110" style="border:0px;vertical-align:baseline;text-align:right;background:#F5FAFE;">\r\n				附件功能\r\n			</td>\r\n			<td style="border:0px;vertical-align:baseline;">\r\n				NFC一触功能和WiFi无线传输\r\n			</td>\r\n		</tr>\r\n		<tr>\r\n			<th colspan="2" style="border:0px;vertical-align:baseline;text-align:center;background:#F5FAFE;">\r\n				闪光灯参数\r\n			</th>\r\n		</tr>\r\n		<tr>\r\n			<td style="border:0px;vertical-align:baseline;background:transparent;">\r\n				<br />\r\n			</td>\r\n			<td style="border:0px;vertical-align:baseline;background:transparent;">\r\n				<br />\r\n			</td>\r\n		</tr>\r\n		<tr>\r\n			<td width="110" style="border:0px;vertical-align:baseline;text-align:right;background:#F5FAFE;">\r\n				机身闪光灯\r\n			</td>\r\n			<td style="border:0px;vertical-align:baseline;">\r\n				内置闪光灯\r\n			</td>\r\n		</tr>\r\n		<tr>\r\n			<td width="110" style="border:0px;vertical-align:baseline;text-align:right;background:#F5FAFE;">\r\n				有效闪光范围\r\n			</td>\r\n			<td style="border:0px;vertical-align:baseline;">\r\n				约GN4（ISO 100， 以米为单位）\r\n			</td>\r\n		</tr>\r\n		<tr>\r\n			<td width="110" style="border:0px;vertical-align:baseline;text-align:right;background:#F5FAFE;">\r\n				闪光模式\r\n			</td>\r\n			<td style="border:0px;vertical-align:baseline;">\r\n				禁止闪光、自动闪光、强制闪光、低速同步、后帘同步闪光\r\n			</td>\r\n		</tr>\r\n		<tr>\r\n			<td width="110" style="border:0px;vertical-align:baseline;text-align:right;background:#F5FAFE;">\r\n				闪光灯特性\r\n			</td>\r\n			<td style="border:0px;vertical-align:baseline;">\r\n				TTL通过镜头预闪测光\r\n			</td>\r\n		</tr>\r\n		<tr>\r\n			<th colspan="2" style="border:0px;vertical-align:baseline;text-align:center;background:#F5FAFE;">\r\n				存储及连接参数\r\n			</th>\r\n		</tr>\r\n		<tr>\r\n			<td style="border:0px;vertical-align:baseline;background:transparent;">\r\n				<br />\r\n			</td>\r\n			<td style="border:0px;vertical-align:baseline;background:transparent;">\r\n				<br />\r\n			</td>\r\n		</tr>\r\n		<tr>\r\n			<td width="110" style="border:0px;vertical-align:baseline;text-align:right;background:#F5FAFE;">\r\n				存储介质\r\n			</td>\r\n			<td style="border:0px;vertical-align:baseline;">\r\n				记忆棒：Memory Stick PRO Duo；Memory Stick PRO-HG Duo ；SD存储卡；SDHC存储卡；SDXC存储卡\r\n			</td>\r\n		</tr>\r\n		<tr>\r\n			<td width="110" style="border:0px;vertical-align:baseline;text-align:right;background:#F5FAFE;">\r\n				记录格式\r\n			</td>\r\n			<td style="border:0px;vertical-align:baseline;">\r\n				JPEG标准，JPEG精细，RAW，RAW+JPEG\r\n			</td>\r\n		</tr>\r\n		<tr>\r\n			<td width="110" style="border:0px;vertical-align:baseline;text-align:right;background:#F5FAFE;">\r\n				记录分辨率\r\n			</td>\r\n			<td style="border:0px;vertical-align:baseline;">\r\n				3：2<br />\r\nL（20M）：5456 x 3632<br />\r\nM（10M）：3872 x 2576<br />\r\nS（5M）：2736 x 1824<br />\r\n16：9<br />\r\nL（17M）：5456 x 3064<br />\r\nM（8.4M）：3872 x 2176<br />\r\nS（4.2M）：2736 x 1536\r\n			</td>\r\n		</tr>\r\n		<tr>\r\n			<td width="110" style="border:0px;vertical-align:baseline;text-align:right;background:#F5FAFE;">\r\n				数据接口\r\n			</td>\r\n			<td style="border:0px;vertical-align:baseline;">\r\n				USB2.0(高速)、Micro HDMI接口、NFC\r\n			</td>\r\n		</tr>\r\n		<tr>\r\n			<th colspan="2" style="border:0px;vertical-align:baseline;text-align:center;background:#F5FAFE;">\r\n				附件及电源参数\r\n			</th>\r\n		</tr>\r\n		<tr>\r\n			<td style="border:0px;vertical-align:baseline;background:transparent;">\r\n				<br />\r\n			</td>\r\n			<td style="border:0px;vertical-align:baseline;background:transparent;">\r\n				<br />\r\n			</td>\r\n		</tr>\r\n		<tr>\r\n			<td width="110" style="border:0px;vertical-align:baseline;text-align:right;background:#F5FAFE;">\r\n				电池\r\n			</td>\r\n			<td style="border:0px;vertical-align:baseline;">\r\n				NP-FW50\r\n			</td>\r\n		</tr>\r\n		<tr>\r\n			<td width="110" style="border:0px;vertical-align:baseline;text-align:right;background:#F5FAFE;">\r\n				电池续航时间\r\n			</td>\r\n			<td style="border:0px;vertical-align:baseline;">\r\n				约420张（LCD，CIPA标准）\r\n			</td>\r\n		</tr>\r\n		<tr>\r\n			<td width="110" style="border:0px;vertical-align:baseline;text-align:right;background:#F5FAFE;">\r\n				外接电源\r\n			</td>\r\n			<td style="border:0px;vertical-align:baseline;">\r\n				USB充电\r\n			</td>\r\n		</tr>\r\n		<tr>\r\n			<td width="110" style="border:0px;vertical-align:baseline;text-align:right;background:#F5FAFE;">\r\n				电池类型\r\n			</td>\r\n			<td style="border:0px;vertical-align:baseline;">\r\n				可重复充电锂电池\r\n			</td>\r\n		</tr>\r\n		<tr>\r\n			<th colspan="2" style="border:0px;vertical-align:baseline;text-align:center;background:#F5FAFE;">\r\n				外观参数\r\n			</th>\r\n		</tr>\r\n		<tr>\r\n			<td style="border:0px;vertical-align:baseline;background:transparent;">\r\n				<br />\r\n			</td>\r\n			<td style="border:0px;vertical-align:baseline;background:transparent;">\r\n				<br />\r\n			</td>\r\n		</tr>\r\n		<tr>\r\n			<td width="110" style="border:0px;vertical-align:baseline;text-align:right;background:#F5FAFE;">\r\n				尺寸\r\n			</td>\r\n			<td style="border:0px;vertical-align:baseline;">\r\n				约 109.6mm x 62.8 x 35.7mm\r\n			</td>\r\n		</tr>\r\n		<tr>\r\n			<td width="110" style="border:0px;vertical-align:baseline;text-align:right;background:#F5FAFE;">\r\n				重量\r\n			</td>\r\n			<td style="border:0px;vertical-align:baseline;">\r\n				约210g（仅主机）\r\n			</td>\r\n		</tr>\r\n	</tbody>\r\n</table>', 3, 1415518745),
(2, 'JBL iPhone5便携式充电音乐底座音箱', '890.00', 1500, 'uploadfile/points/2014/11/09/14155188532688s1.jpg', 1, '<ul style="vertical-align:baseline;color:#646464;font-family:tahoma, arial, ''Hiragino Sans GB'', 宋体, sans-serif;background:#FFFFFF;">\r\n	<li style="vertical-align:baseline;background:transparent;">\r\n		<p style="vertical-align:baseline;color:#777777;background:transparent;">\r\n			商品名称：JBLOnBeat Micro WHTCH\r\n		</p>\r\n	</li>\r\n	<li style="vertical-align:baseline;background:transparent;">\r\n		<p style="vertical-align:baseline;color:#777777;background:transparent;">\r\n			商品编号：837607\r\n		</p>\r\n	</li>\r\n	<li style="vertical-align:baseline;background:transparent;">\r\n		<p style="vertical-align:baseline;color:#777777;background:transparent;">\r\n			品牌：JBL\r\n		</p>\r\n	</li>\r\n	<li style="vertical-align:baseline;background:transparent;">\r\n		<p style="vertical-align:baseline;color:#777777;background:transparent;">\r\n			商品毛重：1.162kg\r\n		</p>\r\n	</li>\r\n	<li style="vertical-align:baseline;background:transparent;">\r\n		<p style="vertical-align:baseline;color:#777777;background:transparent;">\r\n			商品产地：中国大陆\r\n		</p>\r\n	</li>\r\n	<li style="vertical-align:baseline;background:transparent;">\r\n		<p style="vertical-align:baseline;color:#777777;background:transparent;">\r\n			声道：2.0声道\r\n		</p>\r\n	</li>\r\n	<li style="vertical-align:baseline;background:transparent;">\r\n		<p style="vertical-align:baseline;color:#777777;background:transparent;">\r\n			类型：苹果音箱，便携音箱，蓝牙音箱\r\n		</p>\r\n	</li>\r\n</ul>', 4, 1415518853),
(3, 'adsf222', '3000.00', 9000, 'uploadfile/points/2014/11/09/14155199413028s1.jpg', 0, 'adsf1234', 1, 1415518869);

-- --------------------------------------------------------

--
-- 表的结构 `db_caifu_product`
--

CREATE TABLE IF NOT EXISTS `db_caifu_product` (
  `id` int(11) NOT NULL AUTO_INCREMENT,
  `name` varchar(100) COLLATE utf8_unicode_ci NOT NULL COMMENT '产品名称',
  `issuer` varchar(30) COLLATE utf8_unicode_ci NOT NULL COMMENT '发行机构',
  `category` int(11) NOT NULL COMMENT '产品系列',
  `investment` int(11) NOT NULL COMMENT '投资领域',
  `expenses_area` tinyint(4) NOT NULL COMMENT '发行费用区间',
  `expenses` varchar(255) COLLATE utf8_unicode_ci DEFAULT NULL COMMENT '发行费用',
  `yield` int(11) NOT NULL COMMENT '收益率',
  `yield_year` varchar(100) COLLATE utf8_unicode_ci DEFAULT NULL COMMENT '年化收益',
  `fee_scale` varchar(30) COLLATE utf8_unicode_ci DEFAULT NULL COMMENT '费用区间',
  `interest` int(11) NOT NULL COMMENT '付息方式',
  `area` int(11) NOT NULL COMMENT '所在区域',
  `size` int(11) NOT NULL COMMENT '大小配比',
  `status` tinyint(4) DEFAULT '0' COMMENT '产品状态',
  `lifetime` tinyint(4) DEFAULT '0' COMMENT '产品期限',
  `scale` varchar(30) COLLATE utf8_unicode_ci DEFAULT NULL COMMENT '规模',
  `threshold` text COLLATE utf8_unicode_ci COMMENT '投资门槛',
  `account` text COLLATE utf8_unicode_ci COMMENT '募集帐号',
  `income` text COLLATE utf8_unicode_ci COMMENT '收益明细',
  `progress` tinytext COLLATE utf8_unicode_ci COMMENT '募集进度',
  `download` varchar(100) COLLATE utf8_unicode_ci DEFAULT NULL COMMENT '资料下载',
  `progress_percent` int(11) DEFAULT '0' COMMENT '进度条百分比',
  `size_intro` varchar(255) COLLATE utf8_unicode_ci DEFAULT NULL COMMENT '大小配比说明',
  `earning` int(11) DEFAULT NULL COMMENT '收益类型',
  `content` text COLLATE utf8_unicode_ci COMMENT '产品说明',
  `total_money` decimal(12,2) DEFAULT NULL COMMENT '真实金额 ',
  `now_money` decimal(12,2) DEFAULT NULL COMMENT '募集金额',
  `post_time` int(20) NOT NULL COMMENT '发布时间',
  `listorder` int(4) DEFAULT '255' COMMENT '排序号',
  `isshow` tinyint(4) DEFAULT '1' COMMENT '是否显示',
  `iscommend` tinyint(4) DEFAULT '0' COMMENT '是否推荐首页',
  PRIMARY KEY (`id`)
) ENGINE=MyISAM  DEFAULT CHARSET=utf8 COLLATE=utf8_unicode_ci COMMENT='产品中心' AUTO_INCREMENT=50 ;

--
-- 转存表中的数据 `db_caifu_product`
--

INSERT INTO `db_caifu_product` (`id`, `name`, `issuer`, `category`, `investment`, `expenses_area`, `expenses`, `yield`, `yield_year`, `fee_scale`, `interest`, `area`, `size`, `status`, `lifetime`, `scale`, `threshold`, `account`, `income`, `progress`, `download`, `progress_percent`, `size_intro`, `earning`, `content`, `total_money`, `now_money`, `post_time`, `listorder`, `isshow`, `iscommend`) VALUES
(43, '同信证券-百瑞信托-镇江交投集合资产管理计划', '同信证券', 2, 3, 2, '100万≤X＜300万:【2.0】%\r\n300万≤X＜600万:【1.6】%\r\n600万≤X:【1.5】%', 3, '10.0%-10.5% ', '100万≤X＜300万:【2.0】%', 1, 1, 1, 1, 18, '5', '100', '同信证券镇江交投募集账号：\r\n户名：西藏同信证券股份有限公司\r\n账号：3100 1502 5000 5007 0477\r\n开户银行：建设银行上海第二支行\r\n打款备注：XXX认购“镇江交投” ', '100万≤X＜300万:【10.0】%\r\n300万≤X＜600万:【10.3】%\r\n600万≤X:【10.5】% ', '【3月24日更新】本期是第二期，本期规模3000万，已进款330万，满3000万成立一期，有下一期。 \r\n', '', 30, '', 1, '<p>\r\n	同信证券-百瑞信托-镇江交投集合资产管理计划<br />\r\n<br />\r\n基本要素：<br />\r\n规&nbsp;&nbsp;&nbsp;&nbsp;模：不低于5亿元，拟分期发行募集<br />\r\n期&nbsp;&nbsp;&nbsp;&nbsp;限：18个月<br />\r\n认购起点:100万<br />\r\n预期收益：<br />\r\n100万≤X＜300万:【10.0】%<br />\r\n300万≤X＜600万:【10.3】%<br />\r\n600万≤X:【10.5】%<br />\r\n付息方式：季度付息<br />\r\n资金用途：募集资金投向百瑞信托发行的“百瑞宝盈503号集合资金信托计划（镇江交投）”，百瑞信托对镇江交投发放流动资金贷款，该资金最终用于补充镇江市市政工程的流动资金。<br />\r\n<br />\r\n还款来源:<br />\r\n第一还款来源：镇江交投的经营性收入；<br />\r\n第二还款来源：镇江市交通局按期支付的项目回购款项；<br />\r\n第三还款来源：镇江经开与镇江旅发的经营性收入。<br />\r\n<br />\r\n风控措施：<br />\r\n1、百瑞信托发放流动资金借款给镇江交投，此笔借款录入人民银行的征信系统；<br />\r\n2、应收账款质押，镇江交投因代建&nbsp;“镇南立交至葛村收费站段”&nbsp;而合法拥有的对<br />\r\n镇江市交通运输局的应收账款，镇江交投拟质押12亿元应收账款金额给百瑞信托。<br />\r\n3、镇江新区经济开发总公司承担连带责任保证担保；<br />\r\n4、镇江市风景旅游发展有限责任公司承担连带责任保证担保。<br />\r\n<br />\r\n产品亮点：<br />\r\n1、交易对手实力较强：镇江市交通投资建设发展公司（以下简称“镇江交投”）,截止2013年底总资产535.34亿，净资产214.19亿元，2012年发行了企业债，由中诚信国际信用评级有限责任公司评定，发行人主体和债券信用等级为AA。<br />\r\n2、还款来源充足：镇江交投经营性收入主要来自于土地一级开发及出让、交通基础设施建设及回购业务板块。近三年，公司营业收入分别为11.35亿元、12.27亿元和15亿元。镇江市交通局按期支付的项目回购款。2013年全市财政收入631.20亿，财政公共预算收入254.5亿元，增幅18.1%，实力强，有能力回购。<br />\r\n3、风控措施完善：(1)AA级平台镇江新区经济开发总公司承担连带责任保证担保。(2)AA级平台镇江风景旅游发展有限公司承担连带责任保证担保，担保能力强，具有较强的代偿能力和良好的资信。(3)应收账款质押，镇江交投因代建&nbsp;“镇南立交至葛村收费站段”&nbsp;而合法拥有的对镇江市交通运输局的应收账款，镇江交投拟质押12亿元应收账款金额给百瑞信托。\r\n</p>', NULL, NULL, 1421645541, 1, 1, 1),
(47, '中江国际-金马190号蕲春城投置业有限公司贷款集合资金信托计划', '中江国际信托', 1, 3, 2, '100万≤X＜300万  2.6% \r\n300万≤X   2.1% \r\n', 3, '100万≤X＜300万 9.8% ; 300万≤X 10.3% ', '100万≤X＜300万  2.6% ', 2, 4, 3, 1, 24, '1.5', '100', '中江国际-金马190号蕲春城投置业有限公司贷款集合资金信托计划\r\n【账户名】：中江国际信托股份有限公司\r\n【账　号】： 3600 1050 4500 5250 2784 \r\n【开户行】：中国建设银行南昌京西分理处\r\n【备　注】：XXX认购中江国际-金马190号 ', '100万≤X＜300万 9.8% \r\n300万≤X 10.3% \r\n', '【3月24日更新】本期是第三期，本期规模3000万，已进款1000万，满3000万成立，有下一期！', '', 33, '严格配比 一大一小', 1, '<table border="0" cellspacing="0" cellpadding="0" width="100%">\r\n	<tbody>\r\n		<tr>\r\n			<td width="15%">\r\n				产品名称\r\n			</td>\r\n			<td width="30%">\r\n				中江国际-金马190号蕲春城投置业有限公司贷款集合资金信托计划\r\n			</td>\r\n			<td width="15%">\r\n				产品状态\r\n			</td>\r\n			<td width="30%">\r\n				正常\r\n			</td>\r\n		</tr>\r\n		<tr>\r\n			<td>\r\n				发行机构\r\n			</td>\r\n			<td>\r\n				中江信托\r\n			</td>\r\n			<td>\r\n				本期起售日\r\n			</td>\r\n			<td>\r\n				2015/03/09\r\n			</td>\r\n		</tr>\r\n		<tr>\r\n			<td>\r\n				产品期限\r\n			</td>\r\n			<td>\r\n				24 个月\r\n			</td>\r\n			<td>\r\n				付息方式\r\n			</td>\r\n			<td>\r\n				半年付息\r\n			</td>\r\n		</tr>\r\n		<tr>\r\n			<td>\r\n				产品类别\r\n			</td>\r\n			<td>\r\n				信托产品\r\n			</td>\r\n			<td>\r\n				投资领域\r\n			</td>\r\n			<td>\r\n				基础设施类\r\n			</td>\r\n		</tr>\r\n		<tr>\r\n			<td>\r\n				规模\r\n			</td>\r\n			<td>\r\n				1.5 亿\r\n			</td>\r\n			<td>\r\n				认购起点\r\n			</td>\r\n			<td>\r\n				100 万元\r\n			</td>\r\n		</tr>\r\n		<tr>\r\n			<td>\r\n				抵/质押率\r\n			</td>\r\n			<td style="color:black;">\r\n				48%\r\n			</td>\r\n			<td>\r\n				投资区域\r\n			</td>\r\n			<td>\r\n				<span style="line-height:20px;font-size:16px;">湖北 黄冈</span> \r\n			</td>\r\n		</tr>\r\n		<tr>\r\n			<td>\r\n				募集账号<br />\r\n			</td>\r\n			<td colspan="3">\r\n				<div style="text-align:left;">\r\n					中江国际-金马190号蕲春城投置业有限公司贷款集合资金信托计划【账户名】：中江国际信托股份有限公司【账　号】： 3600 1050 4500 5250 2784 【开户行】：中国建设银行南昌京西分理处【备　注】：XXX认购中江国际-金马190号\r\n				</div>\r\n			</td>\r\n		</tr>\r\n		<tr>\r\n			<td>\r\n				融资主体\r\n			</td>\r\n			<td colspan="3">\r\n				蕲春城投置业有限公司（简称“蕲春城投置业”）\r\n			</td>\r\n		</tr>\r\n		<tr>\r\n			<td>\r\n				资金用途\r\n			</td>\r\n			<td colspan="3">\r\n				用于蕲春县大河口片区蕲阳新区城市棚户区改造项目建设。\r\n			</td>\r\n		</tr>\r\n		<tr>\r\n			<td>\r\n				还款来源\r\n			</td>\r\n			<td colspan="3">\r\n				1、蕲春县大河口片区蕲阳新区城市棚户区改造项目经营收入； 2、融资方其他经营现金流。\r\n			</td>\r\n		</tr>\r\n		<tr>\r\n			<td>\r\n				风控措施\r\n			</td>\r\n			<td colspan="3">\r\n				1、位于主县城区70年使用权的出让住宅用地303亩第一顺位抵押给信托，抵押率48%； 2、湖北省蕲春县人大常委会出具相关决议（批复）、蕲春县人民政府、蕲春县财政局出具承诺文件； 3、蕲春县国建投资有限公司保证担保。\r\n			</td>\r\n		</tr>\r\n		<tr>\r\n			<td>\r\n				项目亮点\r\n			</td>\r\n			<td colspan="3">\r\n				<div style="text-align:left;">\r\n					1、担保方：蕲春国建公司资产总额49.37亿元，总负债9.70亿元，资产负债率为19.65%，资产负债率低； 2、黄冈政信类项目：蕲春隶属于黄冈市，蕲春素称“鱼米之乡”，被国家列为商品粮基地县，被省政府定为优质稻生产基地县；县国有最大的国建公司（总资产42亿、净资产35亿）责任担保； 3、还款风险小：国家对棚户区改造进行财政补贴，合计收入61128.29万元。项目开发总投入约为54050.71万元，销售收入能够覆盖开发投入，且政府承诺销售收入全部用于本项目，还有地方财政作为还款保障，还款风险很小。\r\n				</div>\r\n			</td>\r\n		</tr>\r\n	</tbody>\r\n</table>', NULL, NULL, 1426054568, 31, 1, 1),
(7, '方正东亚-方兴65号国投兴城债权投资集合资金信托计划', '方正东亚', 1, 3, 2, '100万≤X＜300万：【2.1】%  300万≤X＜600万：【1.9】%  600万≤X＜3000万：【1.4】%  3000万≤X：【协议】%', 3, '9.5%-11.0%', '1.4%-2.1%', 1, 1, 3, 1, 24, '3亿', '100.00万元', '方正东亚-方兴65号国投兴城债权投资集合资金信托计划 \r\n账户名称：方正东亚信托有限责任公司	\r\n开户银行： 招商银行武汉新华路支行 \r\n账 号：127902709210908 \r\n大额支付行号： 308521015364 ', '100万≤X＜300万：【9.5】% \r\n300万≤X＜600万：【10.2】% \r\n600万≤X＜3000万：【10.5】% \r\n3000万≤X：【11.0】%', '【3月24日更新】本期为第七期，本期规模3000万，已进款1030万，满3000万封账成立一期，预计本周四封账走成立流程，有下一期！ \r\n', '', 35, '', 0, '<span style="line-height:32px;background-color:#ffffff;font-family:宋体;color:#646464;font-size:14px;">基本要素：&nbsp;</span><br />\r\n<span style="line-height:32px;background-color:#ffffff;font-family:宋体;color:#646464;font-size:14px;">规模：3亿&nbsp;</span><br />\r\n<span style="line-height:32px;background-color:#ffffff;font-family:宋体;color:#646464;font-size:14px;">期限：24个月&nbsp;</span><br />\r\n<span style="line-height:32px;background-color:#ffffff;font-family:宋体;color:#646464;font-size:14px;">认购起点：100万元&nbsp;</span><br />\r\n<span style="line-height:32px;background-color:#ffffff;font-family:宋体;color:#646464;font-size:14px;">投资者预期年化收益率：&nbsp;</span><br />\r\n<span style="line-height:32px;background-color:#ffffff;font-family:宋体;color:#646464;font-size:14px;">100万≤X＜300万：9.5%&nbsp;</span><br />\r\n<span style="line-height:32px;background-color:#ffffff;font-family:宋体;color:#646464;font-size:14px;">300万≤X＜600万：10.2%&nbsp;</span><br />\r\n<span style="line-height:32px;background-color:#ffffff;font-family:宋体;color:#646464;font-size:14px;">600万≤X＜3000万：10.5%&nbsp;</span><br />\r\n<span style="line-height:32px;background-color:#ffffff;font-family:宋体;color:#646464;font-size:14px;">3000万≤X：11%&nbsp;</span><br />\r\n<span style="line-height:32px;background-color:#ffffff;font-family:宋体;color:#646464;font-size:14px;">付息方式：按季付息&nbsp;</span><br />\r\n<span style="line-height:32px;background-color:#ffffff;font-family:宋体;color:#646464;font-size:14px;">融资方:成都温江区国投兴城投资有限公司&nbsp;</span><br />\r\n<span style="line-height:32px;background-color:#ffffff;font-family:宋体;color:#646464;font-size:14px;">资金投向：资金用于买断成都温江区国投兴城投资有限公司（以下简称“国投兴城”）对温江区财政局的应收账款。&nbsp;</span><br />\r\n<br />\r\n<span style="line-height:32px;background-color:#ffffff;font-family:宋体;color:#646464;font-size:14px;">还款来源分析：&nbsp;</span><br />\r\n<span style="line-height:32px;background-color:#ffffff;font-family:宋体;color:#646464;font-size:14px;">1、政府支持：温江区财政局直接偿还债务并出具还款承诺函，温江区人大将该笔债务纳入同期区财政预算。&nbsp;</span><br />\r\n<span style="line-height:32px;background-color:#ffffff;font-family:宋体;color:#646464;font-size:14px;">2、三重国企担保：&nbsp;国有企业国投兴城、成都江安城市投资发展有限公司（以下简称“江安投资”）、成都新城西城市投资经营中心（以下简称“新城西城投资”）对该笔债务的支付承担连带责任保证担保。&nbsp;</span><br />\r\n<span style="line-height:32px;background-color:#ffffff;font-family:宋体;color:#646464;font-size:14px;">3、提供补充还款来源：温江区人民政府提供储备地出让收入作为补充还款来源，2013年温江区国有土地使用权出让金收入达44亿元。&nbsp;</span><br />\r\n<br />\r\n<span style="line-height:32px;background-color:#ffffff;font-family:宋体;color:#646464;font-size:14px;">风控措施：&nbsp;</span><br />\r\n<span style="line-height:32px;background-color:#ffffff;font-family:宋体;color:#646464;font-size:14px;">1、国投兴城对该笔债务的支付承担连带责任保证担保。&nbsp;</span><br />\r\n<span style="line-height:32px;background-color:#ffffff;font-family:宋体;color:#646464;font-size:14px;">2、成都江安城市投资发展有限公司对该笔债务的支付承担连带责任保证。&nbsp;</span><br />\r\n<span style="line-height:32px;background-color:#ffffff;font-family:宋体;color:#646464;font-size:14px;">3、成都新城西城市投资经营中心对该笔债务的支付承担连带责任保证。&nbsp;</span><br />\r\n<span style="line-height:32px;background-color:#ffffff;font-family:宋体;color:#646464;font-size:14px;">4、温江区财政局出具还款承诺函，区人大将该笔债务纳入同期区财政预算。&nbsp;</span><br />\r\n<br />\r\n<span style="line-height:32px;background-color:#ffffff;font-family:宋体;color:#646464;font-size:14px;">产品优势：&nbsp;</span><br />\r\n<span style="line-height:32px;background-color:#ffffff;font-family:宋体;color:#646464;font-size:14px;">1、地理位置：温江区位于成都市中心区正西16公里处，距双流国际机场18公里，全区幅员面积277平方公里，辖6镇4街办，总人口32.67万。温江是4000多年前古蜀鱼凫王国的发祥地，自西魏恭帝（公元555年）建制以来，一直是川西政治、经济、文化重镇。解放后长期为温江地委、行署所在地，1983年划归成都市管辖。2002年4月撤县设区，成为成都市中心城区的重要组成部分。&nbsp;</span><br />\r\n<span style="line-height:32px;background-color:#ffffff;font-family:宋体;color:#646464;font-size:14px;">2、经济水平：&nbsp;温江区2013年实现地区生产总值334.57亿元，增长10.4%。人均地区生产总值72605元，增长10.2%。&nbsp;</span><br />\r\n<span style="line-height:32px;background-color:#ffffff;font-family:宋体;color:#646464;font-size:14px;">3、财政实力：温江区2013年财政总收入106.53亿元，增长16.1%，地方公共财政收入28.51亿元，增长13.9%；固定投资300亿元，增长10.5%。区域经济综合实力连续17年位居全省十强区（县）之列。&nbsp;</span>', NULL, NULL, 1417590947, 28, 1, 1),
(8, '华澳-长昊31号鼎立集团融资项目集合资金信托计划', '华澳信托', 1, 1, 2, '100万≤X＜300万：【2.1】%  300万≤X＜1000万：【1.6】%  1000万≤X：协议', 2, '9.5%-10.0%', '1.6%-2.1%', 2, 3, 1, 1, 24, '0.9亿', '100.00万元', '【华澳信托-长昊31号鼎立集团融资项目集合资金信托】募集账户： \r\n开户行：上海浦东发展银行杨浦支行 \r\n户名：华澳国际信托有限公司 \r\n账号：9812 0153 8200 0005 2 \r\n行 号：3102 9000 0110 \r\n备注：xx购买华澳信托-长昊31号项目 ', '100万≤X＜300万：【9.5】% \r\n300万≤X＜1000万：【10】% \r\n1000万≤X：协议', '【3月24日更新】第四期募集中，本期规模3000万，开始打款，预计本周五封账一期，下期继续开放。', '', 10, '', 0, '<span style="line-height:32px;background-color:#ffffff;font-family:宋体;color:#646464;font-size:14px;">基本要素：&nbsp;</span><br />\r\n<span style="line-height:32px;background-color:#ffffff;font-family:宋体;color:#646464;font-size:14px;">规模：0.9亿&nbsp;</span><br />\r\n<span style="line-height:32px;background-color:#ffffff;font-family:宋体;color:#646464;font-size:14px;">期限：24个月&nbsp;</span><br />\r\n<span style="line-height:32px;background-color:#ffffff;font-family:宋体;color:#646464;font-size:14px;">认购起点：100万元&nbsp;</span><br />\r\n<span style="line-height:32px;background-color:#ffffff;font-family:宋体;color:#646464;font-size:14px;">投资者预期年化收益率：&nbsp;</span><br />\r\n<span style="line-height:32px;background-color:#ffffff;font-family:宋体;color:#646464;font-size:14px;">100万≤X＜300万：9.5%&nbsp;</span><br />\r\n<span style="line-height:32px;background-color:#ffffff;font-family:宋体;color:#646464;font-size:14px;">300万≤X＜1000万：10%&nbsp;</span><br />\r\n<span style="line-height:32px;background-color:#ffffff;font-family:宋体;color:#646464;font-size:14px;">1000万≤X：协议&nbsp;</span><br />\r\n<span style="line-height:32px;background-color:#ffffff;font-family:宋体;color:#646464;font-size:14px;">付息方式：半年付息&nbsp;</span><br />\r\n<span style="line-height:32px;background-color:#ffffff;font-family:宋体;color:#646464;font-size:14px;">融资方：鼎立控股集团股份有限公司&nbsp;</span><br />\r\n<span style="line-height:32px;background-color:#ffffff;font-family:宋体;color:#646464;font-size:14px;">资金投向：信托资金用于向鼎立控股集团股份有限公司购买山东太公大饭店有限公司（鼎立控股100%全资子公司，淄博鼎立国际大酒店的所有者，酒店原名“山东太公大饭店”）的100%股权对应的股权收益权。鼎立控股将本项目的转让对价用于淄博鼎立国际大酒店的装修。&nbsp;</span><br />\r\n<br />\r\n<span style="line-height:32px;background-color:#ffffff;font-family:宋体;color:#646464;font-size:14px;">还款来源分析：&nbsp;</span><br />\r\n<span style="line-height:32px;background-color:#ffffff;font-family:宋体;color:#646464;font-size:14px;">主要还款来源：鼎立控股集团的经营收入；&nbsp;</span><br />\r\n<span style="line-height:32px;background-color:#ffffff;font-family:宋体;color:#646464;font-size:14px;">第二还款来源：鼎立控股集团实际控制人许宝星夫妇、鼎立建设董事长许明景的个人财产&nbsp;</span><br />\r\n<span style="line-height:32px;background-color:#ffffff;font-family:宋体;color:#646464;font-size:14px;">第三还款来源：处置酒店3-19层的收入&nbsp;</span><br />\r\n<span style="line-height:32px;background-color:#ffffff;font-family:宋体;color:#646464;font-size:14px;">第四还款来源：处置山东太公股权的收入&nbsp;</span><br />\r\n<span style="line-height:32px;background-color:#ffffff;font-family:宋体;color:#646464;font-size:14px;">补充还款来源：山东淄博鼎立国际大酒店的经营性物业贷款和经营收入&nbsp;</span><br />\r\n<br />\r\n<span style="line-height:32px;background-color:#ffffff;font-family:宋体;color:#646464;font-size:14px;">风控措施：&nbsp;</span><br />\r\n<span style="line-height:32px;background-color:#ffffff;font-family:宋体;color:#646464;font-size:14px;">1、保证担保：鼎立建设集团股份有限公司（鼎立控股占股90%）为鼎立控股的回购义务提供无限连带责任保证担保。2013年年末，保证人总资产10.5亿，净资产6.6亿，全年实现收入23亿，净利润2亿；鼎立控股实际控制人为本次融资出具个人无限连带责任保证担保函；&nbsp;</span><br />\r\n<span style="line-height:32px;background-color:#ffffff;font-family:宋体;color:#646464;font-size:14px;">2、土地抵押：淄博鼎立国际大酒店3-19层抵押于华澳信托，对应抵押物评估价值2.002亿元，抵押率44.96%；&nbsp;</span><br />\r\n<span style="line-height:32px;background-color:#ffffff;font-family:宋体;color:#646464;font-size:14px;">股权质押：淄博鼎立国际大酒店的所有者山东太公大饭店有限公司100%股权质押于华澳信托，2013年年末山东太公的账面净资产为1.6亿。&nbsp;</span><br />\r\n<span style="line-height:32px;background-color:#ffffff;font-family:宋体;color:#646464;font-size:14px;">3、其他：资金提前归集（信托第一期成立满22个月前归集10%信托资金，满23个月前归集20%信托资金，信托第一期到期前10天归集30%信托资金；鼎立控股签署《资金账户监管协议》监管本次信托资金的使用&nbsp;</span><br />\r\n<span style="line-height:32px;background-color:#ffffff;font-family:宋体;color:#646464;font-size:14px;">4、现场监管：华澳信托派驻董事及财务管理人员，对项目公司印鉴现场监管，对项目资金实施封闭式管理，确保信托资金用于指定用途，同时，现场人员还将监督项目的工程及销售进度等日常经营情况。&nbsp;</span><br />\r\n<br />\r\n<span style="line-height:32px;background-color:#ffffff;font-family:宋体;color:#646464;font-size:14px;">产品优势：&nbsp;</span><br />\r\n<span style="line-height:32px;background-color:#ffffff;font-family:宋体;color:#646464;font-size:14px;">1、融资主体实力强：本项目交易对手是中大型的多元化控股集团，且所涉足行业多为国家十二五规划所鼓励行业，经营风险小，发展前景佳。鼎立集团的控股子公司是A股主板上市公司。集团整体财务实力强大，资产负债表稳健，融资渠道较为多元化。集团的管理规范，组织架构合理，信息透明，信用良好。多年来鼎立集团一直以来坚持“稳健”的经营风格，公司收入稳定且每年都能保持一定的增长&nbsp;</span><br />\r\n<span style="line-height:32px;background-color:#ffffff;font-family:宋体;color:#646464;font-size:14px;">2、风控措施完善：鼎立集团收入和盈利稳定，第一还款来源明确；有充足的抵质押物，抵押物地理位置佳且抵押率较低；保证人实力强；融资金额小，融资方违约成本高。&nbsp;</span>', NULL, NULL, 1417591332, 27, 1, 1),
(9, '方正东亚-遵义道桥流动资金贷款集合资金信托计划', '方正东亚', 1, 3, 2, '100万≤X＜300万:【1.6】%  300万≤X＜1000万:【2.1】%  1000万≤X:【1.0】%', 3, '9.8%-11.0%', '1.0%-2.1%', 1, 3, 3, 1, 24, '5亿', '100.00万元', '方正东亚-遵义道桥流动资金贷款集合资金信托计划 \r\n账户名：方正东亚信托有限责任公司 \r\n账 号：11160000000338487 \r\n开户行：华夏银行武汉硚口支行 \r\n备 注：XXX认购方正东亚·遵义道桥XXX万元整', '100万≤X＜300万:【9.8】% \r\n300万≤X＜1000万:【10.5】% \r\n1000万≤X:【11】%', '【3月24日更新】本期为第五期，本期规模3000万，本期进款2000万，预计本周五封账成立，下期继续募集。', '', 70, '', 0, '<span style="line-height:32px;background-color:#ffffff;font-family:宋体;color:#646464;font-size:14px;">基本要素：&nbsp;</span><br />\r\n<span style="line-height:32px;background-color:#ffffff;font-family:宋体;color:#646464;font-size:14px;">规模：5亿&nbsp;</span><br />\r\n<span style="line-height:32px;background-color:#ffffff;font-family:宋体;color:#646464;font-size:14px;">期限：24个月&nbsp;</span><br />\r\n<span style="line-height:32px;background-color:#ffffff;font-family:宋体;color:#646464;font-size:14px;">认购起点：100万元&nbsp;</span><br />\r\n<span style="line-height:32px;background-color:#ffffff;font-family:宋体;color:#646464;font-size:14px;">投资者预期年化收益率：&nbsp;</span><br />\r\n<span style="line-height:32px;background-color:#ffffff;font-family:宋体;color:#646464;font-size:14px;">100万≤X＜300万:9.8%&nbsp;</span><br />\r\n<span style="line-height:32px;background-color:#ffffff;font-family:宋体;color:#646464;font-size:14px;">300万≤X＜1000万:10.5%&nbsp;</span><br />\r\n<span style="line-height:32px;background-color:#ffffff;font-family:宋体;color:#646464;font-size:14px;">1000万≤X:11%&nbsp;</span><br />\r\n<span style="line-height:32px;background-color:#ffffff;font-family:宋体;color:#646464;font-size:14px;">付息方式：按季付息&nbsp;</span><br />\r\n<span style="line-height:32px;background-color:#ffffff;font-family:宋体;color:#646464;font-size:14px;">融资方:遵义道路桥梁工程有限责任公司（国有企业，以下简称“遵义道桥”）&nbsp;</span><br />\r\n<span style="line-height:32px;background-color:#ffffff;font-family:宋体;color:#646464;font-size:14px;">资金投向：&nbsp;</span><br />\r\n<span style="line-height:32px;background-color:#ffffff;font-family:宋体;color:#646464;font-size:14px;">资金用于补充遵义道桥公司流动资金，用于市政基础设施建设。&nbsp;</span><br />\r\n<br />\r\n<span style="line-height:32px;background-color:#ffffff;font-family:宋体;color:#646464;font-size:14px;">还款来源分析：&nbsp;</span><br />\r\n<span style="line-height:32px;background-color:#ffffff;font-family:宋体;color:#646464;font-size:14px;">1、遵义道桥公司的业务收入，2013&nbsp;年全年总收入近45&nbsp;亿元。&nbsp;</span><br />\r\n<br />\r\n<span style="line-height:32px;background-color:#ffffff;font-family:宋体;color:#646464;font-size:14px;">风控措施：&nbsp;</span><br />\r\n<span style="line-height:32px;background-color:#ffffff;font-family:宋体;color:#646464;font-size:14px;">1、国有土地抵押担保：遵义道桥的全资子公司遵义市新区开发投资有限责任公司（简称“遵义新开”）为本项目到期还本付息提供土地面积30.86&nbsp;万平方米的国有土地使用权做抵押，经国家一级评估机构-武汉国佳房地资产评估有限公司评估，抵押土地价值11.11&nbsp;亿元，抵押率为45.01%。&nbsp;</span><br />\r\n<span style="line-height:32px;background-color:#ffffff;font-family:宋体;color:#646464;font-size:14px;">2、政府支持：遵义市政府出具相关文件，为本融资项目提供包括项目审批等多种支持。&nbsp;</span><br />\r\n<span style="line-height:32px;background-color:#ffffff;font-family:宋体;color:#646464;font-size:14px;">3、资金归集：在信托计划存续的第21，22，23&nbsp;个月时，账户余额不低于5%，10%，15%的信托计划存续金额。&nbsp;</span><br />\r\n<br />\r\n<span style="line-height:32px;background-color:#ffffff;font-family:宋体;color:#646464;font-size:14px;">产品优势：&nbsp;</span><br />\r\n<span style="line-height:32px;background-color:#ffffff;font-family:宋体;color:#646464;font-size:14px;">1、还款来源充足：借款人的主要业务收入分为三块：工程施工、土地出让、建材销售及检测。2013&nbsp;年全年工程施工总收入7.24&nbsp;亿元，土地出让总收入37.48亿元，未来土地收入将继续扩大。&nbsp;</span><br />\r\n<span style="line-height:32px;background-color:#ffffff;font-family:宋体;color:#646464;font-size:14px;">2、国有土地抵押充足：本次融资抵押的土地价值11.11&nbsp;亿元，抵押率仅为45.01%，项目安全边际较高。&nbsp;</span><br />\r\n<span style="line-height:32px;background-color:#ffffff;font-family:宋体;color:#646464;font-size:14px;">3、实力强大的国企融资：本信托计划的交易对手为大型国有企业，注册资本5.6&nbsp;亿元；资产规模庞大，2013&nbsp;年总资产495&nbsp;亿元；经营较稳定，2013年企业经营性现金流入50.13&nbsp;亿元，净资产266&nbsp;亿元。借款人2012&nbsp;年发行18&nbsp;亿元期限8&nbsp;年的企业债，信用等级AA。&nbsp;</span>', NULL, NULL, 1417591761, 26, 1, 1),
(10, '渤海信托·金鑫利粮储贷款项目集合资金信托计划', '渤海信托', 1, 1, 2, '100万≤X＜300万:【2.1】%  300万≤X＜1000万:【1.9】%', 3, '10.0%-11.0%', '1.9%-2.1%', 2, 4, 1, 1, 24, '1亿', '100.00万元', '【渤海信托·金鑫利粮储贷款项目】募集帐号： \r\n账户名：渤海国际信托有限公司 \r\n开户行：兴业银行石家庄新石中路支行 \r\n账 号：572070100100134412 ', '100万≤X＜300万:【10】% \r\n300万≤X＜1000万:【11】%', '【3月24日更新】本期是第三期，本期规模2000万，已进款1200万，满2000万封账成立一期，有下一期！', '', 60, '', 0, '<span style="line-height:32px;background-color:#ffffff;font-family:宋体;color:#646464;font-size:14px;">基本要素：&nbsp;</span><br />\r\n<span style="line-height:32px;background-color:#ffffff;font-family:宋体;color:#646464;font-size:14px;">规模：1亿&nbsp;</span><br />\r\n<span style="line-height:32px;background-color:#ffffff;font-family:宋体;color:#646464;font-size:14px;">期限：24个月&nbsp;</span><br />\r\n<span style="line-height:32px;background-color:#ffffff;font-family:宋体;color:#646464;font-size:14px;">认购起点：100万元&nbsp;</span><br />\r\n<span style="line-height:32px;background-color:#ffffff;font-family:宋体;color:#646464;font-size:14px;">投资者预期年化收益率：&nbsp;</span><br />\r\n<span style="line-height:32px;background-color:#ffffff;font-family:宋体;color:#646464;font-size:14px;">100万≤X＜300万:10%&nbsp;</span><br />\r\n<span style="line-height:32px;background-color:#ffffff;font-family:宋体;color:#646464;font-size:14px;">300万≤X＜1000万:11%&nbsp;</span><br />\r\n<span style="line-height:32px;background-color:#ffffff;font-family:宋体;color:#646464;font-size:14px;">付息方式：半年付息&nbsp;</span><br />\r\n<span style="line-height:32px;background-color:#ffffff;font-family:宋体;color:#646464;font-size:14px;">融资方:河北金鑫利商贸有限公司（以下简称“金鑫利”）&nbsp;</span><br />\r\n<span style="line-height:32px;background-color:#ffffff;font-family:宋体;color:#646464;font-size:14px;">资金投向：信托资金用于向&nbsp;“金鑫利”发放贷款，补充公司流动资金。&nbsp;</span><br />\r\n<br />\r\n<span style="line-height:32px;background-color:#ffffff;font-family:宋体;color:#646464;font-size:14px;">还款来源分析：&nbsp;</span><br />\r\n<span style="line-height:32px;background-color:#ffffff;font-family:宋体;color:#646464;font-size:14px;">1、&nbsp;河北金鑫利商贸有限公司经营性收入。&nbsp;金鑫利2011年-2013年主营业务收入分别为107871万元、133842万元、164270万元;实现净利润分别为7258万元、9474万元、11412万元，净利润数据呈逐年增长趋势。进入2014年，截止7月份借款人累计实现净利润6829万元，盈利能力继续保持良好态势。&nbsp;测算预计2015年、2016年河北金鑫利商贸有限公司现金净流量分别为81370万元、94895万元，完全能够覆盖本项目本息。&nbsp;&nbsp;</span><br />\r\n<span style="line-height:32px;background-color:#ffffff;font-family:宋体;color:#646464;font-size:14px;">2、借款人实际控制人陈梅玉和河北融投担保集团有限公司承担连带保证责任，可进行代偿。&nbsp;</span><br />\r\n<br />\r\n<span style="line-height:32px;background-color:#ffffff;font-family:宋体;color:#646464;font-size:14px;">风控措施：&nbsp;</span><br />\r\n<span style="line-height:32px;background-color:#ffffff;font-family:宋体;color:#646464;font-size:14px;">1、金鑫利实际控制人陈梅玉为借款人的还款义务提供无限连带责任担保。&nbsp;</span><br />\r\n<span style="line-height:32px;background-color:#ffffff;font-family:宋体;color:#646464;font-size:14px;">2、河北融投担保集团有限公司为借款人的还款义务提供连带责任担保。&nbsp;</span><br />\r\n<br />\r\n<span style="line-height:32px;background-color:#ffffff;font-family:宋体;color:#646464;font-size:14px;">产品优势：&nbsp;</span><br />\r\n<span style="line-height:32px;background-color:#ffffff;font-family:宋体;color:#646464;font-size:14px;">1、金鑫利公司运营状态良好,现金流比较稳定,具有稳定的上下游产业链,2013年收入16.4亿,净利润1.14亿。实际控制人旗下各产业2013年实现年收入71亿元，净利润5.2亿元。&nbsp;&nbsp;</span><br />\r\n<span style="line-height:32px;background-color:#ffffff;font-family:宋体;color:#646464;font-size:14px;">2、保证人河北融投担保集团有限公司为河北最大的国企担保公司，信用级别AA+。金鑫利为河北融投履约良好客户。&nbsp;</span><br />\r\n<span style="line-height:32px;background-color:#ffffff;font-family:宋体;color:#646464;font-size:14px;">3、本项目为非房非平台项目，不受市场影响。&nbsp;</span><br />\r\n<span style="line-height:32px;background-color:#ffffff;font-family:宋体;color:#646464;font-size:14px;">4、借款人金鑫利经营项目为国家支持的农业类项目，属于民生工程,受当地政府扶持，业务量稳定。&nbsp;</span><br />', NULL, NULL, 1417592033, 25, 1, 1),
(49, '华侨基金华侨定增宝', '华侨基金', 3, 2, 1, '0.5%', 4, '8.5%+100%', '0~1%', 4, 4, 1, 1, 12, '20', '100', '', '8.5%（投资期）+超额收益部分的50%+预期7%（募集期+退出期）', '', '', 30, '', 2, '<div>\r\n	<div style="text-align:left;">\r\n		<div style="margin-left:5px;">\r\n			&nbsp;\r\n		</div>\r\n	</div>\r\n</div>\r\n<div>\r\n	<div>\r\n		<div>\r\n			<div>\r\n				<div>\r\n					<div>\r\n						<div>\r\n							<div>\r\n								<table style="width:120%;" border="0" cellspacing="0" cellpadding="0">\r\n									<tbody>\r\n										<tr>\r\n											<td width="15%" align="right">\r\n												<span>产品名称： </span>&nbsp;\r\n											</td>\r\n											<td colspan="3">\r\n												华侨-定增宝契约型基金\r\n											</td>\r\n										</tr>\r\n										<tr>\r\n											<td align="right">\r\n												<span>产品类型： </span>&nbsp;\r\n											</td>\r\n											<td>\r\n												其他产品\r\n											</td>\r\n											<td width="15%" align="right">\r\n												<span>产品状态：</span> \r\n											</td>\r\n											<td width="30%">\r\n												在售\r\n											</td>\r\n										</tr>\r\n										<tr>\r\n											<td align="right">\r\n												<span>发行机构： </span>&nbsp;\r\n											</td>\r\n											<td>\r\n												华侨基金\r\n											</td>\r\n											<td width="15%" align="right">\r\n												<span>项目经理：</span> \r\n											</td>\r\n											<td width="30%">\r\n											</td>\r\n										</tr>\r\n										<tr>\r\n											<td align="right">\r\n												<span>理财币种： </span>&nbsp;\r\n											</td>\r\n											<td>\r\n												人民币\r\n											</td>\r\n											<td align="right">\r\n												<span>投资门槛：</span> \r\n											</td>\r\n											<td>\r\n												100万元\r\n											</td>\r\n										</tr>\r\n										<tr>\r\n											<td align="right">\r\n												<span>发售对象： </span>&nbsp;\r\n											</td>\r\n											<td>\r\n												所有\r\n											</td>\r\n											<td align="right">\r\n												<span>发行地：</span> \r\n											</td>\r\n											<td>\r\n												杭州\r\n											</td>\r\n										</tr>\r\n										<tr>\r\n											<td align="right">\r\n												<span>发行时间： </span>&nbsp;\r\n											</td>\r\n											<td>\r\n												2014-10-21至\r\n											</td>\r\n											<td align="right">\r\n												<span>发行规模：</span> \r\n											</td>\r\n											<td>\r\n												至200000万元\r\n											</td>\r\n										</tr>\r\n										<tr>\r\n											<td align="right">\r\n												<span>成立时间： </span>&nbsp;\r\n											</td>\r\n											<td>\r\n											</td>\r\n											<td align="right">\r\n												<span>成立规模：</span> \r\n											</td>\r\n											<td>\r\n												万元\r\n											</td>\r\n										</tr>\r\n										<tr>\r\n											<td align="right">\r\n												<span>产品期限： </span>&nbsp;\r\n											</td>\r\n											<td>\r\n												18至42月\r\n											</td>\r\n											<td align="right">\r\n												<span>期限类型：</span> \r\n											</td>\r\n											<td>\r\n												单一期限\r\n											</td>\r\n										</tr>\r\n										<tr>\r\n											<td align="right">\r\n												<span>预计收益： </span>&nbsp;\r\n											</td>\r\n											<td>\r\n												8.5%+100%\r\n											</td>\r\n											<td align="right">\r\n												<span>收益类型：</span> \r\n											</td>\r\n											<td>\r\n												浮动<span>&nbsp;是否保本：是</span> \r\n											</td>\r\n										</tr>\r\n										<tr>\r\n											<td align="right">\r\n												<span>投资方式： </span>&nbsp;\r\n											</td>\r\n											<td>\r\n												信托贷款\r\n											</td>\r\n											<td align="right">\r\n												<span>投资领域：</span> \r\n											</td>\r\n											<td>\r\n												金融<span> </span>\r\n											</td>\r\n										</tr>\r\n										<tr>\r\n											<td align="right">\r\n												<span>投资管理类型： </span>&nbsp;\r\n											</td>\r\n											<td>\r\n												自主管理\r\n											</td>\r\n											<td align="right">\r\n												<span>投资管理人：</span> \r\n											</td>\r\n											<td>\r\n											</td>\r\n										</tr>\r\n										<tr>\r\n											<td align="right">\r\n												<span>资金托管行： </span>&nbsp;\r\n											</td>\r\n											<td>\r\n												中信银行\r\n											</td>\r\n											<td align="right">\r\n												<span>资金托管费率：</span> \r\n											</td>\r\n											<td>\r\n												1.5%\r\n											</td>\r\n										</tr>\r\n										<tr>\r\n											<td align="right">\r\n												<span>收益分配方式： </span>&nbsp;\r\n											</td>\r\n											<td>\r\n												优先级投资者 银行、机构客户认购，预期收益率8.5% 中间级投资者 1.5年期 保底8.5%+超额收益部分的50%\r\n											</td>\r\n											<td align="right">\r\n												<span>申购赎回费率：</span> \r\n											</td>\r\n											<td>\r\n												%\r\n											</td>\r\n										</tr>\r\n										<tr>\r\n											<td align="right">\r\n												<span>到期清算日： </span>&nbsp;\r\n											</td>\r\n											<td>\r\n											</td>\r\n											<td align="right">\r\n												<span>实际收益率：</span> \r\n											</td>\r\n											<td>\r\n												%\r\n											</td>\r\n										</tr>\r\n										<tr>\r\n											<td valign="top" align="right">\r\n												<span>交易结构： </span>&nbsp;\r\n											</td>\r\n											<td colspan="3">\r\n												<div>\r\n													高折价率、低估值、成长性好的定向增发项目\r\n												</div>\r\n											</td>\r\n										</tr>\r\n										<tr>\r\n											<td align="right">\r\n												<span>信用增级措施： </span>&nbsp;\r\n											</td>\r\n											<td colspan="3">\r\n												<p>\r\n													1、保底协议上市公司大股东或实际控制人或关联方对基金本金和约定回报做保底承诺2、抵押担保上市公司实际控制人或大股东或关联方提供抵押率50%以内流通股、土地或其他资产抵押担保3、回购协议若低于或者等于增发购买价格时，由被投上市企业实际控制人或大股东进行回购4、预付收益 上市企业或管理人提前预付约定回报或出现亏损时直接现金补偿5、华侨跟投每期跟投10%劣后，待优先级退出后且收益分配后分配。<br />\r\n&nbsp;\r\n												</p>\r\n											</td>\r\n										</tr>\r\n										<tr>\r\n											<td align="right">\r\n												<span>产品特点：</span> \r\n											</td>\r\n											<td colspan="3">\r\n												项目选择： 1、重点关注主板和中小板新兴产业中未被炒作被低估的潜力股 2、原则上选择折价15%以上的优质项目，锁定15%-30%的收益 3、优先关注盈利迅速提升且成长性良好的项目，融资额小于30亿 4、优先选择集团整体上市（收益率84%）和壳资源重组（收益率74%）的项目 5、严格配比：锁定期 ，12个月的项目1/3 ，锁定期36个月的项目2/3 6、重点选择跨界并购高速增长行业（收益率122%)，新兴产业热门产业并购（收益率137%）和 经营困境反转类定增项目。\r\n											</td>\r\n										</tr>\r\n										<tr>\r\n											<td align="right">\r\n												<span>其他相关信息：</span> \r\n											</td>\r\n											<td colspan="3">\r\n												<p>\r\n													独特优势<br />\r\n华侨定增宝产品跟市场其他产品项目比，具有以下独特优势<br />\r\n持续并购<br />\r\n华侨基金储备了大批净利润3000万以上优质并购标的，签署《战略并购服务协议》成为上市企业战略顾问，帮助企业3-5年持续 资产，持续提升股价实现股东利益最大化<br />\r\n市值管理<br />\r\n华侨基金积极引入王明夫、王亚伟和吴鸣雷等人士，联合嘉实、博时和南方基金等知名机构，进行可持续的市值管理，未来3-5年大幅提升股价，并选择退出时机，提升投资人收益<br />\r\n资本运作<br />\r\n华侨基金充分整合战略合作伙伴，通过推动上市企业原有资产在新三版或区域资本市场挂牌，对原有资本进行盘活，以实现资本净值的最大化，达到共赢的效果。<br />\r\n&nbsp;\r\n												</p>\r\n											</td>\r\n										</tr>\r\n									</tbody>\r\n								</table>\r\n							</div>\r\n							<div>\r\n								<table cellspacing="0" cellpadding="0" width="100%">\r\n									<tbody>\r\n										<tr>\r\n											<th>\r\n											</th>\r\n											<th>\r\n											</th>\r\n										</tr>\r\n									</tbody>\r\n								</table>\r\n							</div>\r\n							<div>\r\n								<table cellspacing="0" cellpadding="0" width="100%">\r\n									<tbody>\r\n										<tr>\r\n											<th>\r\n											</th>\r\n											<th>\r\n											</th>\r\n										</tr>\r\n									</tbody>\r\n								</table>\r\n<!--<a href="https://search.szfw.org/cert/l/CX20140328003657003720" target="_blank"><img src="/images/cxwzlogo.png" alt="诚信网站-用益信托网" /></a> -->\r\n							</div>\r\n						</div>\r\n					</div>\r\n				</div>\r\n			</div>\r\n		</div>\r\n	</div>\r\n</div>', NULL, NULL, 1426229409, 35, 1, 1);
INSERT INTO `db_caifu_product` (`id`, `name`, `issuer`, `category`, `investment`, `expenses_area`, `expenses`, `yield`, `yield_year`, `fee_scale`, `interest`, `area`, `size`, `status`, `lifetime`, `scale`, `threshold`, `account`, `income`, `progress`, `download`, `progress_percent`, `size_intro`, `earning`, `content`, `total_money`, `now_money`, `post_time`, `listorder`, `isshow`, `iscommend`) VALUES
(12, '中信信托-北京国贸CBD海航实业大厦集合信托计划', '中信信托', 1, 4, 2, '大额费用：【2.0】%', 2, '8.0%-8.0%', '2.0%-2.0%', 3, 2, 4, 1, 36, '10亿', '100.00万元', '【募集专户】中信乾景-恒润II期 \r\n户名：中信信托有限责任公司 \r\n开户银行：中国民生银行北京正义路支行 \r\n账号：【6925 09123】 \r\n（打款备注：“xxx认购恒润2期”） ', '8%/年+浮动收益(客户分配超额部分的50%)', '【3月24日更新】上一期募集结束，新的一期继续募集。', '', 80, '', 0, '<span style="line-height:32px;background-color:#ffffff;font-family:宋体;color:#646464;font-size:14px;">基本要素：&nbsp;</span><br />\r\n<span style="line-height:32px;background-color:#ffffff;font-family:宋体;color:#646464;font-size:14px;">规模：10亿&nbsp;</span><br />\r\n<span style="line-height:32px;background-color:#ffffff;font-family:宋体;color:#646464;font-size:14px;">期限：36个月，受托人可延长不超过1年&nbsp;</span><br />\r\n<span style="line-height:32px;background-color:#ffffff;font-family:宋体;color:#646464;font-size:14px;">认购起点：100万元&nbsp;</span><br />\r\n<span style="line-height:32px;background-color:#ffffff;font-family:宋体;color:#646464;font-size:14px;">投资者预期年化收益率：&nbsp;</span><br />\r\n<span style="line-height:32px;background-color:#ffffff;font-family:宋体;color:#646464;font-size:14px;">8%/年+浮动收益(客户分配超额部分的50%)&nbsp;</span><br />\r\n<span style="line-height:32px;background-color:#ffffff;font-family:宋体;color:#646464;font-size:14px;">【关于海航项目收益说明：中信大额，小额收益均为8%+浮动收益。实际为海航集团承诺以每年12%收购该债权，除去中信相关费用，客户理论保底固定收益为11.15%。8%收益是假如极端情况发生，海航集团无回购能力，中信信托以8%收益刚性兑付。所以，该项目理论保底收益为11.15%+浮动收益】&nbsp;</span><br />\r\n<span style="line-height:32px;background-color:#ffffff;font-family:宋体;color:#646464;font-size:14px;">付息方式：信托财产原则上每满2年结算一次，受托人有权修改分配频率。&nbsp;</span><br />\r\n<span style="line-height:32px;background-color:#ffffff;font-family:宋体;color:#646464;font-size:14px;">融资方:深圳中亿城信基金管理有限公司&nbsp;</span><br />\r\n<span style="line-height:32px;background-color:#ffffff;font-family:宋体;color:#646464;font-size:14px;">资金投向：信托财产的主要投向为由受托人与海航集团有限公司或其指定的关联公司共同控制的有限合伙企业的优先级合伙份额，最终投向位于北京国贸CBD区域的海航实业大厦的持有及运营。&nbsp;</span><br />\r\n<br />\r\n<span style="line-height:32px;background-color:#ffffff;font-family:宋体;color:#646464;font-size:14px;">风控措施：&nbsp;</span><br />\r\n<span style="line-height:32px;background-color:#ffffff;font-family:宋体;color:#646464;font-size:14px;">1、兜底收购，确保合伙份额最低收益：海航集团为本项目的兜底收购方，即若信托计划届满3年之日，项目管理方对外销售物业、处置股权的净资金回流低于一定金额时，则中信信托有权要求海航集团无条件收购天津长安投资的股权及债权，回购价款可以保证LP-A合伙份额年化回报12%/年。&nbsp;</span><br />\r\n<span style="line-height:32px;background-color:#ffffff;font-family:宋体;color:#646464;font-size:14px;">2、信托收益权转让，强势锁定下行风险&nbsp;中信信托作为受益人代表与海航集团签署《A类信托受益权转让协议》，约定在分配时若A类信托单位收益率达不到8%/年，海航集团以8%/年的固定溢价受让全部信托受益权。&nbsp;</span><br />\r\n<span style="line-height:32px;background-color:#ffffff;font-family:宋体;color:#646464;font-size:14px;">3、优质国贸商圈物业抵押：实业大厦物业第二顺位抵押，在信托计划成立后，自动获得第一顺位抵押权。&nbsp;&nbsp;</span><br />\r\n<span style="line-height:32px;background-color:#ffffff;font-family:宋体;color:#646464;font-size:14px;">4、结构化分级，LP的优先与劣后：海航集团内部员工以不低于2亿元资金认购合伙企业的B类合伙份额（LP-B），劣后于A类合伙份额（LP-A）受偿，相当于本项目以15亿元的信托资金持有估值约19.8亿元的海航实业大厦项目，收购折扣率达76%&nbsp;。海航集团内部员工认购合伙企业次级将加大海航集团恶意违约的内部阻力，增加其违约成本；另一方面，通过让海航集团内部员工认购，将双方利益进行绑定，可减少后续管理摩擦，有利于项目的顺利推进。&nbsp;&nbsp;</span><br />\r\n<span style="line-height:32px;background-color:#ffffff;font-family:宋体;color:#646464;font-size:14px;">5、100%控股：合伙企业持有天津长安投资管理有限公司100%股权。拥有对项目的实际控制权，方便监管。&nbsp;</span><br />\r\n<br />\r\n<span style="line-height:32px;background-color:#ffffff;font-family:宋体;color:#646464;font-size:14px;">产品优势：&nbsp;</span><br />\r\n<span style="line-height:32px;background-color:#ffffff;font-family:宋体;color:#646464;font-size:14px;">1、地理位置优越，区位优势明显：地处长安街延长线路边，紧邻东三环国贸桥，对望国贸中心与央视大楼，商务精英汇聚。&nbsp;&nbsp;</span><br />\r\n<span style="line-height:32px;background-color:#ffffff;font-family:宋体;color:#646464;font-size:14px;">2、交易对手实力强劲，强强联合：拥有四千亿资产，跨多重领域经营的海航集团公司与中国第一大信托公司中信信托通力合作。&nbsp;&nbsp;</span><br />\r\n<span style="line-height:32px;background-color:#ffffff;font-family:宋体;color:#646464;font-size:14px;">3、上市公司发布公告，公开披露合作细节：亿城投资（000616.SZ）已于2014年8月30日发布公告：《关于与中信信托合作开展基金投资暨关联交易的公告》，全面披露合作各方及资金细节。&nbsp;&nbsp;</span><br />\r\n<span style="line-height:32px;background-color:#ffffff;font-family:宋体;color:#646464;font-size:14px;">4、结构化设计，确保优先份额安全：海航集团内部员工及关联公司认购次级份额，劣后A类信托单位。&nbsp;&nbsp;</span><br />\r\n<span style="line-height:32px;background-color:#ffffff;font-family:宋体;color:#646464;font-size:14px;">5、投资标的优质，坐享写字楼升级增值：海航实业大厦现有租户优质，租金明显低于周边物业，引入专业团队运营，升级改造、全面提升空间大。经济周期低谷阶段，优质地段写字楼市场抗风险能力强，资源稀缺，不可复制，增值潜力巨大。&nbsp;</span><br />\r\n<span style="line-height:32px;background-color:#ffffff;font-family:宋体;color:#646464;font-size:14px;">6、风控措施完善，全方面保障项目运行：海航集团双重兜底回购担保，保障优先合伙份额以及A类信托单位在触发条件下的利益；海航实业大厦土地及物业抵押；100%持有天津长安投资管理有限公司股权。</span>', NULL, NULL, 1417592457, 24, 1, 1),
(42, '中融-融筑20号(神鹰安置房)股权投资集合资金信托计划', '中融信托', 1, 3, 2, '100万≤X＜300万:【1.5】%；\r\n300万≤X＜800万:【1.5】%；\r\n800万≤X:【1.1】%', 2, ' 9.0%-9.8% ', '100万≤X＜300万:【1.5】%；', 3, 1, 2, 1, 18, '5', '100', '中融融筑20号募集帐号：\r\n户名：中融国际信托有限公司\r\n帐号 :3306040160000034043\r\n开户银行：杭州银行绍兴分行\r\n\r\n', '100万≤X＜300万:【9.0】%；\r\n300万≤X＜800万:【9.5】%；\r\n800万≤X:【9.8】% ', '【3月24日更新】第七期预热中，本期规模1000万，开放打款，无下一期', '', 30, '两大一小', 1, '<p>\r\n	中融-融筑20号(神鹰安置房)股权投资集合资金信托计划<br />\r\n<br />\r\n规模：5亿<br />\r\n期限：18个月<br />\r\n认购起点：100万元<br />\r\n投资者预期年化收益率：<br />\r\n100万≤X＜300万:9.0%；<br />\r\n300万≤X＜600万:9.5%；<br />\r\n600万≤X:9.8%<br />\r\n付息方式：按年付息<br />\r\n融资方:浙江省诸暨市神鹰置业有限公司。<br />\r\n资金投向：用于浙江省诸暨市小陈家安置房项目建设。<br />\r\n<br />\r\n风控措施：<br />\r\n1、项目土地抵押：项目公司小陈家安置房项目地块的国有土地使用权，及后续在建工程将全部为本信托计划项下提供抵押担保，抵押率在50%左右抵押物价值全部按照成本价评估，不涉及抵押股估值虚高的问题。<br />\r\n2、原股东及实际控制人夫妇担保：浙江神鹰集团有限公司、诸暨市神鹰房地产开发有限公司、浙江凯昂建材有限公司、侯氏集团有限公司、神鹰集团实际控制人朱百超先生及其夫人为本信托计划项下的项目公司及原股东还款义务提供无限连带责任保证担保。<br />\r\n3、结构化设计：项目公司股东以其持有的神鹰置业1.2亿股权以及8000万债权，作为次级加入信托计划，优先次级比为1.5:1&nbsp;，为信托计划优先级的退出做出保障。<br />\r\n4、信托公司项目公司股权全控，资金全程监管：信托计划成立后，信托公司持有项目公司98%的股权。&nbsp;通过派驻现场监管人员，控制项目公司实际资产及信托资金的使用。<br />\r\n<br />\r\n产品优势：<br />\r\n1、项目合作方背景实力较强，神鹰集团是一家实力雄厚、房地产开发稳健的多元化产业集团。<br />\r\n2、本项目运用多种风险控制措施，抵押+担保+股权；保证信托资金的安全退出。<br />\r\n3、拟投资的目标项目大部分由政府按指定价格回购，诸暨政府财政实力雄厚，回购能力有很高的保障。<br />\r\n<br />\r\n融资方简介：<br />\r\n神鹰集团自2002年进入房地产开发行业以来，已成功开发完成近百万平方米的商业和住宅项目。神鹰集团房地产经营节奏稳健。目前在售的纯开发项目有一个，除此以外，当前的业务主要集中在做政府回购的安置房项目，其开发的另一安置房项目已由政府按照施工进度支付回购价款约4.83亿元。截至2014年4月30日，神鹰集团的总资产16.7亿元，负债9.1亿元，净资产7.6亿元。\r\n</p>', NULL, NULL, 1421642902, 2, 1, 1),
(13, '中融-大盈加2号财产权信托', '中融信托', 1, 3, 1, '市场大小统一：【0.7】%', 2, '8.5%-8.9%', '0.7%-0.7%', 1, 2, 3, 1, 12, '2亿', '100.00万元', '中融-大盈加2号财产权信托打款账户： \r\n募集银行: 招商银行北京世纪城支行 \r\n募集户名: 中融国际信托有限公司 \r\n募集账号: 4519-0001-5810-647 ', '100万≤X＜300万：【8.5】% \r\n300万≤X：【8.9】%', '【3月24日更新】第二期募集中，本期规模1亿，现在开始进款，有进款意向客户请先实名预约，满3000万可成立一期，下期继续募集。', '', 10, '', 0, '<span style="line-height:32px;background-color:#ffffff;font-family:宋体;color:#646464;font-size:14px;">基本要素：&nbsp;</span><br />\r\n<span style="line-height:32px;background-color:#ffffff;font-family:宋体;color:#646464;font-size:14px;">规模：2亿&nbsp;</span><br />\r\n<span style="line-height:32px;background-color:#ffffff;font-family:宋体;color:#646464;font-size:14px;">期限：12个月&nbsp;</span><br />\r\n<span style="line-height:32px;background-color:#ffffff;font-family:宋体;color:#646464;font-size:14px;">认购起点：100万元&nbsp;</span><br />\r\n<span style="line-height:32px;background-color:#ffffff;font-family:宋体;color:#646464;font-size:14px;">投资者预期年化收益率：&nbsp;</span><br />\r\n<span style="line-height:32px;background-color:#ffffff;font-family:宋体;color:#646464;font-size:14px;">100万≤X＜300万：8.5%&nbsp;</span><br />\r\n<span style="line-height:32px;background-color:#ffffff;font-family:宋体;color:#646464;font-size:14px;">300万≤X：8.9%&nbsp;</span><br />\r\n<span style="line-height:32px;background-color:#ffffff;font-family:宋体;color:#646464;font-size:14px;">付息方式：按季付息&nbsp;</span><br />\r\n<span style="line-height:32px;background-color:#ffffff;font-family:宋体;color:#646464;font-size:14px;">融资方：天津地成建设投资有限公司&nbsp;</span><br />\r\n<span style="line-height:32px;background-color:#ffffff;font-family:宋体;color:#646464;font-size:14px;">资金投向：本次应收账款债权募得资金将用于京津新城地热管网一期、二期项目开发建设。&nbsp;</span><br />\r\n<br />\r\n<span style="line-height:32px;background-color:#ffffff;font-family:宋体;color:#646464;font-size:14px;">还款来源分析：&nbsp;</span><br />\r\n<span style="line-height:32px;background-color:#ffffff;font-family:宋体;color:#646464;font-size:14px;">1、宝坻区人民政府财政收入；&nbsp;&nbsp;</span><br />\r\n<span style="line-height:32px;background-color:#ffffff;font-family:宋体;color:#646464;font-size:14px;">2、京津新城地热管网项目一期建成后预计市场化销售收入3.11亿元左右；&nbsp;</span><br />\r\n<span style="line-height:32px;background-color:#ffffff;font-family:宋体;color:#646464;font-size:14px;">3、地成公司其它经营性收入。&nbsp;</span><br />\r\n<br />\r\n<span style="line-height:32px;background-color:#ffffff;font-family:宋体;color:#646464;font-size:14px;">风控措施：&nbsp;</span><br />\r\n<span style="line-height:32px;background-color:#ffffff;font-family:宋体;color:#646464;font-size:14px;">1、债务偿还：中融信托与天津地成建设投资有限公司、天津宝坻区人民政府签署三方的《债权债务确&nbsp;认协议》，天津地成建设投资有限公司将其对宝坻区人民政府的债权转让给中融信托。明确&nbsp;信托设立后，宝坻区人民政府应直接向中融信托履行债务，委托人无权以自己的名义向政府&nbsp;追偿债务。&nbsp;</span><br />\r\n<span style="line-height:32px;background-color:#ffffff;font-family:宋体;color:#646464;font-size:14px;">2、信托受益权回购：中融信托与天津地成建设投资有限公司签订信托受益权回购合同，若信托到期时宝坻区&nbsp;政府不能履行债务，则委托人对受益人持有的受益权进行回购。&nbsp;</span><br />\r\n<span style="line-height:32px;background-color:#ffffff;font-family:宋体;color:#646464;font-size:14px;">3、&nbsp;连带责任保证：天津市金地城市建设有限公司（以下简称“金地建设”）与中融信托签订《保证合同》，&nbsp;为债务人宝坻区政府履行债务及委托人的到期回购义务承担连带保证担保责任。&nbsp;</span><br />\r\n<br />\r\n<span style="line-height:32px;background-color:#ffffff;font-family:宋体;color:#646464;font-size:14px;">融资人简介：&nbsp;</span><br />\r\n<span style="line-height:32px;background-color:#ffffff;font-family:宋体;color:#646464;font-size:14px;">1、融资主体为天津地成投资建设有限公司成立于2009年3月25日，注册资本伍亿叁仟柒佰捌&nbsp;拾贰万元，实收资本伍亿叁仟柒佰捌拾贰万元，是天津市宝坻区京津新城建设管理委员会下属的国有独资企业。&nbsp;</span><br />\r\n<span style="line-height:32px;background-color:#ffffff;font-family:宋体;color:#646464;font-size:14px;">2、截至2014年9月，公司总资产为59.35亿元，公司负债总额为17.35亿元，净资产为42亿元，&nbsp;资产负债率为29.23%。公司经上海新世纪评估公司预评估AA信用评级，同时宝坻区在资金注入、代建项目回购及政府补助等多方面给予了公司有力的支持。公司资产负债结构健康，偿&nbsp;</span><br />\r\n<span style="line-height:32px;background-color:#ffffff;font-family:宋体;color:#646464;font-size:14px;">债能力较强。&nbsp;</span>', NULL, NULL, 1417592632, 23, 1, 1),
(14, '四川信托·汇誉6号集合资金信托计划', '四川信托', 1, 2, 1, '100万≤X＜300万:【0.7】%；  300万≤X:【0.7】%', 3, '10.0%-10.5%', '0.7%-0.7%', 3, 4, 1, 1, 12, '10亿', '100.00万元', '四川信托·汇誉6号集合资金信托计划 \r\n账户名：四川信托有限公司 \r\n账 号：6919 0586 9 \r\n开户行：中国民生银行成都聚龙路支行', '100万≤X＜300万:【10】%； \r\n300万≤X:【10.5】%', '【3月24日更新】本期规模7500万，已进款3770万，满7500万封账成立一期，还有下一期。', '', 50, '', 0, '<span style="line-height:32px;background-color:#ffffff;font-family:宋体;color:#646464;font-size:14px;">基本要素：&nbsp;</span><br />\r\n<span style="line-height:32px;background-color:#ffffff;font-family:宋体;color:#646464;font-size:14px;">规模：10亿&nbsp;</span><br />\r\n<span style="line-height:32px;background-color:#ffffff;font-family:宋体;color:#646464;font-size:14px;">期限：12个月&nbsp;</span><br />\r\n<span style="line-height:32px;background-color:#ffffff;font-family:宋体;color:#646464;font-size:14px;">认购起点：100万元&nbsp;</span><br />\r\n<span style="line-height:32px;background-color:#ffffff;font-family:宋体;color:#646464;font-size:14px;">投资者预期年化收益率：&nbsp;</span><br />\r\n<span style="line-height:32px;background-color:#ffffff;font-family:宋体;color:#646464;font-size:14px;">100万≤X＜300万:10%；&nbsp;</span><br />\r\n<span style="line-height:32px;background-color:#ffffff;font-family:宋体;color:#646464;font-size:14px;">300万≤X:10.5%&nbsp;</span><br />\r\n<span style="line-height:32px;background-color:#ffffff;font-family:宋体;color:#646464;font-size:14px;">付息方式：按年付息&nbsp;</span><br />\r\n<span style="line-height:32px;background-color:#ffffff;font-family:宋体;color:#646464;font-size:14px;">资金投向：（1）流动性资产，包括但不限于同业存款、银行间市场债券、债券逆回购等。（2）融资类资产，主要指资质良好企业作为借款人的优质贷款。（3）金融机构产品及其他类资产，主要包括：四川信托有限公司发行的信托产品，证券公司发行的资产管理计划；基金专项子公司发行的资产管理计划；金融机构信贷资产；特定资产收益权。&nbsp;</span><br />\r\n<br />\r\n<span style="line-height:32px;background-color:#ffffff;font-family:宋体;color:#646464;font-size:14px;">风控措施：&nbsp;</span><br />\r\n<span style="line-height:32px;background-color:#ffffff;font-family:宋体;color:#646464;font-size:14px;">1、所投资的项目应为四川信托总部项目评审委员会通过、完成签批手续的集合资金信托计划。&nbsp;</span><br />\r\n<span style="line-height:32px;background-color:#ffffff;font-family:宋体;color:#646464;font-size:14px;">2、所直接投资项目自身现金流情况良好，还款来源清晰，担保及增信措施得当。&nbsp;</span><br />\r\n<span style="line-height:32px;background-color:#ffffff;font-family:宋体;color:#646464;font-size:14px;">3、对于设定抵押或质押的投资项目，要求抵押率/质押率控制在50%以下；被投资企业的各项资质需符合国家法律法规的要求。所投资项目必须经四川信托投资管理员会审批同意后方可实施。&nbsp;</span><br />\r\n<br />\r\n<span style="line-height:32px;background-color:#ffffff;font-family:宋体;color:#646464;font-size:14px;">四川信托简介：&nbsp;</span><br />\r\n<span style="line-height:32px;background-color:#ffffff;font-family:宋体;color:#646464;font-size:14px;">1、四川信托有限公司是经中国银监会批准、经四川省工商行政管理局正式登记注册，注册资本为20亿元人民币，注册地址为四川省成都市。金融许可证号：K0079H251010001。&nbsp;</span><br />\r\n<span style="line-height:32px;background-color:#ffffff;font-family:宋体;color:#646464;font-size:14px;">2、公司由6家国有企业4家大型民营企业共10家股东构成。其中第一大股东四川宏达集团位列中国500强企业、中国最大500家企业集团和四川省重点培育的大企业。现有总资产近500亿元，员工30000人，控股宏达股份(600331)、金路集团(000510)2家A股上市公司。第二大股东中海信托是中国海洋石油总公司旗下国有非银行金融机构，注册资本25亿元，管理资产规模超2100亿元。</span>', NULL, NULL, 1417593020, 22, 1, 1),
(15, '中泰-金泰1号金坛国投应收账款投资集合资金信托计划', '中泰信托', 1, 3, 2, '100万≤X＜300万：【2.0】%  300万≤X＜500万：【1.6】%  500万≤X＜2000万：【1.3】%  2000万≤X：【0.8】%', 2, '9.0%-10.0%', '0.8%-2.0%', 2, 2, 3, 1, 24, '3亿', '100.00万元', '【中泰-金泰1号金坛项目】打款账号\r\n户 名：中泰信托有限责任公司 \r\n开户行：兴业银行股份有限公司上海分行营业部\r\n账 号：216200100100933371\r\n\r\n', '100万≤X＜300万：【9.0】% \r\n300万≤X＜500万：【9.5】% \r\n500万≤X＜2000万：【9.7】% \r\n2000万≤X：【10】%', '【3月24日更新】（24个月）第五期募集中，本期规模3000万，目前进款2000万，预计本周成立一期，下期继续募集。', '', 66, '', 0, '<span style="line-height:32px;background-color:#ffffff;font-family:宋体;color:#646464;font-size:14px;">基本要素：&nbsp;</span><br />\r\n<span style="line-height:32px;background-color:#ffffff;font-family:宋体;color:#646464;font-size:14px;">规模：3亿&nbsp;</span><br />\r\n<span style="line-height:32px;background-color:#ffffff;font-family:宋体;color:#646464;font-size:14px;">期限：24个月&nbsp;</span><br />\r\n<span style="line-height:32px;background-color:#ffffff;font-family:宋体;color:#646464;font-size:14px;">认购起点：100万元&nbsp;</span><br />\r\n<span style="line-height:32px;background-color:#ffffff;font-family:宋体;color:#646464;font-size:14px;">投资者预期年化收益率：&nbsp;</span><br />\r\n<span style="line-height:32px;background-color:#ffffff;font-family:宋体;color:#646464;font-size:14px;">100万≤X＜300万：9.0%&nbsp;</span><br />\r\n<span style="line-height:32px;background-color:#ffffff;font-family:宋体;color:#646464;font-size:14px;">300万≤X＜500万：9.5%&nbsp;</span><br />\r\n<span style="line-height:32px;background-color:#ffffff;font-family:宋体;color:#646464;font-size:14px;">500万≤X＜2000万：9.7%&nbsp;</span><br />\r\n<span style="line-height:32px;background-color:#ffffff;font-family:宋体;color:#646464;font-size:14px;">2000万≤X：10%&nbsp;</span><br />\r\n<span style="line-height:32px;background-color:#ffffff;font-family:宋体;color:#646464;font-size:14px;">付息方式：半年付息&nbsp;</span><br />\r\n<span style="line-height:32px;background-color:#ffffff;font-family:宋体;color:#646464;font-size:14px;">融资方：金坛市国发国际投资发展有限公司（国有全资）。&nbsp;</span><br />\r\n<span style="line-height:32px;background-color:#ffffff;font-family:宋体;color:#646464;font-size:14px;">资金投向：本信托计划募集资金用于受让金坛市国发国际投资发展有限公司因代建国际工业城一期项目形成的对江苏省金坛经济开发区管委会的&nbsp;4.4亿元应收账款。&nbsp;</span><br />\r\n<br />\r\n<span style="line-height:32px;background-color:#ffffff;font-family:宋体;color:#646464;font-size:14px;">风控措施：&nbsp;</span><br />\r\n<span style="line-height:32px;background-color:#ffffff;font-family:宋体;color:#646464;font-size:14px;">1、金坛国投将其因建设国际工业城项目而持有的对金坛开发区管委会的应收账款4.4亿元转让给中泰信托，并在中国人民银行征信中心应收账款登记公示系统办理转让登记手续。&nbsp;&nbsp;</span><br />\r\n<span style="line-height:32px;background-color:#ffffff;font-family:宋体;color:#646464;font-size:14px;">2、金坛市建设资产经营有限公司作为本信托计划的连带责任保证人，与中泰信托签订保证合同，对金坛国投对本信托计划的债务承担连带保证责任。金坛市建设资产经营有限公司，公司注册资本为22,000万元人民币。公司为国有独资公司，出资人为金坛市人民政府，出资比例为100%。截至&nbsp;2013年12月31日，金坛建设资产总额229.84亿元，负债总额127.29亿元，归属于母公司所有者权益102.55亿元。2013年度，金坛建设实现主营业务收入7.64亿元，净利润2.44亿元。&nbsp;&nbsp;</span><br />\r\n<span style="line-height:32px;background-color:#ffffff;font-family:宋体;color:#646464;font-size:14px;">3、金坛市财政局出具承诺函。金坛市财政局承诺金坛国投未能按期支付信托本息，以及保证人金坛建设未能履行其担保义务时，由金坛市财政局安排专项资金负责偿还本金和溢价收益，以保证该笔信托资金的全额兑付。&nbsp;&nbsp;</span><br />\r\n<br />\r\n<span style="line-height:32px;background-color:#ffffff;font-family:宋体;color:#646464;font-size:14px;">交易对手简介：&nbsp;</span><br />\r\n<span style="line-height:32px;background-color:#ffffff;font-family:宋体;color:#646464;font-size:14px;">金坛市国发国际投资发展有限公司（国有全资）。注册资本16亿，2013年度总资产5.82亿元。截至2014年6月30日，金坛国投的合并资产总计为1,008,000.70万元，合并负债总计为627,090.22万元，所有者权益合计为380,910.49万元，资产负债率为62.21%，2014年上半年实现主营业务收入&nbsp;54<span style="background-color:#ffffff;"></span>,703.92万元，利润总额14,566.07万元，净利润10,922.48万元。&nbsp;</span><br />\r\n<br />\r\n<span style="line-height:32px;background-color:#ffffff;font-family:宋体;color:#646464;font-size:14px;">主要担保方简介：&nbsp;</span><br />\r\n<span style="line-height:32px;background-color:#ffffff;font-family:宋体;color:#646464;font-size:14px;">金坛市建设资产经营有限公司，公司注册资本为22,000万元人民币。公司为国有独资公司，出资人为金坛市人民政府，出资比例为100%。截至2013年12月31日，金坛建设资产总额229.84亿元，负债总额127.29亿元，归属于母公司所有者权益102.55亿元。2013年度，金坛建设实现主营业务收入7.64亿元，净利润2.44亿元。</span>', NULL, NULL, 1417593176, 21, 1, 1),
(16, '民生信托-合川工投债权流动化集合资金信托计划', '民生信托', 1, 3, 2, '100万≤X＜300万:【2.0】%  300万≤X＜1000万:【1.7】%  1000万≤X:【0.7】%', 3, '9.3%-10.2%', '0.7%-1.7%', 1, 1, 3, 1, 24, '3亿', '100.00万元', '民生信托-合川工投债权流动化集合资金信托计划 \r\n账户名：中国民生信托有限公司 \r\n开户行：中国民生银行股份有限公司南京分行营业部 \r\n账 号：6925 8968 5', '100万≤X＜300万:【9.3】% \r\n300万≤X＜1000万:【9.7】% \r\n1000万≤X:【10.2】%', '【3月24日更新】本期规模3000万，已进款1600万，进款火爆！满3000万成立一期，下期继续募集！', '', 55, '', 0, '<span style="line-height:32px;background-color:#ffffff;font-family:宋体;color:#646464;font-size:14px;">基本要素：&nbsp;</span><br />\r\n<span style="line-height:32px;background-color:#ffffff;font-family:宋体;color:#646464;font-size:14px;">规模：3亿&nbsp;</span><br />\r\n<span style="line-height:32px;background-color:#ffffff;font-family:宋体;color:#646464;font-size:14px;">期限：24个月&nbsp;</span><br />\r\n<span style="line-height:32px;background-color:#ffffff;font-family:宋体;color:#646464;font-size:14px;">认购起点：100万元&nbsp;</span><br />\r\n<span style="line-height:32px;background-color:#ffffff;font-family:宋体;color:#646464;font-size:14px;">投资者预期年化收益率：&nbsp;</span><br />\r\n<span style="line-height:32px;background-color:#ffffff;font-family:宋体;color:#646464;font-size:14px;">100万≤X＜300万:9.3%&nbsp;</span><br />\r\n<span style="line-height:32px;background-color:#ffffff;font-family:宋体;color:#646464;font-size:14px;">300万≤X＜1000万:9.7%&nbsp;</span><br />\r\n<span style="line-height:32px;background-color:#ffffff;font-family:宋体;color:#646464;font-size:14px;">1000万≤X:10.2%&nbsp;</span><br />\r\n<span style="line-height:32px;background-color:#ffffff;font-family:宋体;color:#646464;font-size:14px;">付息方式：按季付息&nbsp;</span><br />\r\n<span style="line-height:32px;background-color:#ffffff;font-family:宋体;color:#646464;font-size:14px;">融资方:信托资金用于受让合川工投对合川工业园区管委会享有的4.27亿元应收账款债权，资金最终用于合川工业园区（南溪）标准厂房B区二期工程项目。&nbsp;</span><br />\r\n<span style="line-height:32px;background-color:#ffffff;font-family:宋体;color:#646464;font-size:14px;">资金投向：信托资金用于受让重庆市合川工业投资（集团）有限公司（简称“合川工投”）持有的对合川工业园区管委会金额为人民币4.27亿元的应收账款债权，信托资金最终用于合川工业园区（南溪）标准厂房B区二期工程项目。&nbsp;</span><br />\r\n<br />\r\n<span style="line-height:32px;background-color:#ffffff;font-family:宋体;color:#646464;font-size:14px;">还款来源分析：&nbsp;</span><br />\r\n<span style="line-height:32px;background-color:#ffffff;font-family:宋体;color:#646464;font-size:14px;">1、债务人合川工业园区管委会或其指定的第三方到期对债务还本付息。&nbsp;</span><br />\r\n<span style="line-height:32px;background-color:#ffffff;font-family:宋体;color:#646464;font-size:14px;">2、如合川工业园区管委会未能履行债权偿付义务，合川工投承担资金补足义务。&nbsp;</span><br />\r\n<br />\r\n<span style="line-height:32px;background-color:#ffffff;font-family:宋体;color:#646464;font-size:14px;">风控措施：&nbsp;</span><br />\r\n<span style="line-height:32px;background-color:#ffffff;font-family:宋体;color:#646464;font-size:14px;">1、合川区政府、合川工投、合川工业园区管委会与我司签署《债权转让合同》，确认合川工投将相应债权转让给我司，明确合川工业园区管委会放弃原有抗辩权，并确认在合川工业园区管委会未能履行债务偿付义务的情况下，由合川工投承担资金补足义务，确保信托收益的实现。&nbsp;</span><br />\r\n<span style="line-height:32px;background-color:#ffffff;font-family:宋体;color:#646464;font-size:14px;">2、重庆市合川农业投资（集团）有限公司（合川农投）为合川工投资金补足义务提供连带责任保证担保。&nbsp;</span><br />\r\n<span style="line-height:32px;background-color:#ffffff;font-family:宋体;color:#646464;font-size:14px;">3、合川区政府、合川工投与合川工业园区管委会签署《债权债务确认函》，确认付款时间与金额本信托计划所对应的标的债权在人行征信系统办理登记。&nbsp;</span><br />\r\n<br />\r\n<span style="line-height:32px;background-color:#ffffff;font-family:宋体;color:#646464;font-size:14px;">产品优势：&nbsp;</span><br />\r\n<span style="line-height:32px;background-color:#ffffff;font-family:宋体;color:#646464;font-size:14px;">1、债务人合川工业园区管委会到期直接偿还债务，若合川工业园区管委会无法按期履行债务偿付义务，合川工投将承担资金补足义务。本信托计划由合川区人民政府签署《债权债务确认函》和主交易合同《债权转让合同》，以绑定政府信用。&nbsp;</span><br />\r\n<span style="line-height:32px;background-color:#ffffff;font-family:宋体;color:#646464;font-size:14px;">2、本信托交易对手合川工投是合川区国有独资企业（2013年末，公司总资产160亿元，净资产94亿元），公司于2013年6月发行“13合川工投债”，规模10亿元，期限7年，主体长期信用评级为“AA”，信用程度高，整体实力较强。&nbsp;</span><br />\r\n<span style="line-height:32px;background-color:#ffffff;font-family:宋体;color:#646464;font-size:14px;">3、担保方重庆市合川农业投资（集团）有限公司（简称“合川农投”）为合川工投的资金补足义务提供连带责任保证担保。截至2013年末，合川农投总资产125亿元，净资产80亿元。公司于2012年发行“12合川农投债”，发行规模15亿元，期限为6年，主体长期信用评级为“AA”，信用程度高，担保实力较强。&nbsp;</span><br />\r\n<span style="line-height:32px;background-color:#ffffff;font-family:宋体;color:#646464;font-size:14px;">4、合川区是重庆市经济较发达区域之一，2013年合川区实现地区生产总值387.42亿元（于重庆市38个区县中排名第12位），同比增长11.9%；2013年可支配财政收入129亿元。&nbsp;</span>', NULL, NULL, 1417593379, 20, 1, 1),
(17, '中泰-金泰1号金坛国投应收账款投资集合资金信托计划', '中泰信托', 1, 3, 2, '300万≤X：【1.4】%', 2, '9.3%-9.3%', '1.4%-1.4%', 2, 1, 4, 1, 18, '0.5亿', '300.00万元', '【中泰-金泰1号金坛项目】打款账号\r\n户 名：中泰信托有限责任公司 \r\n开户行：兴业银行股份有限公司上海分行营业部\r\n账 号：216200100100933371\r\n', '300万≤X：【9.3】%', '【3月24日更新】（24个月）第五期募集中，本期规模3000万，目前进款2000万，预计本周成立一期，下期继续募集。', '', 66, '', 0, '<span style="line-height:32px;background-color:#ffffff;font-family:宋体;color:#646464;font-size:14px;">基本要素：&nbsp;</span><br />\r\n<span style="line-height:32px;background-color:#ffffff;font-family:宋体;color:#646464;font-size:14px;">规模：0.5亿&nbsp;</span><br />\r\n<span style="line-height:32px;background-color:#ffffff;font-family:宋体;color:#646464;font-size:14px;">期限：18个月&nbsp;</span><br />\r\n<span style="line-height:32px;background-color:#ffffff;font-family:宋体;color:#646464;font-size:14px;">认购起点：300万元&nbsp;</span><br />\r\n<span style="line-height:32px;background-color:#ffffff;font-family:宋体;color:#646464;font-size:14px;">投资者预期年化收益率：&nbsp;</span><br />\r\n<span style="line-height:32px;background-color:#ffffff;font-family:宋体;color:#646464;font-size:14px;">300万≤X：9.3%&nbsp;</span><br />\r\n<span style="line-height:32px;background-color:#ffffff;font-family:宋体;color:#646464;font-size:14px;">付息方式：半年付息&nbsp;</span><br />\r\n<span style="line-height:32px;background-color:#ffffff;font-family:宋体;color:#646464;font-size:14px;">融资方：金坛市国发国际投资发展有限公司（国有全资）。&nbsp;</span><br />\r\n<span style="line-height:32px;background-color:#ffffff;font-family:宋体;color:#646464;font-size:14px;">资金投向：本信托计划募集资金用于受让金坛市国发国际投资发展有限公司因代建国际工业城一期项目形成的对江苏省金坛经济开发区管委会的&nbsp;4.4亿元应收账款。&nbsp;</span><br />\r\n<br />\r\n<span style="line-height:32px;background-color:#ffffff;font-family:宋体;color:#646464;font-size:14px;">风控措施：&nbsp;</span><br />\r\n<span style="line-height:32px;background-color:#ffffff;font-family:宋体;color:#646464;font-size:14px;">1、金坛国投将其因建设国际工业城项目而持有的对金坛开发区管委会的应收账款4.4亿元转让给中泰信托，并在中国人民银行征信中心应收账款登记公示系统办理转让登记手续。&nbsp;&nbsp;</span><br />\r\n<span style="line-height:32px;background-color:#ffffff;font-family:宋体;color:#646464;font-size:14px;">2、金坛市建设资产经营有限公司作为本信托计划的连带责任保证人，与中泰信托签订保证合同，对金坛国投对本信托计划的债务承担连带保证责任。金坛市建设资产经营有限公司，公司注册资本为22,000万元人民币。公司为国有独资公司，出资人为金坛市人民政府，出资比例为100%。截至&nbsp;2013年12月31日，金坛建设资产总额229.84亿元，负债总额127.29亿元，归属于母公司所有者权益102.55亿元。2013年度，金坛建设实现主营业务收入7.64亿元，净利润2.44亿元。&nbsp;&nbsp;</span><br />\r\n<span style="line-height:32px;background-color:#ffffff;font-family:宋体;color:#646464;font-size:14px;">3、金坛市财政局出具承诺函。金坛市财政局承诺金坛国投未能按期支付信托本息，以及保证人金坛建设未能履行其担保义务时，由金坛市财政局安排专项资金负责偿还本金和溢价收益，以保证该笔信托资金的全额兑付。&nbsp;&nbsp;</span><br />\r\n<br />\r\n<span style="line-height:32px;background-color:#ffffff;font-family:宋体;color:#646464;font-size:14px;">交易对手简介：&nbsp;</span><br />\r\n<span style="line-height:32px;background-color:#ffffff;font-family:宋体;color:#646464;font-size:14px;">金坛市国发国际投资发展有限公司（国有全资）。注册资本16亿，2013年度总资产5.82亿元。截至2014年6月30日，金坛国投的合并资产总计为1,008,000.70万元，合并负债总计为627,090.22万元，所有者权益合计为380,910.49万元，资产负债率为62.21%，2014年上半年实现主营业务收入&nbsp;54,703.92万元，利润总额14,566.07万元，净利润10,922.48万元。&nbsp;</span><br />\r\n<br />\r\n<span style="line-height:32px;background-color:#ffffff;font-family:宋体;color:#646464;font-size:14px;">主要担保方简介：&nbsp;</span><br />\r\n<span style="line-height:32px;background-color:#ffffff;font-family:宋体;color:#646464;font-size:14px;">金坛市建设资产经营有限公司，公司注册资本为22,000万元人民币。公司为国有独资公司，出资人为金坛市人民政府，出资比例为100%。截至2013年12月31日，金坛建设资产总额229.84亿元，负债总额127.29亿元，归属于母公司所有者权益102.55亿元。2013年度，金坛建设实现主营业务收入7.64亿元，净利润2.44亿元。&nbsp;</span><br />', NULL, NULL, 1417593507, 19, 1, 1),
(18, '湖南信托-成都金堂国投应收账款投资集合信托计划', '湖南信托', 1, 3, 2, '100万≤X＜300万：【2.4】%  300万≤X：【1.7】%', 2, '9.5%-10.0%', '1.7%-2.4%', 2, 1, 1, 1, 24, '2亿', '100.00万元', '国投1号募集帐号（150万以上客户打款）： \r\n户名：湖南省信托有限责任公司信托资金专户 \r\n账号：4300 1532 0610 5900 0039 \r\n开户行: 建设银行长沙窑岭支行 \r\n打款备注：“xxx（投资者名称）认购成都金堂国投1号” \r\n\r\n国投2号募集帐号（150万以下客户打款）： \r\n户名：湖南省信托有限责任公司信托资金专户 \r\n账号：4300 1532 0610 5900 0040 \r\n开户行: 建设银行长沙窑岭支行 \r\n打款备注：“xxx（投资者名称）认购成都金堂国投2号”', '100万≤X＜300万：【9.5】% \r\n300万≤X：【10】%', '【3月24日更新】1号第四期募集中，本期规模2000万，目前进款1000万，预计下周一封账一期（湖南本地客户无法认购），下期开放等通知。 \r\n', '', 90, '', 0, '<span style="line-height:32px;background-color:#ffffff;font-family:宋体;color:#646464;font-size:14px;">基本要素：&nbsp;</span><br />\r\n<span style="line-height:32px;background-color:#ffffff;font-family:宋体;color:#646464;font-size:14px;">规模：2亿&nbsp;</span><br />\r\n<span style="line-height:32px;background-color:#ffffff;font-family:宋体;color:#646464;font-size:14px;">期限：24个月&nbsp;</span><br />\r\n<span style="line-height:32px;background-color:#ffffff;font-family:宋体;color:#646464;font-size:14px;">认购起点：100万元&nbsp;</span><br />\r\n<span style="line-height:32px;background-color:#ffffff;font-family:宋体;color:#646464;font-size:14px;">投资者预期年化收益率：&nbsp;</span><br />\r\n<span style="line-height:32px;background-color:#ffffff;font-family:宋体;color:#646464;font-size:14px;">100万≤X＜300万：9.5%&nbsp;</span><br />\r\n<span style="line-height:32px;background-color:#ffffff;font-family:宋体;color:#646464;font-size:14px;">300万≤X：10%&nbsp;</span><br />\r\n<span style="line-height:32px;background-color:#ffffff;font-family:宋体;color:#646464;font-size:14px;">付息方式：半年付息&nbsp;</span><br />\r\n<span style="line-height:32px;background-color:#ffffff;font-family:宋体;color:#646464;font-size:14px;">融资方：金堂县国有资产投资经营有限责任公司&nbsp;&nbsp;</span><br />\r\n<span style="line-height:32px;background-color:#ffffff;font-family:宋体;color:#646464;font-size:14px;">资金投向：金堂县农村饮水安全工程及县医院迁建工程建设&nbsp;&nbsp;</span><br />\r\n<br />\r\n<span style="line-height:32px;background-color:#ffffff;font-family:宋体;color:#646464;font-size:14px;">风控措施：&nbsp;</span><br />\r\n<span style="line-height:32px;background-color:#ffffff;font-family:宋体;color:#646464;font-size:14px;">1、土地抵押：以评估价值超过4亿元的出让商住用地作为抵押，抵押率为49.89%；&nbsp;&nbsp;</span><br />\r\n<span style="line-height:32px;background-color:#ffffff;font-family:宋体;color:#646464;font-size:14px;">2、“金堂国投”以其持有的对金堂县财政局（20112万元+8234万元）应收账款为本次信托融资提供质押担保，信托到期后由金堂国投回购上述应收账款，应收账款总额完全覆盖本信托计划本息；&nbsp;&nbsp;</span><br />\r\n<span style="line-height:32px;background-color:#ffffff;font-family:宋体;color:#646464;font-size:14px;">3、政府出具相关支持性文件，以保证信托资金按期足额兑付；&nbsp;&nbsp;</span><br />\r\n<span style="line-height:32px;background-color:#ffffff;font-family:宋体;color:#646464;font-size:14px;">4、连带担保：金堂县“兴金开发”为本次信托融资，提供连带责任担保；&nbsp;</span><br />\r\n<span style="line-height:32px;background-color:#ffffff;font-family:宋体;color:#646464;font-size:14px;">备注：截止2013年底，融资方“金堂国投”总资产37.37亿元，连带担保方“兴金开发”总资产33.54亿元，“金堂国投”和“兴金开发”均为国有独资企业；2013年，金堂县综合财力59.87亿元，其中财政总收入51.04亿元，财政同比增长24.94%，2009年-2013年金堂县GDP复合增长率19.45%；能够为本次信托融资提供足额担保！&nbsp;</span><br />\r\n<br />\r\n<span style="line-height:32px;background-color:#ffffff;font-family:宋体;color:#646464;font-size:14px;">融资方简介:&nbsp;</span><br />\r\n<span style="line-height:32px;background-color:#ffffff;font-family:宋体;color:#646464;font-size:14px;">1、金堂县位于成都市东北部，千里沱江之首，县城赵镇为古四川名镇之一。县城赵镇距成都市区25公里，有免费的成（青）金快速通道、城南高速、成绵高速、大件路等多条通道与成都市区相连，处于成都平原经济圈中心，是川东北地区重要的交通枢纽和物资集散地。全县幅员面积1156平方公里，辖21个乡镇和2个省级工业开发区，全县总人口86万人，常驻人口愈百万。金堂是“成都平原经济圈”内的重点发展县和成都市“特色产业发展区”。被评为“全省县域经济发展先进县”2013中国西部百强县排名第52名。&nbsp;&nbsp;</span><br />\r\n<span style="line-height:32px;background-color:#ffffff;font-family:宋体;color:#646464;font-size:14px;">2、金堂县国有资产投资经营有限责任公司成立于2000年12月31日，是经成都市人民政府[2000]137号文件批准，由金堂县国资办独家出资，隶属县国资办。金堂国投注册资本8000万元人民币。经营范围：接受托管和经营存量国有资产；管理和经营国有无形资产；收取和运作国有资产转让收入；对外投资、参股控股。同时根据金委发[2004]54号文件要求，受金堂县政府的委托，行使全县行政事业单位的国有资产的统一经营管理权。截至2013年末总资产37.3亿元（历史成本计价），净资产14亿元。&nbsp;</span><br />\r\n<span style="line-height:32px;background-color:#ffffff;font-family:宋体;color:#646464;font-size:14px;">3、金堂县兴金开发建设投资有限责任公司（以下简称“兴金开发”）是成都市金堂县人民政府授权，于2005年投资组建的有限公司（国有独资）。注册资本69000万元，股东为金堂县国有资产管理委员会办公室。公司的主要业务涵盖城市基础设施、工业集中发展区基础设施的项目投资、投资管理、资本运作、资产经营管理及水利、交通的项目投资及投资管理和其它设施项目投资工作；房地产开发；城乡一体化建设；水污染治理；砂石销售；土地整理等。截至2013年兴金开发总资产335,385.93万元，净资产109,420.18万元。 &nbsp; &nbsp;</span>', NULL, NULL, 1417593629, 18, 1, 1);
INSERT INTO `db_caifu_product` (`id`, `name`, `issuer`, `category`, `investment`, `expenses_area`, `expenses`, `yield`, `yield_year`, `fee_scale`, `interest`, `area`, `size`, `status`, `lifetime`, `scale`, `threshold`, `account`, `income`, `progress`, `download`, `progress_percent`, `size_intro`, `earning`, `content`, `total_money`, `now_money`, `post_time`, `listorder`, `isshow`, `iscommend`) VALUES
(20, '厦门信托-晨阳工贸1401号流动资金贷款集合资金信托计划', '厦门信托', 1, 1, 2, '100万≤X＜300万:【2.5】%  300万≤X:【2.2】%', 3, '10.0%-10.5%', '2.2%-2.5%', 2, 4, 3, 1, 24, '1.5亿', '100.00万元', '厦门信托-晨阳工贸1401号流动资金贷款集合资金信托计划 \r\n户 名：厦门国际信托有限公司 \r\n账 号：1296 8010 0100 4780 07 \r\n开户行：兴业银行厦门分行营业部', '100万≤X＜300万:【10】% \r\n300万≤X:【10.5】%', '【3月24日更新】本期是第三期，本期规模2000万，火爆打款中，已进款2000万，预计今天封账走成立流程，有下一期！', '', 60, '', 0, '<span style="line-height:32px;background-color:#ffffff;font-family:宋体;color:#646464;font-size:14px;">基本要素：&nbsp;</span><br />\r\n<span style="line-height:32px;background-color:#ffffff;font-family:宋体;color:#646464;font-size:14px;">规模：1.5亿&nbsp;</span><br />\r\n<span style="line-height:32px;background-color:#ffffff;font-family:宋体;color:#646464;font-size:14px;">期限：24个月&nbsp;</span><br />\r\n<span style="line-height:32px;background-color:#ffffff;font-family:宋体;color:#646464;font-size:14px;">认购起点：100万元&nbsp;</span><br />\r\n<span style="line-height:32px;background-color:#ffffff;font-family:宋体;color:#646464;font-size:14px;">投资者预期年化收益率：&nbsp;</span><br />\r\n<span style="line-height:32px;background-color:#ffffff;font-family:宋体;color:#646464;font-size:14px;">100万≤X＜300万:10%&nbsp;</span><br />\r\n<span style="line-height:32px;background-color:#ffffff;font-family:宋体;color:#646464;font-size:14px;">300万≤X:10.5%&nbsp;</span><br />\r\n<span style="line-height:32px;background-color:#ffffff;font-family:宋体;color:#646464;font-size:14px;">付息方式：半年付息&nbsp;</span><br />\r\n<span style="line-height:32px;background-color:#ffffff;font-family:宋体;color:#646464;font-size:14px;">融资方:河北晨阳工贸集团有限公司&nbsp;</span><br />\r\n<span style="line-height:32px;background-color:#ffffff;font-family:宋体;color:#646464;font-size:14px;">资金投向：补充晨阳工贸流动资金&nbsp;</span><br />\r\n<br />\r\n<span style="line-height:32px;background-color:#ffffff;font-family:宋体;color:#646464;font-size:14px;">还款来源分析：&nbsp;</span><br />\r\n<span style="line-height:32px;background-color:#ffffff;font-family:宋体;color:#646464;font-size:14px;">1、企业营业收入：截止到2013年12月31日，融资人经审计的报表显示：总资产20.3亿元，净资产9.2亿，资产负债率为55%。总资产中流动资产10.7亿，占比52%。2013年总的销售收入是16亿，净利润1.87亿。毛利率31%，净利润率11.58%。融资人盈利能力较强。&nbsp;</span><br />\r\n<br />\r\n<span style="line-height:32px;background-color:#ffffff;font-family:宋体;color:#646464;font-size:14px;">风控措施：&nbsp;</span><br />\r\n<span style="line-height:32px;background-color:#ffffff;font-family:宋体;color:#646464;font-size:14px;">1、河北融投担保集团有限公司为本次信托贷款提供全额连带责任担保。&nbsp;</span><br />\r\n<span style="line-height:32px;background-color:#ffffff;font-family:宋体;color:#646464;font-size:14px;">2、河北晨阳工贸集团有限公司实际控制人刘善江及配偶为本次信托贷款提供无限连带责任担保。&nbsp;</span><br />\r\n<br />\r\n<span style="line-height:32px;background-color:#ffffff;font-family:宋体;color:#646464;font-size:14px;">产品优势：&nbsp;</span><br />\r\n<span style="line-height:32px;background-color:#ffffff;font-family:宋体;color:#646464;font-size:14px;">1、河北晨阳工贸集团有限公司成立于1998&nbsp;年，为河北省最大乃至全国规模较大的全功能水性涂料生产基地，市场占有率居全国同行业前列。拥有职工1000&nbsp;余名，总资产达20&nbsp;亿元，主导产品为水性建筑漆、水性工业漆、水性木器漆、水性柳编漆、水性树脂等各类节能环保水性漆。产品市场覆盖机械制造、五金家电、汽车行业、建筑行业、家具家居及铸造、桥梁、船舶、集装箱、铁路等应用领域。&nbsp;</span><br />\r\n<span style="line-height:32px;background-color:#ffffff;font-family:宋体;color:#646464;font-size:14px;">2、借款人位于河北省徐水县境内，占地面积230&nbsp;亩，临近京广铁路、京石高速公路、津保高速公路，东临天津港、黄骅港，交通十分便捷。河北晨阳工贸集团有限公司目前是河北省重点企业，河北省人民政府冀政【2013】68&nbsp;号文件已将融资人列为河北省30&nbsp;家节能环保产业骨干企业创建计划。&nbsp;</span><br />\r\n<span style="line-height:32px;background-color:#ffffff;font-family:宋体;color:#646464;font-size:14px;">3、2008&nbsp;年晨阳水漆成功入选“北京奥运外立面粉刷工程材料供应商”；入围中石化水漆涂料合格供应商；防霉、防潮产品成功应用于北京地铁程，开创了水性涂料在地铁工程应用方面的先河；被天津亚实、卡斯卡特、多维联合集团、纳铁福、三菱电梯、三一重工等国际名企列为指定用漆品牌；集团同荣盛集团、隆基泰和、中铁集团、河北建设集团互为长期战略合作伙伴。&nbsp;</span><br />\r\n<span style="line-height:32px;background-color:#ffffff;font-family:宋体;color:#646464;font-size:14px;">4、融资人是国家863&nbsp;计划“风电叶片防护涂料”项目承担者，牵头制定了水性柳编涂料的行业标准及国家标准；参与制定了水性汽车涂料、水性聚氨酯地坪涂料等标准的制定。&nbsp;</span><br />\r\n<span style="line-height:32px;background-color:#ffffff;font-family:宋体;color:#646464;font-size:14px;">5、融资人建有国内唯一一家“水性涂料院士工作站”，与中科院工程研究所合作建立了全国唯一一家“水性涂装纳米材料实验室”，并与中国涂料工业协会和北京化工大学、河北科技大学等科研院所开展产学研合作。此外，集团还建有企业技术中心、河北省水性涂料工程技术研究中心、河北省企业技术中心两个科研中心，是河北省知识产权优势培育企业，已独立研发完成科技项目近百余项，申报发明专利50余项。&nbsp;</span><br />\r\n<span style="line-height:32px;background-color:#ffffff;font-family:宋体;color:#646464;font-size:14px;">6、截止到2013年12月31日，融资人经审计的报表显示：总资产20.3亿元，净资产9.2亿，资产负债率为55%。总资产中流动资产10.7亿，占比52%。2013年总的销售收入是16亿，净利润1.87亿。毛利率31%，净利润率11.58%。融资人盈利能力较强。&nbsp;</span>', NULL, NULL, 1417595251, 17, 1, 1),
(22, '中融信托-产金3号信托贷款集合资金信托计划', '中融信托', 1, 4, 2, '  300万≤X：【1.3】%', 3, '10.0%-11.0%', '1.5%-2.2%', 2, 2, 3, 1, 24, '1.5亿', '100.00万元', '户名：中融国际信托有限公司 \r\n开户行：招商银行北京世纪城支行 \r\n账号：4519 0001 5810 144', '100万≤X＜300万:10%； \r\n300万≤X：11%；', '【3月24日更新】本期是第9期，本期规模1000万，全大额，未进款，满1000万成立一期，有下期！', '', 75, '', 0, '<span style="line-height:32px;background-color:#ffffff;font-family:宋体;color:#646464;font-size:14px;">规模：1.5亿&nbsp;&nbsp;</span><br />\r\n<span style="line-height:32px;background-color:#ffffff;font-family:宋体;color:#646464;font-size:14px;">期限：24个月&nbsp;&nbsp;</span><br />\r\n<span style="line-height:32px;background-color:#ffffff;font-family:宋体;color:#646464;font-size:14px;">认购起点：100万元&nbsp;&nbsp;</span><br />\r\n<span style="line-height:32px;background-color:#ffffff;font-family:宋体;color:#646464;font-size:14px;">投资者预期年化收益率：&nbsp;&nbsp;</span><br />\r\n<span style="line-height:32px;background-color:#ffffff;font-family:宋体;color:#646464;font-size:14px;">100万≤X＜300万:10%；&nbsp;&nbsp;</span><br />\r\n<span style="line-height:32px;background-color:#ffffff;font-family:宋体;color:#646464;font-size:14px;">300万≤X：11%；&nbsp;&nbsp;</span><br />\r\n<span style="line-height:32px;background-color:#ffffff;font-family:宋体;color:#646464;font-size:14px;">付息方式：半年付息；&nbsp;&nbsp;</span><br />\r\n<span style="line-height:32px;background-color:#ffffff;font-family:宋体;color:#646464;font-size:14px;">资金用途：用于支付重庆中昂星汇项目开发建设及归还股东借款。&nbsp;</span><br />\r\n<span style="line-height:32px;background-color:#ffffff;font-family:宋体;color:#646464;font-size:14px;">还款来源：&nbsp;</span><br />\r\n<span style="line-height:32px;background-color:#ffffff;font-family:宋体;color:#646464;font-size:14px;">1、中昂星汇项目的土地及在建工程抵押，评估价值5.79亿，抵押率43%；&nbsp;</span><br />\r\n<span style="line-height:32px;background-color:#ffffff;font-family:宋体;color:#646464;font-size:14px;">2、集团正在开发的北京门头沟的中昂小时代项目、平谷邑上原著项目、苏州梧桐墅项目等六个项目提供有力的补充还款保障&nbsp;</span><br />\r\n<span style="line-height:32px;background-color:#ffffff;font-family:宋体;color:#646464;font-size:14px;">3、项目公司100%股权质押;&nbsp;</span><br />\r\n<span style="line-height:32px;background-color:#ffffff;font-family:宋体;color:#646464;font-size:14px;">4、中昂集团及其实际控制人易如波、易如庆为到期归还信托本息提供无限连带责任担保。并在项目公司于信托存续期间各支付节点无法足额支付信托本息时承担差额补足义务，同时对项目的开发建设阶段资金缺口承担补足义务。&nbsp;</span><br />\r\n<span style="line-height:32px;background-color:#ffffff;font-family:宋体;color:#646464;font-size:14px;">5、融资方承担资金归集义务，每个还款时点（1年、1.5年、2年）前5个月沉淀应还本息的20%；前3个月沉淀应还本息的50%；前1个月沉淀应还本息的80%。&nbsp;</span><br />\r\n<span style="line-height:32px;background-color:#ffffff;font-family:宋体;color:#646464;font-size:14px;">6、我公司资管二部对项目进行全面监管，确保信托资金在项目公司封闭式运作。&nbsp;&nbsp;&nbsp;</span><br />\r\n<span style="line-height:32px;background-color:#ffffff;font-family:宋体;color:#646464;font-size:14px;">风控措施：&nbsp;</span><br />\r\n<span style="line-height:32px;background-color:#ffffff;font-family:宋体;color:#646464;font-size:14px;">1、中昂星汇项目的土地及在建工程抵押，评估价值5.79亿，抵押率43%；&nbsp;</span><br />\r\n<span style="line-height:32px;background-color:#ffffff;font-family:宋体;color:#646464;font-size:14px;">2、集团正在开发的北京门头沟的中昂小时代项目、平谷邑上原著项目、苏州梧桐墅项目等六个项目提供有力的补充还款保障&nbsp;</span><br />\r\n<span style="line-height:32px;background-color:#ffffff;font-family:宋体;color:#646464;font-size:14px;">3、项目公司100%股权质押;&nbsp;</span><br />\r\n<span style="line-height:32px;background-color:#ffffff;font-family:宋体;color:#646464;font-size:14px;">4、中昂集团及其实际控制人易如波、易如庆为到期归还信托本息提供无限连带责任担保。并在项目公司于信托存续期间各支付节点无法足额支付信托本息时承担差额补足义务，同时对项目的开发建设阶段资金缺口承担补足义务。&nbsp;</span><br />\r\n<span style="line-height:32px;background-color:#ffffff;font-family:宋体;color:#646464;font-size:14px;">5、融资方承担资金归集义务，每个还款时点（1年、1.5年、2年）前5个月沉淀应还本息的20%；前3个月沉淀应还本息的50%；前1个月沉淀应还本息的80%。&nbsp;</span><br />\r\n<span style="line-height:32px;background-color:#ffffff;font-family:宋体;color:#646464;font-size:14px;">6、我公司资管二部对项目进行全面监管，确保信托资金在项目公司封闭式运作。&nbsp;</span>', NULL, NULL, 1417595975, 16, 1, 1),
(48, '中融信托-鑫瑞1号18月', '中融信托', 1, 5, 2, '300万≤X＜1000万 2.20% \r\n1000万≤X    2.20% \r\n', 2, '9.50%-10.00%', '1%-3%', 3, 4, 4, 1, 18, '10', '300', '中融-鑫瑞1号结构化集合资金信托计划（18个月）\r\n募集户名：中融国际信托有限公司\r\n募集银行：哈尔滨银行龙青支行\r\n募集账号：1276 0125 1634 4163 ', '300万≤X＜1000万 9.50% \r\n1000万≤X 10.00% ', '【3月24日更新】该项目持续募集，每周五上午11点封账成立一期。', '', 50, '', 1, '<table border="0" cellspacing="0" cellpadding="0" width="100%">\r\n	<tbody>\r\n		<tr>\r\n			<td width="15%">\r\n				产品名称\r\n			</td>\r\n			<td width="30%">\r\n				中融信托-鑫瑞1号结构化集合资金信托计划（18个月）\r\n			</td>\r\n			<td width="15%">\r\n				产品状态\r\n			</td>\r\n			<td width="30%">\r\n				正常\r\n			</td>\r\n		</tr>\r\n		<tr>\r\n			<td>\r\n				发行机构\r\n			</td>\r\n			<td>\r\n				中融信托\r\n			</td>\r\n			<td>\r\n				本期起售日\r\n			</td>\r\n			<td>\r\n				2015/03/09\r\n			</td>\r\n		</tr>\r\n		<tr>\r\n			<td>\r\n				产品期限\r\n			</td>\r\n			<td>\r\n				18 个月\r\n			</td>\r\n			<td>\r\n				付息方式\r\n			</td>\r\n			<td>\r\n				按年付息\r\n			</td>\r\n		</tr>\r\n		<tr>\r\n			<td>\r\n				产品类别\r\n			</td>\r\n			<td>\r\n				信托产品\r\n			</td>\r\n			<td>\r\n				投资领域\r\n			</td>\r\n			<td>\r\n				资金池\r\n			</td>\r\n		</tr>\r\n		<tr>\r\n			<td>\r\n				规模\r\n			</td>\r\n			<td>\r\n				10 亿\r\n			</td>\r\n			<td>\r\n				认购起点\r\n			</td>\r\n			<td>\r\n				300 万元\r\n			</td>\r\n		</tr>\r\n		<tr>\r\n			<td>\r\n				抵/质押率\r\n			</td>\r\n			<td style="color:black;">\r\n				无抵押\r\n			</td>\r\n			<td>\r\n				投资区域\r\n			</td>\r\n			<td>\r\n				<span style="line-height:20px;font-size:16px;">黑龙江 哈尔滨</span> \r\n			</td>\r\n		</tr>\r\n		<tr>\r\n			<td>\r\n				募集账号<br />\r\n			</td>\r\n			<td colspan="3">\r\n				<div style="text-align:left;">\r\n					中融-鑫瑞1号结构化集合资金信托计划（18个月）募集户名：中融国际信托有限公司募集银行：哈尔滨银行龙青支行募集账号：1276 0125 1634 4163\r\n				</div>\r\n			</td>\r\n		</tr>\r\n		<tr>\r\n			<td>\r\n				融资主体\r\n			</td>\r\n			<td colspan="3">\r\n				中融国际信托有限公司\r\n			</td>\r\n		</tr>\r\n		<tr>\r\n			<td>\r\n				资金用途\r\n			</td>\r\n			<td colspan="3">\r\n				信托资金投向民生工程、能源、文化产业等优质行业的优质企业及项目，通过债权、股权、收益权、债权加股权等组合方投资，或通过以有限合伙人身份加入有限合伙企业、投资信托受益权等方式投资于其他风险可控的项目及产品。资金闲置期间也可以用于银行存款、货币市场基金、债券等金融产品。\r\n			</td>\r\n		</tr>\r\n		<tr>\r\n			<td>\r\n				还款来源\r\n			</td>\r\n			<td colspan="3">\r\n				1、由中融信托，项目方及票务公司签署《三方账户监管协议》，将票务收入作为第一还款来源； 2、公司日常经营收入作为第二还款来源以保障融资方本息的偿还。\r\n			</td>\r\n		</tr>\r\n		<tr>\r\n			<td>\r\n				风控措施\r\n			</td>\r\n			<td colspan="3">\r\n				1、结构化安排：本信托计划整体采用优先、次级结构化设计，优先保障优先级委托人利益实现。 2、流动性支持：信托计划存续期间，受托人认为信托财产专户内的现金资产不足以支付相关费用、信托收益、信托利益时，次级受益人应随时按照受托人要求追加自有资金增持次级信托单位。 3、多重风控手段：股权投资类：业绩承诺、回购承诺、资金监管债权投资类：抵/质押物、连带责任担保、贷后检查 4、全面监管：受托人将委派监管人员进行全面监管，对项目资金监管和风险控制，管理公司所有证照和印鉴，并对相关事宜拥有一票否决权。\r\n			</td>\r\n		</tr>\r\n		<tr>\r\n			<td>\r\n				补充说明\r\n			</td>\r\n			<td colspan="3">\r\n				<div style="text-align:left;">\r\n					产品亮点： 1、结构化设计：中融兜底，最大化降低项目投资和管理风险。 2、期限灵活、收益较高、成立时间固定：该项目有二种期限，供投资者选择，投资者可根据自身资金情况，选择适合自己的产品。且每档产品的收益高于市场上同期限产品。该项目每周五固定成立。 3、投资方向为国家重点投资领域：在国家“十二五”规划和新型城镇化战略的大方针下，基建、新能源、新文化等产业面临巨大的市场投资机遇，行业有望迎来新的发展契机。 4、投资方式多样化：通过债权、股权、收益权、债权加股权等组合方投资，或投资信托受益权等方式投资于其他风险可控的项目及产品。资金闲置期间也可以用于银行存款、货币市场基金、债券等金融产品。\r\n				</div>\r\n			</td>\r\n		</tr>\r\n	</tbody>\r\n</table>', NULL, NULL, 1426055838, 32, 1, 1),
(24, '方正东亚-邵阳城投集合资金信托计划', '方正东亚', 1, 3, 2, '100万≤X＜300万:【2.2】%  300万≤X＜1000万:【2.2】% ', 3, '9.2%-10.2%', '2.2%-2.2%', 1, 1, 3, 1, 24, '5亿', '100.00万元', '方正东亚﹒邵阳城投集合资金信托计划 \r\n账户名称：方正东亚信托有限责任公司 \r\n开户银行： 华夏银行股份有限公司武汉硚口支行 \r\n账 号：11160000000317365 \r\n大额支付行号：304521042297', '100万≤X＜300万:【9.2】% \r\n300万≤X＜1000万:【9.7】% ', '【3月24日更新】本期是第十五期，本期规模2000万（剩余额度6350万），已进款1000万，无论进款多少，本周四下午5点封账走成立流程，无下一期！ \r\n', '', 10, '', 0, '<span style="line-height:32px;background-color:#ffffff;font-family:宋体;color:#646464;font-size:14px;">基本要素：&nbsp;</span><br />\r\n<span style="line-height:32px;background-color:#ffffff;font-family:宋体;color:#646464;font-size:14px;">规模：5亿&nbsp;</span><br />\r\n<span style="line-height:32px;background-color:#ffffff;font-family:宋体;color:#646464;font-size:14px;">期限：24个月&nbsp;</span><br />\r\n<span style="line-height:32px;background-color:#ffffff;font-family:宋体;color:#646464;font-size:14px;">认购起点：100万元&nbsp;</span><br />\r\n<span style="line-height:32px;background-color:#ffffff;font-family:宋体;color:#646464;font-size:14px;">投资者预期年化收益率：&nbsp;</span><br />\r\n<span style="line-height:32px;background-color:#ffffff;font-family:宋体;color:#646464;font-size:14px;">100万≤X＜300万:9.2%&nbsp;</span><br />\r\n<span style="line-height:32px;background-color:#ffffff;font-family:宋体;color:#646464;font-size:14px;">300万≤X＜1000万:9.7%&nbsp;</span><br />\r\n<span style="line-height:32px;background-color:#ffffff;font-family:宋体;color:#646464;font-size:14px;">付息方式：按季付息&nbsp;</span><br />\r\n<span style="line-height:32px;background-color:#ffffff;font-family:宋体;color:#646464;font-size:14px;">融资方:邵阳城投是经邵阳市人民政府批准设立的国有独资公司，注册资本5亿元人民币，由邵阳市人民政府国有资产监督管理委员会履行出资人职责。截止2013年12月，该公司总资产达297.6亿元，资产实力雄厚，履约能力较强。&nbsp;</span><br />\r\n<span style="line-height:32px;background-color:#ffffff;font-family:宋体;color:#646464;font-size:14px;">资金投向：购买邵阳市城市建设投资经营集团有限公司（以下简称“邵阳城投”）持有的邵阳市两路项目建设公司应收债权6.3亿元,最终用于邵阳市小江湖半岛棚户区改造一期保障房住房项目。&nbsp;</span><br />\r\n<br />\r\n<span style="line-height:32px;background-color:#ffffff;font-family:宋体;color:#646464;font-size:14px;">风控措施：&nbsp;</span><br />\r\n<span style="line-height:32px;background-color:#ffffff;font-family:宋体;color:#646464;font-size:14px;">1、抵押物优质：邵阳城投提供国有土地使用权抵押担保，总面积548729.58㎡，武汉国佳房地资产评估有限公司口评市场价值为91624.93万元。&nbsp;</span><br />\r\n<span style="line-height:32px;background-color:#ffffff;font-family:宋体;color:#646464;font-size:14px;">2、保证人保证能力：邵阳市金土地投资开发有限公司成立于2010年8月，注册资本金1亿元人民币，由邵阳城投出资组建，是邵阳市城区唯一的土地一级开发商。截止2013年12月，该公司总资产达17.5亿元，经营状况良好，保证能力较强。&nbsp;</span>', NULL, NULL, 1417596386, 15, 1, 1),
(25, '陆家嘴信托-武进交发3号应收账款投资集合资金信托计划', '陆家嘴信托', 1, 3, 2, '100万≤X＜300万：【1.8】%  300万≤X＜5000万：【1.6】%  5000万≤X：【1】%', 2, '9.0%-9.8%', '1.0%-1.8%', 3, 1, 3, 1, 24, '3.3亿', '100.00万元', '陆家嘴信托-常州武进交发募集账户： \r\n账户名：陆家嘴国际信托有限公司 \r\n账 号：69080153900000129 \r\n开户行：上海浦东发展银行青岛分行福州路支行 \r\n大额支付行号：310452000017 ', '100万≤X＜300万：【9.0】% \r\n300万≤X＜5000万：【9.5】% \r\n5000万≤X：【9.8】%', '【3月24日更新】募集结束！', '', 100, '', 0, '<span style="line-height:32px;background-color:#ffffff;font-family:宋体;color:#646464;font-size:14px;">基本要素：&nbsp;</span><br />\r\n<span style="line-height:32px;background-color:#ffffff;font-family:宋体;color:#646464;font-size:14px;">规模：3.3亿&nbsp;</span><br />\r\n<span style="line-height:32px;background-color:#ffffff;font-family:宋体;color:#646464;font-size:14px;">期限：24个月&nbsp;</span><br />\r\n<span style="line-height:32px;background-color:#ffffff;font-family:宋体;color:#646464;font-size:14px;">认购起点：100万元&nbsp;</span><br />\r\n<span style="line-height:32px;background-color:#ffffff;font-family:宋体;color:#646464;font-size:14px;">投资者预期年化收益率：&nbsp;</span><br />\r\n<span style="line-height:32px;background-color:#ffffff;font-family:宋体;color:#646464;font-size:14px;">100万≤X＜300万：9.0%&nbsp;</span><br />\r\n<span style="line-height:32px;background-color:#ffffff;font-family:宋体;color:#646464;font-size:14px;">300万≤X＜5000万：9.5%&nbsp;</span><br />\r\n<span style="line-height:32px;background-color:#ffffff;font-family:宋体;color:#646464;font-size:14px;">5000万≤X：9.8%&nbsp;</span><br />\r\n<span style="line-height:32px;background-color:#ffffff;font-family:宋体;color:#646464;font-size:14px;">付息方式：按年付息&nbsp;</span><br />\r\n<span style="line-height:32px;background-color:#ffffff;font-family:宋体;color:#646464;font-size:14px;">融资方：常州市武进交通产业发展有限公司&nbsp;</span><br />\r\n<span style="line-height:32px;background-color:#ffffff;font-family:宋体;color:#646464;font-size:14px;">资金投向：信托资金用于受让武进交发因投资建设凤苑北路及其相关道路工程项目、环湖东路（西湖路-武进大道）和武进大道西延伸工程项目以及戚横公路改移工程项目而对武进交通局享有的40,859.7万元应收账款；武进交发将获得的标的应收账款转让价款用于武澄路（232省道-江阴界）改造工程项目的建设。&nbsp;</span><br />\r\n<br />\r\n<span style="line-height:32px;background-color:#ffffff;font-family:宋体;color:#646464;font-size:14px;">还款来源分析：&nbsp;</span><br />\r\n<span style="line-height:32px;background-color:#ffffff;font-family:宋体;color:#646464;font-size:14px;">政府安排的财政资金：根据陆家嘴信托、武进区交通运输局和武进交发三方签署《应收账款及转让合同》并将按照约定的时间及金额支付回购款项，&nbsp;2013年武进地区的公共财政预算收入为125.84亿元，2014年武进区对于公共财政预算收入的目标为增长8%，即135.9亿元，信托回购价款支付有保障。&nbsp;</span><br />\r\n<br />\r\n<span style="line-height:32px;background-color:#ffffff;font-family:宋体;color:#646464;font-size:14px;">风控措施：&nbsp;</span><br />\r\n<span style="line-height:32px;background-color:#ffffff;font-family:宋体;color:#646464;font-size:14px;">1、受让应收账款债权：武进交发因投资建设凤苑北路及其相关道路工程项目、环湖东路（西湖路-武进大道）和武进大道西延伸工程项目以及戚横公路改移工程项目而对武进交通局享有的40,859.7万元应收账款，并在人民银行系统中办理应收账款转让登记。&nbsp;</span><br />\r\n<span style="line-height:32px;background-color:#ffffff;font-family:宋体;color:#646464;font-size:14px;">2、超强实力国企担保：“武进经发”提供不可撤销的连带责任保证担保。截至2013年12月31日，武进经发总资产872.56亿元，根据上海新世纪资信评估投资服务有限公司2014年6月出具的跟踪评级报告，江苏武进经济发展集团有限公司主体长期信用评级为AA+。&nbsp;</span><br />\r\n<span style="line-height:32px;background-color:#ffffff;font-family:宋体;color:#646464;font-size:14px;">3、政府财政资金充足：2013年武进区全年完成地区生产总值1700亿元，同比增长11%。全年公共财政预算收入实际完成125.84亿元，比上年增收8.8亿元，同比增长7.51%。其中：国税部门组织收入29.26亿元，同比增长15.09%；地税部门组织收入75.21亿元，同比增长8%；财政及其他部门组织收入21.37亿元，同比下降2.77%。全口径财政收入完成355.18亿元，同比增长5.04%。&nbsp;</span><br />\r\n<br />\r\n<span style="line-height:32px;background-color:#ffffff;font-family:宋体;color:#646464;font-size:14px;">融资方简介：&nbsp;</span><br />\r\n<span style="line-height:32px;background-color:#ffffff;font-family:宋体;color:#646464;font-size:14px;">常州市武进交通产业发展有限公司（简称“武进交发”）：成立于2004年11月25日，注册资本3.6亿元人民币，法定代表人谈胜。武进交发为国有法人独资公司，由常州市武进城市建设投资有限责任公司全资控股。公司主营范围包括：区政府授权范围内国有资产的经营管理；从事交通运输及相关产业的投资；从事交通基础设施建设的投资、资产经营管理。武进交发是常州市武进区城市交通基础建设的主要投资主体，负责围绕武进交通基础设施建设，通过土地资源的运作和盘活政府存量资产，积极筹措建设资金，完成城市交通基础建设任务。截至2014年9月底，武进交发总资产172.41亿。</span>', NULL, NULL, 1417596530, 14, 1, 1),
(26, '四川信托—上海明宝信托流动资金贷款集合资金信托计划', '四川信托', 1, 4, 2, '100万≤X＜300万：【1】%  200万≤X600万：【1.1】%  600万≤X：【1.1】%', 3, '10.0%-11.0%', '1.0%-1.1%', 3, 4, 3, 1, 18, '4.8亿', '100.00万元', '开户银行：兴业银行成都分行营业部 \r\n账户名：四川信托有限公司 \r\n银行账号：4310 2010 0100 6016 27', '100万≤X＜300万：10% \r\n300万≤X600万：10.5% \r\n600万≤X：11%', '【3月24日更新】二期12月31日成立，三期打款中，5000万成立一期！进款3000万，打满成立一期，有下一期！', '', 60, '', 0, '<span style="line-height:32px;background-color:#ffffff;font-family:宋体;color:#646464;font-size:14px;">基本要素：&nbsp;&nbsp;&nbsp;</span><br />\r\n<span style="line-height:32px;background-color:#ffffff;font-family:宋体;color:#646464;font-size:14px;">规模：4.8亿&nbsp;&nbsp;&nbsp;</span><br />\r\n<span style="line-height:32px;background-color:#ffffff;font-family:宋体;color:#646464;font-size:14px;">期限：18个月&nbsp;&nbsp;&nbsp;</span><br />\r\n<span style="line-height:32px;background-color:#ffffff;font-family:宋体;color:#646464;font-size:14px;">认购起点：100万元&nbsp;&nbsp;&nbsp;</span><br />\r\n<span style="line-height:32px;background-color:#ffffff;font-family:宋体;color:#646464;font-size:14px;">投资者预期年化收益率：&nbsp;&nbsp;&nbsp;</span><br />\r\n<span style="line-height:32px;background-color:#ffffff;font-family:宋体;color:#646464;font-size:14px;">100万≤X＜300万：10%&nbsp;&nbsp;&nbsp;</span><br />\r\n<span style="line-height:32px;background-color:#ffffff;font-family:宋体;color:#646464;font-size:14px;">300万≤X600万：10.5%&nbsp;&nbsp;&nbsp;</span><br />\r\n<span style="line-height:32px;background-color:#ffffff;font-family:宋体;color:#646464;font-size:14px;">600万≤X：11%&nbsp;&nbsp;</span><br />\r\n<span style="line-height:32px;background-color:#ffffff;font-family:宋体;color:#646464;font-size:14px;">付息方式：按年付息&nbsp;&nbsp;</span><br />\r\n<span style="line-height:32px;background-color:#ffffff;font-family:宋体;color:#646464;font-size:14px;">资金用途：用于向上海明宝发放流动资金贷款。&nbsp;</span><br />\r\n<span style="line-height:32px;background-color:#ffffff;font-family:宋体;color:#646464;font-size:14px;">还款来源：上海明宝、保证人上海鑫泰经营收入。&nbsp;</span><br />\r\n<span style="line-height:32px;background-color:#ffffff;font-family:宋体;color:#646464;font-size:14px;">风险控制措施：&nbsp;</span><br />\r\n<span style="line-height:32px;background-color:#ffffff;font-family:宋体;color:#646464;font-size:14px;">1、房产抵押。&nbsp;</span><br />\r\n<span style="line-height:32px;background-color:#ffffff;font-family:宋体;color:#646464;font-size:14px;">上海鑫泰及上海鹏晖将其持有的位于凯滨路19弄、18弄共28套住宅（面积为11,803.84平方米）提供抵押（抵押率不超过50%）。根据世联评估的评估报告，上述抵押物评估值为102758万元，抵押率不超过50%。（详见评估报告）。&nbsp;</span><br />\r\n<span style="line-height:32px;background-color:#ffffff;font-family:宋体;color:#646464;font-size:14px;">2、连带责任担保：&nbsp;</span><br />\r\n<span style="line-height:32px;background-color:#ffffff;font-family:宋体;color:#646464;font-size:14px;">（1）恒盛地产控股有限公司为上海明宝偿还贷款本息提供连带责任担保；&nbsp;</span><br />\r\n<span style="line-height:32px;background-color:#ffffff;font-family:宋体;color:#646464;font-size:14px;">（2）上海鑫泰房地产发展有限公司（“上海鑫泰”）为上海明宝偿还贷款本息提供连带责任担保；&nbsp;</span><br />\r\n<span style="line-height:32px;background-color:#ffffff;font-family:宋体;color:#646464;font-size:14px;">3、还款保证金：&nbsp;</span><br />\r\n<span style="line-height:32px;background-color:#ffffff;font-family:宋体;color:#646464;font-size:14px;">在我司信托计划存续期间，如上海鑫泰、上海鹏晖需要解压抵押物的，需按照解压保证金不低于拟解押抵押物评估价值×50%打入我司信托专户。&nbsp;</span><br />\r\n<span style="line-height:32px;background-color:#ffffff;font-family:宋体;color:#646464;font-size:14px;">4、资金归集：&nbsp;</span><br />\r\n<span style="line-height:32px;background-color:#ffffff;font-family:宋体;color:#646464;font-size:14px;">上海明宝应在各期信托计划期限届满前3个月开始实行资金归集。&nbsp;</span>', NULL, NULL, 1417596678, 13, 1, 1),
(27, '厦门信托-昌泰纸业1403号流动资金贷款', '厦门信托', 1, 1, 2, '100万≤X＜300万：【1.2】%  300万≤X：【1.1】%', 2, '9.0%-10.0%', '1.1%-1.2%', 1, 4, 3, 1, 12, '1亿', '100.00万元', '户名：厦门国际信托有限公司 \r\n账号：1296 8010 0100 4775 51 \r\n募集银行：兴业银行厦门分行营业部 \r\n备注：xx认购厦信-昌泰纸业‘1403’', '100万≤X＜300万：9% \r\n300万≤X：10%', '【3月24日更新】二期打款中，进款800万，每期1000万，预计周五下午两点封账成立！有下期！！', '', 80, '', 0, '<span style="line-height:32px;background-color:#ffffff;font-family:宋体;color:#646464;font-size:14px;">基本要素：&nbsp;&nbsp;&nbsp;</span><br />\r\n<span style="line-height:32px;background-color:#ffffff;font-family:宋体;color:#646464;font-size:14px;">规模：1亿&nbsp;&nbsp;&nbsp;</span><br />\r\n<span style="line-height:32px;background-color:#ffffff;font-family:宋体;color:#646464;font-size:14px;">期限：12个月&nbsp;&nbsp;&nbsp;</span><br />\r\n<span style="line-height:32px;background-color:#ffffff;font-family:宋体;color:#646464;font-size:14px;">认购起点：100万元&nbsp;&nbsp;&nbsp;</span><br />\r\n<span style="line-height:32px;background-color:#ffffff;font-family:宋体;color:#646464;font-size:14px;">投资者预期年化收益率：&nbsp;&nbsp;&nbsp;</span><br />\r\n<span style="line-height:32px;background-color:#ffffff;font-family:宋体;color:#646464;font-size:14px;">100万≤X＜300万：9%&nbsp;&nbsp;&nbsp;</span><br />\r\n<span style="line-height:32px;background-color:#ffffff;font-family:宋体;color:#646464;font-size:14px;">300万≤X：10%&nbsp;&nbsp;&nbsp;</span><br />\r\n<span style="line-height:32px;background-color:#ffffff;font-family:宋体;color:#646464;font-size:14px;">付息方式：按季付息&nbsp;&nbsp;&nbsp;</span><br />\r\n<span style="line-height:32px;background-color:#ffffff;font-family:宋体;color:#646464;font-size:14px;">资金投向：向河北昌泰纸业发放信托贷款，用亍补充企业流劢性需求！&nbsp;&nbsp;</span><br />\r\n<span style="line-height:32px;background-color:#ffffff;font-family:宋体;color:#646464;font-size:14px;">风控措施：&nbsp;&nbsp;</span><br />\r\n<span style="line-height:32px;background-color:#ffffff;font-family:宋体;color:#646464;font-size:14px;">1、&nbsp;河北昌泰纸业有限公司经营性收入；2014&nbsp;年截至&nbsp;5&nbsp;月底已实现营业收入&nbsp;16.68&nbsp;亿元，净利润&nbsp;2.55&nbsp;亿元，按照&nbsp;2014&nbsp;年前&nbsp;5&nbsp;个月生产销售情况预&nbsp;计，2014&nbsp;年全年销售收入可达&nbsp;42.6&nbsp;亿元，&nbsp;2015&nbsp;年和&nbsp;2016&nbsp;年销售收入均可达&nbsp;44.4&nbsp;亿元。&nbsp;&nbsp;</span><br />\r\n<span style="line-height:32px;background-color:#ffffff;font-family:宋体;color:#646464;font-size:14px;">2、&nbsp;河北昌泰纸业自有资金。&nbsp;&nbsp;</span><br />\r\n<span style="line-height:32px;background-color:#ffffff;font-family:宋体;color:#646464;font-size:14px;">3、无限连带责任担保：河北融投担保集团有限公司提供无限连带责任担保。&nbsp;&nbsp;</span><br />\r\n<span style="line-height:32px;background-color:#ffffff;font-family:宋体;color:#646464;font-size:14px;">4、昌泰纸业实际控制人及其配偶、提供无限连带责任保证担保！&nbsp;&nbsp;</span><br />\r\n<span style="line-height:32px;background-color:#ffffff;font-family:宋体;color:#646464;font-size:14px;">融资方-河北昌泰纸业有限公司介绍：&nbsp;&nbsp;</span><br />\r\n<span style="line-height:32px;background-color:#ffffff;font-family:宋体;color:#646464;font-size:14px;">河北昌泰纸业有限公司，成立亍2010年8月18日，2013年6月21日投产，公司注册资金8亿元人民币，现有职工890人。公司地址位亍河北省，造纸工业园区占地面积930亩，投资35亿元人民币建设造纸热电联产项目，是2011年河北省重点建设项目。公司两条生产线分别亍2013年6月底和2013年7月中旬全部投产，目前生产、销售&nbsp;运营正常。公司年生产能力80万吨，产能位居河北省造纸行业第一位，其中特种纸（石膏板护面纸）产能位居&nbsp;全国第一位，具有很好的经济效益和社会效益。截止2013年底，公司资产总额481,886.49万元，负债总额238,856.66万元，资产负债率为49.57%。与行业正常水平相近，资产负债率较为合理，偿债能力有保障。2013年公司毛利率为23.12%，销售净利润率为11.34%，盈利能力较强。随着新项目的投产和产能的提高，公司的盈利将有进一步的提升空间。</span>', NULL, NULL, 1417596812, 12, 1, 1),
(29, '渤海信托-信阳毛尖集团信托计划', '渤海信托', 1, 1, 2, '100万≤X＜300万:【2】%  300万≤X＜800万:【2】%  800万≤X：协议', 3, '10.0%-11.0%', '2.0%-2.0%', 2, 4, 1, 1, 24, '1亿', '100.00万元', '账户名：渤海国际信托有限公司 \r\n开户行：兴业银行石家庄新石中路支行 \r\n账号：572070 1001001 34922', '100万≤X＜300万:10%； \r\n300万≤X＜800万:10.5%； \r\n800万≤X：11%', '【3月24日更新】火爆打款中！打款送信阳毛尖！进款1800万，满3000万成立！有下期！', '', 60, '', 0, '<span style="line-height:32px;background-color:#ffffff;font-family:宋体;color:#646464;font-size:14px;">规模：1亿&nbsp;&nbsp;</span><br />\r\n<span style="line-height:32px;background-color:#ffffff;font-family:宋体;color:#646464;font-size:14px;">期限：24个月&nbsp;&nbsp;</span><br />\r\n<span style="line-height:32px;background-color:#ffffff;font-family:宋体;color:#646464;font-size:14px;">认购起点：100万元&nbsp;&nbsp;</span><br />\r\n<span style="line-height:32px;background-color:#ffffff;font-family:宋体;color:#646464;font-size:14px;">投资者预期年化收益率：&nbsp;&nbsp;</span><br />\r\n<span style="line-height:32px;background-color:#ffffff;font-family:宋体;color:#646464;font-size:14px;">100万≤X＜300万:10%；&nbsp;&nbsp;</span><br />\r\n<span style="line-height:32px;background-color:#ffffff;font-family:宋体;color:#646464;font-size:14px;">300万≤X＜800万:10.5%；&nbsp;&nbsp;</span><br />\r\n<span style="line-height:32px;background-color:#ffffff;font-family:宋体;color:#646464;font-size:14px;">800万≤X：11%&nbsp;</span><br />\r\n<span style="line-height:32px;background-color:#ffffff;font-family:宋体;color:#646464;font-size:14px;">付息方式：半年付息；&nbsp;&nbsp;</span><br />\r\n<span style="line-height:32px;background-color:#ffffff;font-family:宋体;color:#646464;font-size:14px;">资金用途：用于受让信阳毛尖集团享有的对五云茶叶科技公司的股权收益权，最终用于茶树林地的流转。&nbsp;</span><br />\r\n<span style="line-height:32px;background-color:#ffffff;font-family:宋体;color:#646464;font-size:14px;">还款来源：&nbsp;</span><br />\r\n<span style="line-height:32px;background-color:#ffffff;font-family:宋体;color:#646464;font-size:14px;">信阳毛尖集团的经营收入。&nbsp;&nbsp;&nbsp;&nbsp;&nbsp;&nbsp;&nbsp;&nbsp;&nbsp;&nbsp;</span><br />\r\n<span style="line-height:32px;background-color:#ffffff;font-family:宋体;color:#646464;font-size:14px;">增信措施：&nbsp;</span><br />\r\n<span style="line-height:32px;background-color:#ffffff;font-family:宋体;color:#646464;font-size:14px;">1、由AA发债企业信阳市弘昌管道燃气工程有限责任公司提供连带责任保证担保；&nbsp;</span><br />\r\n<span style="line-height:32px;background-color:#ffffff;font-family:宋体;color:#646464;font-size:14px;">2、融资方及担保方实际控制人陈四强提供连带责任保证担保；&nbsp;</span><br />\r\n<span style="line-height:32px;background-color:#ffffff;font-family:宋体;color:#646464;font-size:14px;">3、河南信阳五云茶叶科技发展有限公司100%股权质押。&nbsp;</span><br />\r\n<span style="line-height:32px;background-color:#ffffff;font-family:宋体;color:#646464;font-size:14px;">产品优势：&nbsp;</span><br />\r\n<span style="line-height:32px;background-color:#ffffff;font-family:宋体;color:#646464;font-size:14px;">1、“全国茶行业百强企业”第10名，信阳毛尖的龙头企业，名下的“龙潭”商标为中国驰名商标。&nbsp;</span><br />\r\n<span style="line-height:32px;background-color:#ffffff;font-family:宋体;color:#646464;font-size:14px;">2、担保方弘昌燃气是信阳市最大的从事燃气、电力的综合性企业，占据信阳地区天然气市场份额的70%。公司于2013年发行公司债券，债券等级为AA，主体评级为AA-，公司经营稳健，信用风险低。&nbsp;</span><br />\r\n<span style="line-height:32px;background-color:#ffffff;font-family:宋体;color:#646464;font-size:14px;">3、信托期限内，信阳毛尖集团预计可实现营业收入约20亿元，根据目前负债情况，信托期限内需偿还的借款仅为2.7亿元，还款来源充足。&nbsp;&nbsp;</span>', NULL, NULL, 1417597265, 11, 1, 1),
(44, '财通资产-大丰华丰特定多个客户专项资产管理计划', '上海财通资产管理有限公司', 2, 3, 2, '100万≤X＜300万:【2.8】%； \r\n300万≤X＜600万:【2.2】%； \r\n600万≤X:【1.5】%', 3, '9.8%-10.5%', '1%-3%', 2, 1, 1, 1, 24, '3', '100', '【财通资产-盐城斗龙港资管募集账户】\r\n账户名称：上海财通资产管理有限公司\r\n银行账号：03002107154\r\n开户银行：上海银行虹口支行', 'A类：100万元≤认购金额＜300万元 9.8%/年\r\nB类：300万元≤认购金额＜600万元 10.2%/年\r\nC类：600万元≤认购金额 10.5%/年', '【3月24日更新】打款募集中！', '', 10, '', 1, '<p>\r\n	<span style="font-size:14px;">财通资产-盐城斗龙港资管产品简介</span><br />\r\n<span style="font-size:14px;">【计划名称】财通资产-大丰华丰特定多个客户专项资产管理计划</span><br />\r\n<span style="font-size:14px;">【融资人】大丰市华丰投资发展有限公司（简称“大丰华丰”）</span><br />\r\n<span style="font-size:14px;">【担保人】大丰市城建国有资产经营有限公司（简称“大丰城建”）</span><br />\r\n<span style="font-size:14px;">【管理人】上海财通资产管理有限公司</span><br />\r\n<span style="font-size:14px;">【总规模】3亿（可分期）</span><br />\r\n<span style="font-size:14px;">【期限】2年</span><br />\r\n<span style="font-size:14px;">【预期年化收益率】A类：100万元≤认购金额＜300万元 预期收益率9.8%/年</span><br />\r\n<span style="font-size:14px;">B类：300万元≤认购金额＜600万元 预期收益率10.2%/年</span><br />\r\n<span style="font-size:14px;">C类：600万元≤认购金额 预期收益率10.5%/年</span><br />\r\n<span style="font-size:14px;">【收益分配方式】【每半年分配预期收益，到期兑付本金和剩余预期收益】</span><br />\r\n<span style="font-size:14px;">【资金用途】盐城大丰市斗龙港水上公园工程项目建设</span><br />\r\n<span style="font-size:14px;">【还款来源】项目代建款/借款人营业收入/担保人代偿</span><br />\r\n<span style="font-size:14px;">【风控措施】</span><br />\r\n<span style="font-size:14px;">1、保证担保</span><br />\r\n<span style="font-size:14px;">大丰市城建国有资产经营有限公司为融资人按期、足额偿</span><span style="font-size:14px;"></span><span style="font-size:14px;">还资管计划本息提供不可撤销的连带责任保证担保。</span><br />\r\n<span style="font-size:14px;">2、政府支持</span><br />\r\n<span style="font-size:14px;">政府及管委会对于本资管计划提供双重支持。</span> \r\n</p>\r\n<span style="font-size:14px;">【项目亮点】</span><br />\r\n<span style="font-size:14px;">1、项目所在地的区位优势、地方财政实力</span><br />\r\n<span style="font-size:14px;">大丰市地处江苏省东部沿海地区，与南部东台市共享“金东台•银大丰”之美誉。2014年全国百强县市排名54位，2013年大丰市地区生产总值443.52亿元，财政总收入1,275,511 万元，一般预算财政收入500,666 万元，在江苏各县市排名14位，位列中上游，财政实力较强，政府负债率较低，截止2013年11月份，大丰市政府债务率仅为36.74%，远低于地方政府100%债务率的警戒线；负债率仅8.8%，远低于20%的警戒线。</span><br />\r\n<span style="font-size:14px;">2、融资方-大丰华丰，国有独资公司，注册资本2.5亿，总资产21亿，负债率低，仅26%。</span><br />\r\n<span style="font-size:14px;">3、担保方实力优势</span><br />\r\n<span style="font-size:14px;">担保方大丰市城建国有资产经营有限公司是大丰市级平台，由大丰市人民政府100%出资成立，公司得到大丰市政府在资产注入、政府补贴方面给予的支持，公司资产规模增长，资本实力得到加强。公司主体长期信用等级维持为AA 级，债券信用评级AA+,2013年公司总资产164亿，担保能力强。</span><br />\r\n<span style="font-size:14px;">4、市政府及管委会对本项目大力支持。【管理人-财通资产简介】</span><br />\r\n<span style="font-size:14px;">上海财通资产管理有限公司（以下简称“财通资产”）为财通基金控股的资产管理子公司，成立于2013年6月3日，注册地为上海市，办公地址位于上海陆家嘴金融区，是由中国证监会许可经营特定客户资产管理业务以及其它许可业务的金融机构。</span><br />\r\n<span style="font-size:14px;">财通资产的核心管理层和业务团队均来自于国内知名信托、银行、证券、基金等金融机构，在母公司财通基金的全力支持下，财通资产已建立起相对完备的风险管理体系、投资管理体系、市场营销体系和运营服务体系，为业务健康运行提供良好的机制保证。强有力的股东支持、充沛的人力资源配置以及科学的激励与约束机制，为财通资产的发展奠定了良好的基础。</span><br />\r\n<span style="font-size:14px;">财通资产控股股东财通基金管理有限公司注册资本2亿元，总部位于上海，秉承“持有人利益至上”的核心价值观，力争为客户实现长期持续的累积收益。截止2013年3月末，财通基金的公募资产规模在2010年以来成立的10多家可比的基金公司中位列第2。财通基金以专户业务在市场上的卓越表现，已形成以专户为特色业务的战略布局。财通基金被理财周报评为“2012中国最具发展潜力基金公司”。</span><br />\r\n<span style="font-size:14px;">财通基金第一大股东为浙江省直属国有企业财通证券有限责任公司，财通证券前身为浙江省财政证券公司，注册资本为人民币14亿元，控股股东为浙江省金融控股有限公司，持股比例为60.96%，截至2012年12月31日，财通证券分布在北京、上海、深圳、福州、青岛、大连、南京、无锡、重庆等城市及浙江省共52家证券营业部及4家控股子公司，共有员工2200余人。2007年6月29日, 浙江省委、省政府明确公司为省直属国有企业，由省政府授权省国资委监管。2011年1月，公司由浙江省政府授权浙江省财政厅监管。财通证券同时控股国内知名机构永安期货股份有限公司。</span><br />\r\n<span style="font-size:14px;">浙江省金融控股有限公司由浙江省政府投资设立，注册资本120亿元。公司全资及控股和参股企业共10家，主要开展金融类股权投资、政府性股权投资基金管理及资产管理等业务。省金融控股有限公司成立后，按照“地方财政+金融资本”的模式，通过对一系列子公司的战略管理，为浙江打造区域金融中心、建设金融强省服务。公司将通过对全省战略金融资源的经营管理，打造高端金融控股平台，吸引各类金融要素资源向浙江集聚，着力培育多元化、多层次的金融机构体系和金融市场体系，做大做强地方金融产业，切实增强金融服务实体经济的能力，推动全省经济持续平稳较快发展。</span>', NULL, NULL, 1421817160, 29, 1, 1);
INSERT INTO `db_caifu_product` (`id`, `name`, `issuer`, `category`, `investment`, `expenses_area`, `expenses`, `yield`, `yield_year`, `fee_scale`, `interest`, `area`, `size`, `status`, `lifetime`, `scale`, `threshold`, `account`, `income`, `progress`, `download`, `progress_percent`, `size_intro`, `earning`, `content`, `total_money`, `now_money`, `post_time`, `listorder`, `isshow`, `iscommend`) VALUES
(34, '财通资产-四川天府新区拆迁安置房特定多个客户专项资产管理计划', '财通资产', 2, 3, 2, '100万≤X＜300万:【1.5】%； \r\n300万≤X＜600万:【1.2】%； \r\n600万≤X:【1.0】% \r\n', 2, ' 9.6%-10.2%', '1%-3%', 2, 4, 1, 1, 12, '3', '100', '财通资产-四川天府新区拆迁安置房特定多个客户专项资产管理计划 \r\n户 名：上海财通资产管理有限公司 \r\n开户行：上海银行虹口支行 \r\n账 号：0300 2188 847 \r\n大额支付行号：3132 9000 0822 ', '100万≤X＜300万:【9.6】% \r\n300万≤X＜600万:【10.0】% \r\n600万≤X:【10.2】% ', '【3月24日更新】本期是第二期，本期规模是3000万，已进款1000多万，满3000万封账成立一期，还有下一期。', '', 50, '', 0, '<table cellspacing="0" cellpadding="0" width="100%">\r\n	<tbody>\r\n		<tr>\r\n			<td width="795" colspan="3">\r\n				<p>\r\n					财通资产-四川天府新区拆迁安置房特定多个客户专项资产管理计划 <br />\r\n<br />\r\n基本要素： <br />\r\n规模：1亿 <br />\r\n期限：12个月 <br />\r\n认购起点：100万元 <br />\r\n投资者预期年化收益率： <br />\r\n100万≤X＜300万:9.6% <br />\r\n300万≤X＜600万:10.0% <br />\r\n600万≤X:10.2% <br />\r\n付息方式：半年付息 <br />\r\n融资方:四川龙阳天府新区建设投资有限公司 <br />\r\n资金投向：本资产管理计划资金用于向龙阳建投发放委托贷款，用于天府新区资阳（简阳）片区三岔镇农民拆迁安置还房C区和天府新区资阳（简阳）片区三岔镇农民拆迁安置还房E区建设项目（以下简称“标的项目”）的开发建设。 <br />\r\n<br />\r\n还款来源分析： <br />\r\n1、当地政府到期归还委托贷款； <br />\r\n2、龙阳建设企业经营所得。 <br />\r\n<br />\r\n风控措施： <br />\r\n1、保证担保：简阳两湖一山投资有限公司（以下简称“两湖一山”）和四川阳安交通投资有限公司（以下简称“阳安交投”）提供不可撤销的无限连带责任保证担保。 <br />\r\n2、土地抵押足值：简阳两湖一山投资有限公司以其位于简阳市三岔镇的202.71亩土地使用权对本次资管计划提供抵押担保，抵押地块经评估价值约6.2亿元，抵押率不高于50%。并办理强制执行公证手续。 <br />\r\n3、简阳市财政局出具财政还款承诺：简阳市财政局出具承诺函，优先安排财政预算资金还款。简阳市土地储备中心出具承诺函，承诺支付龙阳建投标的项目的代建费用，保障资管计划按期足额退出。 <br />\r\n<br />\r\n产品优势： <br />\r\n1、区位优势明显，发展潜力大：即将融入成都半小时经济圈—简阳市距成都市区仅48公里，是接受成都向东向南扩展辐射的第一县（市）。成渝高铁将于2015年6月通车，届时预计成都至简阳耗时约10分钟左右，简阳将融入成都半小时经济圈。成都新机场落户简阳—2013年6月，国家民航总局正式批准成都新机场落户简阳，预计2018年投入使用。预计到2030年，成都新机场旅客吞吐量将达到5300万人次，机场规模和吞吐量均为现成都双流国际机场的2倍以上，力推简阳携手成都成为继北京、深圳、上海之后的中国航空第四城。天府新区辐射—简阳市191平方公里区域被纳入四川天府新区规划。2014年天府新区获得国务院批复，成为国家级新区。简阳作为天府新区协调发展区，地理位置重要，且经济受辐射影响大。 <br />\r\n2、财政实力强：简阳市为四川省首批扩权县试点城市，财政上拥有与四川省地级市相同的待遇。简阳市GDP及一般预算收入稳居全省59个扩权试点县第一。2013年实现本级可支配财政收入为65.4亿元，同比增长10%，实现地区生产总值344.78亿元，同比增长10.6%。即将开工的成都新机场及已开工的天府新区简阳片区建设将带动当地财政收入实现快速增长。 <br />\r\n3、融资主体地位重要，负债率低：龙阳建投是简阳市政府按照省委、省政府关于天府新区发展规划，于2012年5月由市国资委代表政府出资设立的一家国有独资公司。四川龙阳天府新区建设投资有限公司是简阳市政府为天府新区简阳片区建设发展而专门组建的国有独资公司，作为天府新区简阳片区土地开发整理，基础设施建设营运，企事业、产业及项目的投资经营的业主，充分优化资源配置，履行投资、建设和开发经营职能。截止2014年8月31日，总资产21.69亿元，资产负债率为27.43%，该公司无对外担保，负债率低，偿债能力较强。 <br />\r\n4、两家政府平台提供保证担保：担保方两湖一山是简阳市政府为“两湖一山”区域（目前划入天府新区）基础设施建设与经营而专门组建的一家国有独资公司，简阳市国有资产管理委员会代表政府出资成立的。截止2014年7月末，两湖一山总资产46亿元，资产负债率21.31%。阳安交投是简阳市重点建设项目和政府性投资建设项目的投融资、代建等责任主体，公司代表市政府持有授权范围内党和国家机关、人民团体、事业单位的国有资产产权、股权和市政设施附属资产产权，公司主要承担“融资主渠道、城建主力军、增收主源泉、发展主引擎”的职能。截止2014年7月31日，阳安交投总资产25.64亿元，资产负债率20.24%。担保方均为国有独资公司，负债率低，负债结构合理，财务风险小，具备担保能力。 <br />\r\n5、建设项目为四川天府新区配套项目：标的项目为位于简阳市三岔镇国宁村，紧邻天府新区“两湖一山”功能区中的标志性景区三岔湖，为天府新区资阳（简阳）片区配套项目，用于安置因四川天府新区建设及简阳市工业化、城市化推进而形成的失地农民，总用地面积合计293亩，安置农民户数2276户（6540人），获得政府高度重视。简阳市财政局承诺以市财政收入支持本资产管理计划的还本付息。 <br />\r\n6、优质土地足值抵押：抵押物毗邻天府新区三岔湖现代国际休闲度假旅游区，距离成都45公里，距离新机场10几公里，抵押物所处区域由四川省城乡规划设计研究院统一规划，受到天府新区及新机场功能辐射，土地未来增值潜力大。经评估，抵押物价值约6.2亿元，抵押率不超过50%。\r\n				</p>\r\n			</td>\r\n		</tr>\r\n	</tbody>\r\n</table>', NULL, NULL, 1418618564, 9, 1, 1),
(35, '中影华夏武警新疆总队医院影视基金', '上海权能投资管理有限公司', 3, 5, 3, '50-100W,3.5%\r\n1ooW以上，4%', 3, '10%-12%', '3%-4%', 2, 4, 1, 1, 12, '0.45', '50', '', '50 万元（含）‐100 万元： 10%；\r\n100 万元（含）‐300 万元： 11%；\r\n300 万元及以上： 12%。', '【3月24日更新】打款募集中。', 'uploadfile/2014-12/2014-12-157851.pdf', 50, '', 0, '<div>\r\n	<div style="font-family:arial;font-size:14px;">\r\n		<span style="font-family:微软雅黑;color:#0000ff;font-size:18pt;font-weight:bold;">中影华夏•武警新疆总队医院影视基金</span><span style="font-family:微软雅黑;color:#0000ff;font-size:18pt;font-weight:bold;"></span> \r\n	</div>\r\n	<div style="font-family:arial;font-size:14px;">\r\n		<span style="font-family:微软雅黑;color:#ff0000;font-size:14pt;font-weight:bold;">总政治部发起+中宣部批复立项+英皇电影发行+央企承兑汇票担保&nbsp; &nbsp; (均有备查资料)</span> \r\n	</div>\r\n	<div style="font-family:arial;font-size:14px;">\r\n		<p>\r\n			<span style="font-family:微软雅黑;font-size:12pt;"></span>&nbsp;<span style="font-family:微软雅黑;font-size:12pt;">项目方：北京中影华夏影视文化传媒有限公司</span><span style="font-family:微软雅黑;font-size:12pt;"></span> \r\n		</p>\r\n		<p style="text-indent:-24pt;margin-left:22pt;">\r\n			<span style="font-family:微软雅黑;color:#ff0000;font-size:12pt;font-weight:bold;">规模：</span><span style="font-family:微软雅黑;color:#ff0000;font-size:12pt;font-weight:bold;">4500万</span><span style="font-family:微软雅黑;color:#ff0000;font-size:12pt;font-weight:bold;"></span> \r\n		</p>\r\n		<p style="text-indent:-24pt;margin-left:22pt;">\r\n			<span style="font-family:微软雅黑;font-size:12pt;">期限：</span><span style="font-family:微软雅黑;color:#ff0000;font-size:12pt;font-weight:bold;">12个月</span><span style="font-family:微软雅黑;font-size:12pt;">/18个月</span><span style="font-family:微软雅黑;font-size:12pt;">&nbsp;</span> \r\n		</p>\r\n		<p style="text-indent:-24pt;margin-left:22pt;">\r\n			<span style="font-family:微软雅黑;font-size:12pt;"></span><span style="font-family:微软雅黑;font-size:12pt;"></span>&nbsp;收益：\r\n		</p>\r\n		<table style="width:321.3pt;">\r\n			<tbody>\r\n				<tr>\r\n					<td style="font-family:Arial, Verdana, sans-serif;" valign="center" width="144">\r\n						<p style="text-indent:-24pt;margin-left:22pt;">\r\n							<span style="font-family:微软雅黑;font-size:12pt;"></span>&nbsp;\r\n						</p>\r\n					</td>\r\n					<td style="font-family:Arial, Verdana, sans-serif;" valign="center" width="138">\r\n						<p style="text-indent:-24pt;margin-left:22pt;">\r\n							<span style="font-family:微软雅黑;font-size:12pt;">年化收益（12月）</span><span style="font-family:微软雅黑;font-size:12pt;"></span> \r\n						</p>\r\n					</td>\r\n					<td style="font-family:Arial, Verdana, sans-serif;" valign="center" width="146">\r\n						<p style="text-indent:-24pt;margin-left:22pt;">\r\n							<span style="font-family:微软雅黑;font-size:12pt;">年化收益（18月）</span><span style="font-family:微软雅黑;font-size:12pt;"></span> \r\n						</p>\r\n					</td>\r\n				</tr>\r\n				<tr>\r\n					<td style="font-family:Arial, Verdana, sans-serif;" valign="center" width="144">\r\n						<p style="text-indent:-24pt;margin-left:22pt;">\r\n							<span style="font-family:微软雅黑;font-size:12pt;">50（含）-100万</span><span style="font-family:微软雅黑;font-size:12pt;"></span> \r\n						</p>\r\n					</td>\r\n					<td style="font-family:Arial, Verdana, sans-serif;" valign="center" width="138">\r\n						<p style="text-indent:-24pt;margin-left:22pt;">\r\n							<span style="font-family:微软雅黑;font-size:12pt;">10%</span><span style="font-family:微软雅黑;font-size:12pt;"></span> \r\n						</p>\r\n					</td>\r\n					<td style="font-family:Arial, Verdana, sans-serif;" valign="center" width="146">\r\n						<p style="text-indent:-24pt;margin-left:22pt;">\r\n							<span style="font-family:微软雅黑;font-size:12pt;">11%</span><span style="font-family:微软雅黑;font-size:12pt;"></span> \r\n						</p>\r\n					</td>\r\n				</tr>\r\n				<tr>\r\n					<td style="font-family:Arial, Verdana, sans-serif;" valign="center" width="144">\r\n						<p style="text-indent:-24pt;margin-left:22pt;">\r\n							<span style="font-family:微软雅黑;font-size:12pt;">100（含）-300万</span><span style="font-family:微软雅黑;font-size:12pt;"></span> \r\n						</p>\r\n					</td>\r\n					<td style="font-family:Arial, Verdana, sans-serif;" valign="center" width="138">\r\n						<p style="text-indent:-24pt;margin-left:22pt;">\r\n							<span style="font-family:微软雅黑;font-size:12pt;">11%</span><span style="font-family:微软雅黑;font-size:12pt;"></span> \r\n						</p>\r\n					</td>\r\n					<td style="font-family:Arial, Verdana, sans-serif;" valign="center" width="146">\r\n						<p style="text-indent:-24pt;margin-left:22pt;">\r\n							<span style="font-family:微软雅黑;font-size:12pt;">12%</span><span style="font-family:微软雅黑;font-size:12pt;"></span> \r\n						</p>\r\n					</td>\r\n				</tr>\r\n				<tr>\r\n					<td style="font-family:Arial, Verdana, sans-serif;" valign="center" width="144">\r\n						<p style="text-indent:-24pt;margin-left:22pt;">\r\n							<span style="font-family:微软雅黑;font-size:12pt;">300（含）以上</span><span style="font-family:微软雅黑;font-size:12pt;"></span> \r\n						</p>\r\n					</td>\r\n					<td style="font-family:Arial, Verdana, sans-serif;" valign="center" width="138">\r\n						<p style="text-indent:-24pt;margin-left:22pt;">\r\n							<span style="font-family:微软雅黑;font-size:12pt;">12%</span><span style="font-family:微软雅黑;font-size:12pt;"></span> \r\n						</p>\r\n					</td>\r\n					<td style="font-family:Arial, Verdana, sans-serif;" valign="center" width="146">\r\n						<p style="text-indent:-24pt;margin-left:22pt;">\r\n							<span style="font-family:微软雅黑;font-size:12pt;">13%</span><span style="font-family:微软雅黑;font-size:12pt;"></span> \r\n						</p>\r\n					</td>\r\n				</tr>\r\n			</tbody>\r\n		</table>\r\n		<p style="text-indent:-24pt;margin-left:22pt;">\r\n			<span style="font-family:微软雅黑;font-size:12pt;">&nbsp;</span> <span style="font-family:微软雅黑;font-size:12pt;font-weight:bold;">用途：</span><span style="font-family:微软雅黑;color:#ff0000;font-size:12pt;font-weight:bold;">用于</span><span style="font-family:微软雅黑;color:#ff0000;font-size:12pt;font-weight:bold;">中影华夏影视文化传媒有限公司进行武警新疆总队医院院长庄仕华为原型的影视剧的制作和拍摄</span><span style="font-family:微软雅黑;color:#ff0000;font-size:12pt;font-weight:bold;"></span> \r\n		</p>\r\n		<p style="text-indent:-24pt;margin-left:22pt;">\r\n			<span style="font-family:微软雅黑;font-size:12pt;">亮点：</span><span style="font-family:微软雅黑;font-size:12pt;"></span> \r\n		</p>\r\n		<p style="text-indent:-24pt;margin-left:22pt;">\r\n			<span style="font-family:微软雅黑;font-size:12pt;font-weight:bold;">发起方</span><span style="font-family:微软雅黑;font-size:12pt;">：</span><span style="font-family:微软雅黑;color:#ff0000;font-size:12pt;font-weight:bold;">中国人民解放军总政治部作为项目的发起方</span><span style="font-family:微软雅黑;font-size:12pt;">，中国人民解放军</span><span style="font-family:微软雅黑;font-size:12pt;">总政治部是在中国共产党中央委员会、中央军事委员会领导下，负责管理</span><span style="font-family:微软雅黑;font-size:12pt;font-weight:bold;">全军党的工作和组织全军进行政治工作的最高统率机关，</span><span style="font-family:微软雅黑;color:#ff0000;font-size:12pt;font-weight:bold;">该影片经由中共中央宣传部文件批复立项</span><span style="font-family:微软雅黑;font-size:12pt;">。</span><span style="font-family:微软雅黑;font-size:12pt;"></span> \r\n		</p>\r\n		<p style="text-indent:-24pt;margin-left:22pt;">\r\n			<span style="font-family:微软雅黑;font-size:12pt;font-weight:bold;">发行方</span><span style="font-family:微软雅黑;font-size:12pt;">：</span><span style="font-family:微软雅黑;font-size:12pt;">&nbsp;</span><span style="font-family:微软雅黑;color:#ff0000;font-size:12pt;font-weight:bold;">英皇电影发行（北京）有限公司作为项目的发行方</span><span style="font-family:微软雅黑;font-size:12pt;">，英皇集团成立于1942年，发展成集地产、酒店、金融、娱乐、电影等一体的多元化上市公司，集团在香港拥有6家上市公司，附属公司及分支机构约500家，</span><span style="font-family:微软雅黑;color:#ff0000;font-size:12pt;font-weight:bold;">英皇电影发行（北京）有限公司签订影片发行代理合同，保证不低于3.8亿票房收入，票房收入得到充分保障</span><span style="font-family:微软雅黑;font-size:12pt;">，发行了</span><span style="font-family:微软雅黑;color:#ff0000;font-size:12pt;font-weight:bold;">《让子弹飞》《十二生肖》</span><span style="font-family:微软雅黑;font-size:12pt;">等多部著名影片；</span><span style="font-family:微软雅黑;font-size:12pt;"></span> \r\n		</p>\r\n		<p style="text-indent:-24pt;margin-left:22pt;">\r\n			<span style="font-family:微软雅黑;font-size:12pt;font-weight:bold;">央企提供强力担保</span><span style="font-family:微软雅黑;font-size:12pt;">：</span><span style="font-family:微软雅黑;color:#ff0000;font-size:12pt;font-weight:bold;">（大型央企-中国新型房屋集团控股子公司）</span><span style="font-family:微软雅黑;font-size:12pt;">，</span><span style="font-family:微软雅黑;color:#ff0000;font-size:12pt;font-weight:bold;">提供银行承兑汇票（</span><span style="font-family:微软雅黑;color:#ff0000;font-size:12pt;font-weight:bold;">5000万元</span><span style="font-family:微软雅黑;color:#ff0000;font-size:12pt;font-weight:bold;">）作为连带责任担保</span><span style="font-family:微软雅黑;font-size:12pt;">，中新房集团于</span><span style="font-family:微软雅黑;font-size:12pt;">1984年经国务院批准成立，原隶属于国家建筑材料工业局，现属中国建筑材料集团有限公司，</span><span style="font-family:微软雅黑;color:#ff0000;font-size:12pt;font-weight:bold;">2011年已跻身于世界500强企业行列。</span><span style="font-family:微软雅黑;font-size:12pt;"></span> \r\n		</p>\r\n		<p style="text-indent:-24pt;margin-left:22pt;">\r\n			<span style="font-family:微软雅黑;font-size:12pt;font-weight:bold;">票房收入保障</span><span style="font-family:微软雅黑;font-size:12pt;">：</span><span style="font-family:微软雅黑;color:#ff0000;font-size:12pt;font-weight:bold;">全国共产党人和大、中、小学校，累计2.4亿人（按照票价10元/人）强力要求</span><span style="font-family:微软雅黑;font-size:12pt;">组织观看，同时，</span><span style="font-family:微软雅黑;color:#ff0000;font-size:12pt;font-weight:bold;">中影集团旗下7条院线，600家影院第一时间全国上线播映</span><span style="font-family:微软雅黑;font-size:12pt;">，票房收入非常可观，以上足已覆盖投资本息;</span><span style="font-family:微软雅黑;font-size:12pt;"></span> \r\n		</p>\r\n		<p>\r\n			<span style="font-family:微软雅黑;font-size:12pt;">北京中融泰世投资担保公司为产品本息，提供无条件、不可撤销的担保.</span><span style="font-family:微软雅黑;font-size:12pt;"></span> \r\n		</p>\r\n	</div>\r\n<br />\r\n</div>', NULL, NULL, 1418619149, 8, 1, 1),
(33, '方正东亚•浙江长兴交通集合资金信托计划', '方正东亚', 1, 3, 2, '100万≤X＜300万:【2.1】% 300万≤X＜600万：【1.9】% 600万≤X＜1000万：【1.5】% 1000万≤X：【0.9】%', 2, '9.0%-10%', '1%-3%', 2, 1, 1, 1, 24, '3', '100', '账户名称：方正东亚信托有限责任公司\r\n开户行：中国农业银行股份有限公司武汉文治街支行 \r\n账号：1703 8701 0400 14226 \r\n', '100万≤X＜300万: 9% \r\n300万≤X＜600万：9.5% \r\n600万≤X＜1000万：9.7% \r\n1000万≤X：10% \r\n', '【3月24日更新】本期是第六期，本期规模2000万，已进款300万，满2000万封账成立一期，有下一期', '', 15, '', 0, '<p>\r\n	方正东亚-浙江长兴交通集合资金信托计划 <br />\r\n基本要素：&nbsp;&nbsp;&nbsp;&nbsp; <br />\r\n规模：3亿&nbsp;&nbsp;&nbsp;&nbsp; <br />\r\n期限：24个月&nbsp;&nbsp;&nbsp;&nbsp; <br />\r\n认购起点：100万元&nbsp;&nbsp;&nbsp;&nbsp; <br />\r\n投资者预期年化收益率：&nbsp;&nbsp;&nbsp;&nbsp; <br />\r\n100万≤X＜300万:&nbsp;9%&nbsp;&nbsp;&nbsp;&nbsp; <br />\r\n300万≤X＜600万：9.5%&nbsp;&nbsp;&nbsp; <br />\r\n600万≤X＜1000万：9.7% <br />\r\n1000万≤X：10% <br />\r\n付息方式：半年付息&nbsp;&nbsp;&nbsp; <br />\r\n资金用途：受让长兴交通投资集团有限公司（以下简称“长兴交通”）持有的4亿元应收账款，该应收帐款经专项审计，并由三部分组成（5000万元针对长兴永畅物流建设开发有限公司，25000万元针对长兴开发区太湖新城管委会，10000万元针对长兴南太湖投资管理有限公司） <br />\r\n产品特点： <br />\r\n交易对手介绍（均为AA及发债主体） <br />\r\n交易对手长兴交通： <br />\r\n该企业总体实力较强，已发两期企业债，其第三期企业债已经在2013年3月份获批12亿元，具有AA级信用评级。截止2014年9月，总资产286亿元净资产137亿，履约能力强。担保方浙江省长兴县经济技术开发总公司（以下简称“长兴经开”）：长兴经开发行“14长兴经债”，7年期总额13元，发行人主体长期信用评级为AA，债项评级AA。截止2014年9月，总资产150亿元，净资产63亿元，主营业务收入2.46亿元，净利润0.25亿元。该企业有充足的经营收入，担保能力强。 <br />\r\n足值抵押物： <br />\r\n长兴交通投资集团有限公司子公司长兴莱茵建设以其名下“长土国用（2007）第1-8557号、地号为01-110-67-0175的城镇混合住宅用地”提供抵押担保，面积为114271.12平方米，评估价值51422万元！ <br />\r\n财政支持： <br />\r\n长兴县财政局为本次信托项目提供财政支持，对本项目起到了强有力的还款保障。 <br />\r\n担保人简介 <br />\r\n国有独资企业： <br />\r\n长兴县政府于1992年批准建立浙江省长兴县经济技术开发总公司，其性质为国有独资企业。主要经营范围：城市基础设施建设、投资；土地整治和开发；经济信息（除金融、期货、证券信息）咨询、服务；建筑材料销售。公司注册资本金为2亿元，主要收入来源是开发区土地出让收入、每年财政性资金的投入和县财政税收收入的返还以及其他经营收入等。 <br />\r\n财务状况良好： <br />\r\n该公司2011-2013年总资产分别为84亿元、111亿元、121亿元，增长速度较快，同时资产负债率保持在50%以下；公司营业收入较高，近三年平均利润1.8亿元，净利润率常年保持稳定；政府补贴收入每年较为稳定，2010至2013年分别为2.60亿元、2.80亿元、2.67亿元、2.4亿元，公司财务状况良好。 <br />\r\nAA级发债主体： <br />\r\n公司于2014年发行“14长兴经开债”，7年期总额13亿元，发行人主体长期信用评级为AA，债券评级AA。 <br />\r\n受让应收账款简介： <br />\r\n5000万元针对长兴永畅物流建设开发有限公司因长兴永畅物流建设开发有限公司与长兴市政工程有限公司签署了建设长兴综合物流园区B区规划1-7号路工程项目，需投资7300万元，永畅物流由于资金缺口通过县政府申请向长兴交通借款5000万元，期限7（2011.4~2018.4），目前尚未归还本金，会计事务所将出具该金额应收账款的专项审计报告。 <br />\r\n25000万元针对长兴开发区太湖新城管委会： <br />\r\n长兴开发区太湖新城管委会下属太湖新城实业投资有限公司因建设太湖新城南张浜村、彭城村新农村社区工程需投入40614.47万元，太湖新城管委会通过县政府申请向长兴交通借款25000万元，期限7年（2011.4~2018.4），目前尚未归还本金，会计事务所将出具该金额应收账款的专项审计报告。10000万元针对长兴南太湖投资管理有限公司湖州南太湖（长兴）产业集聚区管理委员会因建设产业集聚区内基础设施建设工程需投入27700万元，因资金需求湖州南太湖（长兴）产业集聚区管理委员会通过县政府申请向长兴交通借款10000万元，期限7年（2011.4~2018.4），目前尚未归还本金，会计事务所将出具该金额应收账款的专项审计报告。 <br />\r\n区域概况： <br />\r\n长兴县，地处长三角中心腹地，太湖西南岸，面积1430平方公里，享有“鱼米之乡”、“丝绸之府”、“文化之邦”、“东南望县”之美誉，是全国综合实力百强县和县域经济基本竞争力百强县。2013年，长兴县财政总收入完成68亿元，比上年增长9.6%，其中：公共财政预算收入完成39亿元，比上年增长11.1%。预计2014年财政总收入预算为75亿元，公共财政预算收入43亿元。 <br />\r\n长兴经济开发区简介： <br />\r\n长兴经济技术开发区成立于1992年，1994年经浙江省人民政府批准为省级开发区。自2003年以来，连续七年跻身浙江省“十强开发区”，连续两届入围“长三角最具投资价值开发区”，是浙江省首批生态化开发区、首批国际服务外包示范园区。2010年，经国务院批准升级为国家级经济技术开发区，被国家四部委列为全国首批13家太阳能光伏发电集中应用示范区。2013年从浙江省“十强开发区”跻身浙江省国家级开发区5强，并被评为浙江省产城融合示范区和浙江省最具贡献奖开发区。\r\n</p>', NULL, NULL, 1418610886, 10, 1, 1),
(41, '华侨中国新型城镇化发展基金（华侨饭店）', '华侨基金', 3, 5, 2, '50W-100W 2%\r\n100W以上2.2%', 3, '9%-11%', '50W-100W 2%', 2, 1, 1, 1, 12, '4', '50', '户名：杭州瑞涛投资合伙企业（有限合伙）\r\n开户银行：光大银行杭州分行\r\n账号：76790188000660143', '50-100W；9%（1年期）10%（2年期）\r\n100-300W:10%(1年期）11%（2年期）\r\n300W及以上：11%（1年期）12%（2年期）', '【3月24日更新】打款募集中', '', 53, '', 0, '<p>\r\n	浙江华侨股权投资管理有限公司是由浙江省归国华侨联合会（简称“浙江省<br />\r\n侨联”）发起成立，各级地方政府引导基金参与，是第一支华侨基金，主要联合<br />\r\n地方政府，参与家乡建设，投资国企、央企和地方政府类优质项目，省侨联将该<br />\r\n基金列为重点工程，得到了省委省政府、浙江省归国华侨联合会、各地方政府的<br />\r\n大力支持。基金的领导机构是浙江省归国华侨联合会。浙江省归国华侨联合会成<br />\r\n立于1964 年，是由中共浙江省委领导下的、由全省归侨、侨眷组成的人民团体，<br />\r\n是中国侨联的团体会员、省政协的组成单位，全省各级已经建立起较为健全完善<br />\r\n的侨联组织网络，目前共有市级侨联11 家，在全省有90 个县（市、区）建立侨<br />\r\n联，乡镇（街道）侨联已达809 个。\r\n</p>\r\n<p>\r\n	<span style="color:#e53333;font-size:14px;">融资方——华侨饭店</span><br />\r\n杭州华侨饭店地处环境优雅，风景秀丽的西湖东岸，基地北至长生路，南至<br />\r\n现有公安厅建筑，东起白傅路，西临湖滨路。区域景观环境优越，改造范围面积<br />\r\n7493 平方米，地块内酒店地上建筑面积19261.04 平方米，地下建筑面积12925.9<br />\r\n平方米。<br />\r\n现存宾馆主楼高5 层，附楼4 层，建于1958 年。因建设时间久远，存在结<br />\r\n构和消防安全隐患及环境污染，需待翻新改造。基地的东侧是目前保留的近代里<br />\r\n弄街坊，内有大韩民国临时政府旧址及历史建筑，北侧为新建的西湖国贸大楼，<br />\r\n南侧紧邻公安厅建筑和凯悦酒店，具有三大优势：<br />\r\n（1）毗邻西湖：地理位置好，前依西湖背靠武林，位于长生路与湖滨路交叉<br />\r\n口，湖景房可凭窗而望西湖美景，步出饭店正门即是满眼的西湖美景，是杭州仅<br />\r\n有的5 家毗邻西湖的大酒店之一。<br />\r\n（2）杭州名片：1959 年开业，作为当时国家领导人和外事接待的指定单位，<br />\r\n在国内外具有很高的知名度，尤其是东南亚、港澳台地区赢得了极高的声誉。<span style="font-size:14px;"></span><br />\r\n（3）升值潜力：经过改装扩建，将由三星级越级为杭州酒店业新的引领者，<br />\r\n成为杭州环西湖商圈的地标，华人华侨入驻的首选，升值潜力巨大。\r\n</p>\r\n<p>\r\n	&nbsp;\r\n</p>\r\n<p>\r\n	<span style="color:#e53333;font-size:14px;">质押方：拟上市企业浙商银行股权</span><br />\r\n浙商银行，注册资本115 亿元，总资产近6000 亿元。各项存款超过3500<br />\r\n亿元，各项贷款近2500 亿元，是具有一定国际影响的国内一流商业银行。广厦<br />\r\n控股集团为浙商银行第三大股东，持股约9.5 亿股，市值约38 亿元。浙商银行<br />\r\n已于2013 年下半年启动了港股上市计划，省政府也已拟定“十二五”期间将力<br />\r\n推浙商银行上市。<br />\r\n浙商银行主体信用等级为AA+，连续荣获银监会“全国小企业金融服务先<br />\r\n进单位”、“小微企业金融服务表现突出银行”和相关媒体2009 年“中国中小企<br />\r\n业金融服务十佳机构”、2011 年“最佳中小企业信贷银行”、2012、2013 年度“最<br />\r\n具社会责任金融机构”等荣誉。在2014 年英国《The Banker》“全球银行业1000<br />\r\n强”排名第208 位。\r\n</p>\r\n担保方<br />\r\n（1）广厦控股集团企业总资产超过300 亿元，是浙江省人民政府重点培<br />\r\n育的26 家大型企业之一，被浙江省工商局、浙江省民营企业发展联合会认定为<br />\r\n“浙江省转型升级引领示范企业”。2013 年，广厦控股集团全年共完成产值907<br />\r\n亿元，位列中国企业500 强第150 位、中国民营企业500 强第10 位、浙江省百<br />\r\n强企业第7 位。<br />\r\n（2）广厦建设集团国家建设部首批49 家大型集团试点单位，浙江省五个<br />\r\n一批重点骨干企业，现有总资产120 余亿元，净资产40 余亿元，年完成建筑业<br />\r\n总产值近400 亿元。2011 年，集团荣获2010 年度中国建筑业企业竞争力百强第<br />\r\n12 位；2012 年，位列《建筑时报》和美国《工程新闻记录》杂志中国承包商60<br />\r\n强第8 位。<br />\r\n（3）楼明广厦控股集团董事局主席，上市公司浙江广厦股份（600052）<br />\r\n董事长、广厦建设集团党委书记。曾获2012 年度风云浙商、中国长三角青商领<br />\r\n袖、2011 浙江经济年度人物和全国优秀诚信企业家等荣誉；现担任中国企业家<br />\r\n协会副会长、中国建筑业协会常务理事、浙江省企业家协会常务副会长、浙江省<br />\r\n商会副会长、浙江省青联副主席、浙江省青年企业家协会副会长和杭州市工商联<br />\r\n合会常务委员等社会职务。\r\n<p>\r\n	&nbsp;\r\n</p>\r\n<p>\r\n	<span style="color:#e53333;font-size:14px;">还款来源</span><br />\r\n第一还款来源：天都城未售楼盘销售回款保守预计8 亿元。<br />\r\n第二还款来源：华侨饭店旗下物业2 万平方米，15 年经营收入保守估计4.5<br />\r\n亿元。<br />\r\n第三还款来源：华侨饭店可租赁物业，15 年租赁收益预计1.2 亿元。<br />\r\n第四还款来源：锐明大厦，杭州市中心地标建筑，总面积4 万平方米，15<br />\r\n年租赁收入保守估计4.5 亿元。<strong></strong> \r\n</p>\r\n<p>\r\n	风险控制<br />\r\n股权质押：广厦所持有拟上市企业浙商银行股权质押，质押率不高于50%。<br />\r\n劣后回购：广厦控股集团（2013 年产值907 亿,中国民企500 强第10 名)每<br />\r\n期出资20%,作为劣后级投资人，对优先级投资人的投资本金和预期收益承担担<br />\r\n保和回购义务。<br />\r\n集团担保：广厦控股集团和广厦建设集团为本产品本息提供无条件、不可撤<br />\r\n销的连带担保责任。<br />\r\n楼明担保：广厦控股集团董事局主席、上市公司浙江广厦股份（600052）董<br />\r\n事长、中国企业家协会副会长风云浙商楼明先生，为产品本息提供无条件、不可<br />\r\n撤销的连带担保责任。<br />\r\n最高额保证：广厦控股、广厦建设和楼明为本项目本息偿还承担不可撤销的<br />\r\n连带保证责任，额度高达5 亿元。<strong></strong> \r\n</p>\r\n<p>\r\n	<strong><span style="font-size:14px;">项目亮点：&nbsp;&nbsp;&nbsp;&nbsp;&nbsp;&nbsp;&nbsp;&nbsp;&nbsp;&nbsp;&nbsp;&nbsp;&nbsp;&nbsp;&nbsp;&nbsp;&nbsp;&nbsp;&nbsp;&nbsp;&nbsp;&nbsp;&nbsp;&nbsp;&nbsp;&nbsp;&nbsp;&nbsp;&nbsp;&nbsp;&nbsp;&nbsp;&nbsp;&nbsp;&nbsp;&nbsp;&nbsp;&nbsp;&nbsp;&nbsp;&nbsp;&nbsp;&nbsp;&nbsp;&nbsp;&nbsp;&nbsp;&nbsp;&nbsp;&nbsp;&nbsp;&nbsp;&nbsp;&nbsp;&nbsp;&nbsp;&nbsp;&nbsp;&nbsp;&nbsp;&nbsp;&nbsp;&nbsp;&nbsp;&nbsp;&nbsp;&nbsp;&nbsp;&nbsp;&nbsp;&nbsp;&nbsp;&nbsp;&nbsp;&nbsp;&nbsp;&nbsp;&nbsp;&nbsp;&nbsp;&nbsp;&nbsp;&nbsp;&nbsp;&nbsp;&nbsp;&nbsp;&nbsp;&nbsp;&nbsp;&nbsp;&nbsp;&nbsp;&nbsp;&nbsp;&nbsp;&nbsp;&nbsp;&nbsp;&nbsp;&nbsp; </span></strong>\r\n</p>\r\n<p>\r\n	<strong><span style="font-size:14px;">1、拟上市企业浙商银行股权质押，质押率不高于50%。</span><br />\r\n<span style="font-size:14px;">2、劣后回购：广厦控股集团（2013年产值907亿，中国民企500强第10名）每期出资30%，作为劣后级合伙人，对优先级合伙人的投资本金和预期收益承担担保和回购义务。</span><br />\r\n<span style="font-size:14px;">3、集团联保：广厦控股集团、广厦建设集团为本产品本息提供无条件、不可撤销的连带担保责任。 </span><br />\r\n<span style="font-size:14px;">4、楼明担保：广厦控股集团董事局主席、上市公司广厦股份（600052）董事长、中国企业家协会副会长风云浙商楼明先生持有广厦控股集团8.5%的股份价值超25亿元，为产品本息提供无条件、不可撤销连带担保责任。</span><span></span></strong> \r\n</p>', NULL, NULL, 1418628639, 3, 1, 1),
(36, '中融资产-融盛泰和2号专项资产管理计划', '中融资产', 2, 3, 2, '100万≤X＜300万：【2.7】% \r\n300万≤X：【2.2】%', 3, '10.0%-10.5%', '1%-3%', 2, 1, 1, 1, 24, '1.5', '100', '户名：中融（北京）资产管理有限公司 \r\n账号：9134 0154 800000 778 \r\n开户行：上海浦东发展银行北京望京支行 ', '100万≤X＜300万：10% \r\n300万≤X：10.5% ', '募集结束！', '', 100, '', 0, '<table cellspacing="0" cellpadding="0" width="100%">\r\n	<tbody>\r\n		<tr>\r\n			<td width="795" colspan="3">\r\n				<p>\r\n					中融资产-融盛泰和2号专项资产管理计划 <br />\r\n基本要素：&nbsp; <br />\r\n规模：1.5亿&nbsp; <br />\r\n期限：24个月&nbsp; <br />\r\n认购起点：100万元&nbsp; <br />\r\n投资者预期年化收益率：&nbsp; <br />\r\n100万≤X＜300万：10%&nbsp; <br />\r\n300万≤X：10.5%&nbsp; <br />\r\n付息方式：半年付息&nbsp; <br />\r\n还款来源： <br />\r\n1.项目的财政拨款 <br />\r\n2011年-2013年间，邳州市财政一般预算收入平均增长率接近20%。按此增长率进行测算，截至2016年，邳州市财政一般预算收入将会达到84.47亿元，将对本资管计划的还本付息提供有力保障。 <br />\r\n2.邳州市政府的应收账款 <br />\r\n中融资产取得江苏国田对邳州市政府的1.8亿元的应收账款债权，为本次资管计划的本息偿还提供补充性还款来源。 <br />\r\n风控措施： <br />\r\n1.土地抵押与在建工程抵押： <br />\r\n江苏国田以其持有的邳州市御华府项目土地及在建工程为本资管计划提供抵押担保，抵押物预估价值超过3亿元，抵押率小于50%。 <br />\r\n2.股权质押：‍ <br />\r\n100%股权质押及政府的应收账款质押。 <br />\r\n3.政府信用： <br />\r\n邳州市财政局出具财政资金安排文件，承诺优先以当地人民政府财政收入和土地收入支付到期债务，若仍不足支付的，由其督促安排资金，用于向资产管理人支付到期债务。 <br />\r\n4.‍&nbsp;明确债权债务&nbsp;： <br />\r\n邳州市财政局与江苏国田签署债务债权确认函，明确债权标的。江苏国田与邳州市政府及中融资产签署《债权债务确认合同》，对《委托代建协议》或《BT建设协议》项下政府应偿还的债务及还款时点进行确认。 <br />\r\n5.保证担保：江苏国田的实际控制人鲍国田先生为本计划提供连带责任担保。\r\n				</p>\r\n			</td>\r\n		</tr>\r\n	</tbody>\r\n</table>', NULL, NULL, 1418619803, 7, 1, 1),
(37, '华富资管-镇江城投新区安置房项目专项资产管理计划', '华富资管', 2, 3, 2, '100万≤X：【1.1】%', 3, '10.0%-10.0%', '1%-3%', 1, 1, 1, 1, 12, '0.3', '100', '账户名：上海华富利得资产管理有限公司 \r\n账号：5519 0389 4010 721 \r\n开户行：招商银行苏州中新支行', '100万≤X：10% ', '【3月24日更新】二期进款中，规模3000万，打满封账成立！有下期！', '', 60, '', 0, '华富资管-镇江城投新区安置房项目专项资产管理计划 <br />\r\n基本要素：&nbsp; <br />\r\n规模：0.3亿&nbsp; <br />\r\n期限：6+6个月&nbsp; <br />\r\n认购起点：100万元&nbsp; <br />\r\n投资者预期年化收益率：&nbsp; <br />\r\n100万≤X：10% <br />\r\n付息方式：按季付息&nbsp; <br />\r\n资金用途：受让镇江新区城投合法持有的对镇江新区管委会应收款债权；资金最终用于中瑞（镇江）生态产业新区大路安置房项目建设及补充企业流动资金。 <br />\r\n还款来源：镇江新区城投自身经营收入,&nbsp;履行应收账款回购义务，并支付溢价款！ <br />\r\n产品亮点： <br />\r\n1、预期收益高期限短：预期收益率&nbsp;10%，6个月可提前结束的政府项目。 <br />\r\n2、地理位置优越：国家级经济开发区。 <br />\r\n3、优质融资主体：270亿总资产，&nbsp;AA级发债主体。 <br />\r\n4、双发债平台担保：镇新经开以及镇江城市建设产业集团双国企超强担保，AA+信用主体，总资产超1000亿,百强城投前十。 <br />\r\n5、政府批文：镇江新区区政府出具财政承诺函及人大决议支持还款&nbsp;。 <br />\r\n风控措施： <br />\r\n1.镇江新区经济开发总公司提供无限连带责任担保；（总资产670.9亿元） <br />\r\n2.镇江城市建设产业集团提供无限连带责任担保；（总资产1061亿） <br />\r\n3.镇江新区财政局（区人大出具决议，将本次融资本息列入还款年度的财政预算）承诺将在本产品到期前支付“新区科创园二期”的应付款。 <br />\r\n<br />\r\n<br />', NULL, NULL, 1418620237, 6, 1, 1),
(38, '同信证券-浙江德清杭宁城铁投资集合资产管理计划', '同信证券', 2, 3, 2, '100万≤X＜300万:【1.8】%； \r\n300万≤X:【1.3】%', 2, '9.5%-9.7%', '1%-3%', 2, 1, 1, 1, 18, '3', '100', '同信证券-浙江德清杭宁城铁投资集合资产管理计划 \r\n账户名称：西藏同信证券股份有限公司 \r\n账户：3100 1502 5000 5007 0477 \r\n开户行：建行银行上海第二支行 \r\n', '100万≤X＜300万:【9.5】%； \r\n300万≤X:【9.7】% ', '【3月24日更新】最后额度500W，打满即可成立，没有下一期。', '', 80, '', 0, '同信证券-浙江德清杭宁城铁投资集合资产管理计划 <br />\r\n<br />\r\n基本要素： <br />\r\n规模：3亿 <br />\r\n期限：18个月 <br />\r\n认购起点：100万元 <br />\r\n投资者预期年化收益率： <br />\r\n100万≤X＜300万:9.5%； <br />\r\n300万≤X:9.7% <br />\r\n付息方式：半年付息 <br />\r\n融资方:浙江省德清县杭宁城际铁路投资有限公司 <br />\r\n资金投向：用于支付宁杭铁路德清站配套工程项目工程款。 <br />\r\n<br />\r\n还款来源分析： <br />\r\n1、第一还款来源：杭宁城铁投资因代建宁杭铁路德清站配套工程项目而合法拥有的对德清县政府【56643.52万元】应收账款； <br />\r\n2、第二还款来源：杭宁城铁投资的综合性收入德清杭宁城铁投资的综合性收入构成本项目的第二还款来源； <br />\r\n3、第三还款来源：担保方德清交投和恒丰建设的综合性收入：德清交投和恒丰建设的综合性收入构成本项目的第三还款来源。2011-2013年，德清交投的营业收入分别为5.80亿元、5.01亿元、2.17亿元，恒丰建设2013年的经营收入为1.98亿元。 <br />\r\n<br />\r\n风控措施： <br />\r\n1、债务债权确认：德清县人民政府向德清杭宁城铁投资、同信证券出具《代建投资款的说明函》，确认应收账款合法有效，同时德清县人民政府配合杭宁城铁投资和信托公司办理应收账款质押手续。&nbsp;杭宁城铁投资和信托公司签署的《应收账款质押协议》中会约定杭宁城铁投资支付本金及溢价款的金额和日期。&nbsp; <br />\r\n2、人大决议、财政承诺：德清县人民政府将出具人大决议和财政承诺函，承诺将此还款计划纳入当年的财政预算。 <br />\r\n3、应收账款质押：德清杭宁城铁投资会提供【56643.52&nbsp;万元】的应收账款给通道信托公司并办理质押手续。 <br />\r\n4、保证担保：德清交投和恒丰建设为德清杭宁城铁投资按约还款义务提供无限连带责任担保。 <br />\r\n5、实时监管：我司将指派专员进行后期管理，强化与项目各方的沟通、合作，从融资企业、合作银行等多种渠道掌握企业的经营状况、财务还款能力、项目进展情况。项目专员计划每季度赴项目公司进行实地考察或电话沟通，了解企业运营情况，如若发现问题，及时与企业进行沟通，要求其消除隐患，确保融资企业到期可以顺利归还融资本息。 <br />\r\n<br />\r\n融资方简介： <br />\r\n德清县杭宁城际铁路投资有限公司成立于2008年09月19日，是经德清县人民政府批准成立的国有公司，注册资本1亿元。截至2013年底，公司总资产18.30亿元，其中净资产12.73亿元，负债5.56亿元，资产负债率30.42%', NULL, NULL, 1418620784, 5, 1, 1),
(39, '财通资产-金坛建设特定多个客户专项资产管理计划', '财通资产', 2, 3, 2, '100万≤X＜300万:【2.2】%； \r\n300万≤X＜800万:【1.8】%； \r\n800万≤X:【1.6】%', 2, '9.6%-10.2%', '100万≤X＜300万:【2.2】%； ', 2, 1, 1, 1, 24, '4', '100', '财通资产-金坛建设特定多个客户专项资产管理计划 \r\n账户名称：上海财通资产管理有限公司 \r\n银行账号：03002115227 \r\n开户银行：上海银行虹口支行 ', '100万≤X＜300万:【9.6】%； \r\n300万≤X＜800万:【10】%； \r\n800万≤X:【10.2】% \r\n', '【3月24日更新】本期是第四期，本期规模1亿，现进款2000万，满1亿封账成立一期，还有下一期。', '', 20, '', 0, '<table cellspacing="0" cellpadding="0" width="100%">\r\n	<tbody>\r\n		<tr>\r\n			<td width="795" colspan="3">\r\n				<p>\r\n					财通资产-金坛建设特定多个客户专项资产管理计划 <br />\r\n<br />\r\n基本要素： <br />\r\n规模：4亿元 <br />\r\n期限：24个月 <br />\r\n认购起点：100万元 <br />\r\n投资者预期收益率： <br />\r\n100万≤X＜300万:9.6%； <br />\r\n300万≤X＜800万:10%； <br />\r\n800万≤X:10.2% <br />\r\n付息方式：半年付息 <br />\r\n融资主体:金坛市建设资产经营有限公司 <br />\r\n资金用途:本资管计划拟募集资金通过银行委贷方式向金坛市建设资产经营有限公司（以下简称“金坛建设”或“项目公司”）发放，专项用于江苏省金坛市长荡湖-钱资湖水环境综合整治工程。 <br />\r\n<br />\r\n还款来源： <br />\r\n1、第一还款来源：&nbsp;借款人金坛建设的日常经营收入。金坛建设是国有独资有限公司，AA级发债主体。截至2014年6月底，金坛建设总资产240.8亿，主营业务收入5.28亿。 <br />\r\n2、第二还款来源：金坛市财政局直接还款； <br />\r\n3、第三还款来源：担保人金坛国发代偿资金。 <br />\r\n<br />\r\n风控措施： <br />\r\n1、金坛国发为本次资管计划借款人按期、足额还本付息提供不可撤销的连带责任保证担保。 <br />\r\n2、金坛财政局出函承诺：优先安排财政资金偿还资管计划本息，确保资管计划的全部本息得以及时支付。 <br />\r\n3、金坛市人民政府与金坛建设针对水环境综合整治工程签署BT回购协议，明确政府回购义务，且回购资金拨付时间匹配资管计划到期日。 <br />\r\n<br />\r\n融资方简介： <br />\r\n1、金坛市建设资产经营有限公司股东及实际控制人为金坛市人民政府，是国有独资有限公司。业务范围包括道路桥梁建设、管网铺设、城市供水、环境整治等城市基础设施建设以及保障性住房建设等。 <br />\r\n2、截至2014年6月底，金坛建设总资产240.8亿，负债率为57.04%，处于较低水平。金坛建设2013年主营业务收入5.28亿，净利润为8972万元，经营状况良好。2013年度公司发行债券10亿元，主体评级保持AA级，债券评级AA。\r\n				</p>\r\n			</td>\r\n		</tr>\r\n	</tbody>\r\n</table>', NULL, NULL, 1418621004, 4, 1, 1);
INSERT INTO `db_caifu_product` (`id`, `name`, `issuer`, `category`, `investment`, `expenses_area`, `expenses`, `yield`, `yield_year`, `fee_scale`, `interest`, `area`, `size`, `status`, `lifetime`, `scale`, `threshold`, `account`, `income`, `progress`, `download`, `progress_percent`, `size_intro`, `earning`, `content`, `total_money`, `now_money`, `post_time`, `listorder`, `isshow`, `iscommend`) VALUES
(45, '同信证券万向信托荆门城投集合资产管理计划', '同信证券', 2, 3, 2, '100万≤X＜200万 10.3%  2.3%  \r\n200万≤X＜300万 10.5%  2.0%  \r\n300万≤X 11%  1.0% \r\n', 3, ' 10.3%-11%', '1.0%-2.3%', 2, 4, 1, 1, 24, '2.6', '100', '同信证券万向信托荆门城投集合资产管理计划\r\n户名：西藏同信证券股份有限公司\r\n账号：3100 1502 5000 5007 0477 \r\n开户银行：建设银行上海第二支行\r\n打款备注：XXX认购“荆门城投” ', '100万≤X＜200万 10.3% \r\n200万≤X＜300万 10.5%    \r\n300万≤X 11%   \r\n', '【3月24日更新】本期是第二期，本期规模是3000万，已进款1000万，满3000万封账成立一期，还有下一期。 \r\n', '', 20, '', 1, '<div style="text-align:left;">\r\n	同信证券万向信托荆门城投集合资产管理计划\r\n</div>\r\n<div style="text-align:left;">\r\n	基本要素：规模：2.6亿期限：24个月\r\n</div>\r\n<div style="text-align:left;">\r\n	认购起点：100万元投资者\r\n</div>\r\n<div style="text-align:left;">\r\n	预期年化收益率： 100万≤X＜200万:10.3%； 200万≤X＜300万:10.5%； 300万≤X:11%\r\n</div>\r\n<div style="text-align:left;">\r\n	付息方式：半年付息融资方:荆门市城市建设投资有限公司\r\n</div>\r\n<div style="text-align:left;">\r\n	资金投向：投向万向信托集合信托计划，用于补充【竹皮河项目】建设资金。\r\n</div>\r\n<div style="text-align:left;">\r\n	还款来源分析： 1、第一还款来源：荆门城投的营业收入；\r\n</div>\r\n<div style="text-align:left;">\r\n	&nbsp;&nbsp;&nbsp;&nbsp;&nbsp;&nbsp;&nbsp;&nbsp;&nbsp;&nbsp;&nbsp;&nbsp;&nbsp;&nbsp;&nbsp;&nbsp;&nbsp;&nbsp;&nbsp;&nbsp;&nbsp; 2、第二还款来源：荆门城投因代建荆门市城市棚户区改造定向安置房（双喜小区）建设项目而形成的对荆门市人民政府的64,992.26万元\r\n</div>\r\n<div style="text-align:left;">\r\n	&nbsp;&nbsp;&nbsp;&nbsp;&nbsp;&nbsp;&nbsp;&nbsp;&nbsp;&nbsp;&nbsp;&nbsp;&nbsp;&nbsp;&nbsp;&nbsp;&nbsp;&nbsp;&nbsp;&nbsp;&nbsp;&nbsp;&nbsp;&nbsp;&nbsp;&nbsp; 应收账款。\r\n</div>\r\n<div style="text-align:left;">\r\n	&nbsp;&nbsp;&nbsp;&nbsp;&nbsp;&nbsp;&nbsp;&nbsp;&nbsp;&nbsp;&nbsp;&nbsp;&nbsp;&nbsp;&nbsp;&nbsp;&nbsp;&nbsp;&nbsp;&nbsp;&nbsp; 3、第三还款来源：荆门市的财政收入。荆门市2013年全市可支配财政收入211.57亿元，其中一般预算收入59.84亿元。\r\n</div>\r\n<div style="text-align:left;">\r\n	风控措施： 1、融资方（地市级）主体资信较好，2013年末公司总资产140.84亿元，负债47.87亿元，负债率33.99%，净资产92.97亿元；融资主体作为发\r\n</div>\r\n<div style="text-align:left;">\r\n	&nbsp;&nbsp;&nbsp;&nbsp;&nbsp;&nbsp;&nbsp;&nbsp;&nbsp;&nbsp;&nbsp;&nbsp;&nbsp;&nbsp;&nbsp;&nbsp;&nbsp;&nbsp;&nbsp; &nbsp;债主体在2012年和2013年分别发债8亿元（10年期）和16亿元（7年期），主体评级AA，债券评级AA+。\r\n</div>\r\n<div style="text-align:left;">\r\n	&nbsp;&nbsp;&nbsp;&nbsp;&nbsp;&nbsp;&nbsp;&nbsp;&nbsp;&nbsp;&nbsp;&nbsp;&nbsp;&nbsp;&nbsp; 2、荆门城投将64,992.26万元应收账款质押给万向信托，质押款为40%。\r\n</div>\r\n<div style="text-align:left;">\r\n	&nbsp;&nbsp;&nbsp;&nbsp;&nbsp;&nbsp;&nbsp;&nbsp;&nbsp;&nbsp;&nbsp;&nbsp;&nbsp;&nbsp;&nbsp; 3、荆门市财政局、市人民政府向万向信托出具担保函以及确认函，确定纳入存量债务。\r\n</div>\r\n<div style="text-align:left;">\r\n	产品优势： 1、项目融资方主体（地市级）资信状况较好，2013年末公司总资产140.84亿元，负债47.87亿元，负债率33.99%，净资产92.97亿元2013年度\r\n</div>\r\n<div style="text-align:left;">\r\n	&nbsp;\r\n</div>\r\n<div style="text-align:left;">\r\n	&nbsp;&nbsp;&nbsp;&nbsp;&nbsp;&nbsp;&nbsp;&nbsp;&nbsp;&nbsp;&nbsp;&nbsp;&nbsp;&nbsp;&nbsp;&nbsp;&nbsp;&nbsp;&nbsp;&nbsp;&nbsp;&nbsp;公司营业总收入4.02亿元，净利润2.11亿元\r\n</div>\r\n<div style="text-align:left;">\r\n	&nbsp;&nbsp;&nbsp;&nbsp;&nbsp;&nbsp;&nbsp;&nbsp;&nbsp;&nbsp;&nbsp;&nbsp;&nbsp;&nbsp; 2、项目融资主体作为发债主体在2012年和2013年分别发债8亿元（10年期）和16亿元（7年期），主体评级AA，债券评级AA+；\r\n</div>\r\n<div style="text-align:left;">\r\n	&nbsp;&nbsp;&nbsp;&nbsp;&nbsp;&nbsp;&nbsp;&nbsp;&nbsp;&nbsp;&nbsp;&nbsp;&nbsp;&nbsp; 3、荆门市财政局和荆门市人民政府（地市级）都出具了承诺函，对还款资金进行安排；\r\n</div>\r\n<div style="text-align:left;">\r\n	&nbsp;&nbsp;&nbsp;&nbsp;&nbsp;&nbsp;&nbsp;&nbsp;&nbsp;&nbsp;&nbsp;&nbsp;&nbsp;&nbsp; 4、项目所处区域社会经济发展状况较好，地方财政状况较好。2013年荆门市实现地区生产总值（GDP）1202.61亿元，全市可支配财政收入211.5667亿元公共财政预算收入59.8亿元，税收收入占比70%以上，地方财政收入质量较好。\r\n</div>', NULL, NULL, 1422252896, 30, 1, 1),
(46, '隽宇II投资保险计划', '安盛集团', 4, 5, 3, '', 4, '', '3.5%-4%', 3, 4, 0, 1, 0, '', '', '', '', '', '', 0, '', 3, '<div>\r\n	<div>\r\n		<div>\r\n			<div>\r\n				<div>\r\n					<div>\r\n						<span style="background-color:#ffffff;color:#e53333;font-size:18px;">安盛隽宇投资计划</span><span style="background-color:#ffffff;color:#e53333;font-size:18px;">内容说明:</span> \r\n					</div>\r\n					<div>\r\n						<span style="font-size:14px;">投保年龄: 0-70岁</span> \r\n					</div>\r\n					<div>\r\n						<span style="font-size:14px;">目标供款年期+投保年龄不可超过75岁</span> \r\n					</div>\r\n					<div>\r\n						<span style="font-size:14px;">目标供款年期:5年至30年</span> \r\n					</div>\r\n					<div>\r\n						<span style="font-size:14px;">最低供款金额:300元美金/月，1800元美金/半年，3600美金/年</span> \r\n					</div>\r\n					<div>\r\n						<b><span style="font-size:14px;">调低或增加定期保费</span></b> \r\n					</div>\r\n					<div>\r\n						<b><span style="font-size:14px;">1. 调低定期保费：</span></b> \r\n					</div>\r\n					<div>\r\n						<span style="font-size:14px;">於保单生效满18个月后，客户可调低保费至不低於最低定期保费</span> \r\n					</div>\r\n					<div>\r\n						<b><span style="font-size:14px;">2. 增加定期保费：</span></b> \r\n					</div>\r\n					<div>\r\n						<span style="font-size:14px;">客户若曾调低定期保费，其后可随时增加至不高於保单签发时所定的金额</span> \r\n					</div>\r\n					<div>\r\n						<span style="font-size:14px;">除以上情况外，客户不可以增加定期保费</span> \r\n					</div>\r\n					<div>\r\n						<span style="font-size:14px;">若客户需要增加定期保费至高於保单签发时的原定金额，则必须投保一份新的「隽宇投资保险计划」</span> \r\n					</div>\r\n					<div>\r\n						<b><span style="font-size:14px;">保单户口</span></b> \r\n					</div>\r\n					<div>\r\n						<span style="font-size:14px;">保费将存入隽宇的两个不同户口内：</span> \r\n					</div>\r\n					<div>\r\n						<b><span style="font-size:14px;">1. 最初供款户口：</span></b> \r\n					</div>\r\n					<div>\r\n						<span style="font-size:14px;">由保单日期起计首18个月的定期保费将存入「最初供款户口」</span> \r\n					</div>\r\n					<div>\r\n						<b><span style="font-size:14px;">2. 累积供款户口：</span></b> \r\n					</div>\r\n					<div>\r\n						<span style="font-size:14px;">此后的任何定期保费 [即第19个月及以后之定期保费] 将存入「累积供款户口」</span> \r\n					</div>\r\n					<div>\r\n						<b><span style="font-size:14px;">提取部份款项</span></b> \r\n					</div>\r\n					<div>\r\n						<span style="font-size:14px;">目标供款年期内：只可於「累积供款户口」内提取部份款项</span> \r\n					</div>\r\n					<div>\r\n						<span style="font-size:14px;">目标供款年期后：客户可於「最初供款户口」及/或「累积供款户口」提取部份款项，惟提取后的剩馀总户口价值须不低於最低户口结馀</span> \r\n					</div>\r\n					<div>\r\n						<b><span style="font-size:14px;">最低户口结馀</span></b> \r\n					</div>\r\n					<div>\r\n						<span style="font-size:14px;">目标供款年期内：不适用</span> \r\n					</div>\r\n					<div>\r\n						<span style="font-size:14px;">目标供款年期后： 港元12,000 / 美元1,500 / 欧罗1,500 / 英镑960 / 澳元1,800 / 新加坡元2,400或公司不时釐定之金额</span> \r\n					</div>\r\n					<div>\r\n						<b><span style="font-size:14px;">保费假期</span></b> \r\n					</div>\r\n					<div>\r\n						<span style="font-size:14px;">客户可申请行使保费假期，但必须符合以下条件：</span> \r\n					</div>\r\n					<div>\r\n						<span style="font-size:14px;">1. 保单生效满18个月后；及</span> \r\n					</div>\r\n					<div>\r\n						<span style="font-size:14px;">2. 总户口价值足够支付相关的到期保单收费</span> \r\n					</div>\r\n					<div>\r\n						<b><span style="font-size:14px;">不失效保证</span></b> \r\n					</div>\r\n					<div>\r\n						<span style="font-size:14px;">只适用於保单生效首18个月内</span> \r\n					</div>\r\n					<div>\r\n						<span style="font-size:14px;">若保单户口价值因投资表现及/或缴付保单收费而跌低至零或少於零，保单将不会因此而失效，客户可继续享有本计划提供的利益</span> \r\n					</div>\r\n					<div>\r\n						<span style="font-size:14px;">若在宽限期届满时未能缴清到期之定期保费，不失效保证将停止适用</span> \r\n					</div>\r\n					<div>\r\n						<b><span style="font-size:14px;">产品优点</span></b> \r\n					</div>\r\n					<div>\r\n						<b><span style="font-size:14px;">一、首年奖赏: </span></b><span style="font-size:14px;">首年奖赏= 已缴之首年定期保费 x 适用之首年奖赏百分率</span> \r\n					</div>\r\n					<div>\r\n						<span style="font-size:14px;">只适用於目标供款年期为10年或以上之保单</span> \r\n					</div>\r\n					<div>\r\n						<span style="font-size:14px;">此项奖赏在保单生效期间，於公司每次收讫首年定期保费后派发</span> \r\n					</div>\r\n					<div>\r\n						<span style="font-size:14px;">此项奖赏将按照客户最近期的投资选择分配指示，以额外单位形式分配至「最初供款户口」内</span> \r\n					</div>\r\n					<div>\r\n						<b><span style="font-size:14px;">二、长期客户奖赏:</span></b><span style="font-size:14px;"> 长期客户奖赏= [首10个保单年度内的已缴定期保费总额 -</span> \r\n					</div>\r\n					<div>\r\n						<span style="font-size:14px;">首10个保单年度内的提取部份款项总额(如有)]x 4%之长期客户奖赏百分率</span> \r\n					</div>\r\n					<div>\r\n						<b><span style="font-size:14px;">三、保单管理费回赠:</span></b><span style="font-size:14px;"> 保单管理费回赠= 目标供款年期内之已缴保单管理费总额的100%</span> \r\n					</div>\r\n					<div>\r\n						<span style="font-size:14px;">适用於所有隽宇保单 [不论客户选择那一个目标供款年期]</span> \r\n					</div>\r\n					<div>\r\n						<span style="font-size:14px;">保单管理费回赠在保单生效期间，於目标供款年期届满时派发</span> \r\n					</div>\r\n					<div>\r\n						<span style="font-size:14px;">此项奖赏将按照客户最近期的投资选择分配指示，以额外单位形式分配至「累积供款户口」内</span> \r\n					</div>\r\n					<div>\r\n						&nbsp;\r\n					</div>\r\n				</div>\r\n			</div>\r\n		</div>\r\n	</div>\r\n</div>', NULL, NULL, 1422338263, 100, 1, 1);

-- --------------------------------------------------------

--
-- 表的结构 `db_caifu_reserve`
--

CREATE TABLE IF NOT EXISTS `db_caifu_reserve` (
  `id` int(11) NOT NULL AUTO_INCREMENT,
  `product_id` int(11) NOT NULL COMMENT '产品ID',
  `order_sn` varchar(30) COLLATE utf8_unicode_ci NOT NULL COMMENT '订单号',
  `reserve_date` date NOT NULL COMMENT '预约日期',
  `name` varchar(30) COLLATE utf8_unicode_ci NOT NULL COMMENT '姓名',
  `phone` varchar(30) COLLATE utf8_unicode_ci NOT NULL COMMENT '手机号码',
  `email` varchar(100) COLLATE utf8_unicode_ci NOT NULL COMMENT 'EMAIL',
  `address` varchar(255) COLLATE utf8_unicode_ci NOT NULL COMMENT '邮箱',
  `money` decimal(12,2) NOT NULL COMMENT '金额',
  `status` tinyint(4) NOT NULL DEFAULT '10' COMMENT '状态',
  `remark` text COLLATE utf8_unicode_ci NOT NULL COMMENT '备注',
  `poster` varchar(30) COLLATE utf8_unicode_ci NOT NULL COMMENT '用户名',
  `user_id` int(11) NOT NULL COMMENT '用户ID',
  `post_time` int(20) NOT NULL COMMENT '操作时间',
  PRIMARY KEY (`id`),
  UNIQUE KEY `order_sn` (`order_sn`)
) ENGINE=MyISAM  DEFAULT CHARSET=utf8 COLLATE=utf8_unicode_ci COMMENT='客户预约' AUTO_INCREMENT=3 ;

--
-- 转存表中的数据 `db_caifu_reserve`
--

INSERT INTO `db_caifu_reserve` (`id`, `product_id`, `order_sn`, `reserve_date`, `name`, `phone`, `email`, `address`, `money`, `status`, `remark`, `poster`, `user_id`, `post_time`) VALUES
(1, 6, 'asd234', '2014-11-19', '李三', '13535141529', 'napier@yahoo.com', '星湖大道33号', '130000.00', 10, 'asdf', '13336141529', 3, 2014),
(2, 17, '', '2014-12-09', '13989484358', '13989484358', '', '', '100.00', 10, '', '13989484358', 4, 1418087269);

-- --------------------------------------------------------

--
-- 表的结构 `db_cart`
--

CREATE TABLE IF NOT EXISTS `db_cart` (
  `cart_id` int(11) NOT NULL AUTO_INCREMENT COMMENT '购物车id',
  `member_id` int(11) NOT NULL COMMENT '会员id',
  `goods_id` int(11) NOT NULL COMMENT '商品id',
  `goods_name` varchar(100) NOT NULL COMMENT '商品名称',
  `spec_id` int(11) NOT NULL COMMENT '吨位id',
  `spec_info` text NOT NULL COMMENT '规格内容',
  `spec_mishu` decimal(12,2) NOT NULL DEFAULT '0.00' COMMENT '产品米数',
  `goods_store_price` decimal(10,2) NOT NULL COMMENT '商品价格',
  `goods_num` int(11) NOT NULL COMMENT '购买商品数量',
  `goods_weight` decimal(10,3) unsigned DEFAULT '0.000' COMMENT '单个商品重量',
  `goods_images` varchar(100) NOT NULL COMMENT '商品图片',
  `cart_hash` varchar(10) DEFAULT NULL COMMENT '8位哈希值',
  `cart_type` tinyint(1) DEFAULT '0' COMMENT '购物车类型0普通1直接购买2团购',
  `cart_time` int(11) DEFAULT NULL COMMENT '加入购物车时间',
  PRIMARY KEY (`cart_id`)
) ENGINE=MyISAM  DEFAULT CHARSET=utf8 COMMENT='购物车数据表' AUTO_INCREMENT=227 ;

--
-- 转存表中的数据 `db_cart`
--

INSERT INTO `db_cart` (`cart_id`, `member_id`, `goods_id`, `goods_name`, `spec_id`, `spec_info`, `spec_mishu`, `goods_store_price`, `goods_num`, `goods_weight`, `goods_images`, `cart_hash`, `cart_type`, `cart_time`) VALUES
(175, 29, 54, 'qujian22', 1, '', '10.00', '727.00', 1, '0.000', '', 'BF04gxy7vx', 0, 1406080886),
(191, 46, 57, 'HSZ-A623手拉葫芦', 0, '', '0.00', '0.00', 1, '0.000', 'uploadfile/shops/0/2014/07/14066110647204s0.jpg', 'SHclgY2ADW', 0, 1406771150),
(178, 40, 66, 'HHXG-AM运行式环链电动葫芦', 12, '', '10.00', '7005.00', 2, '0.000', 'uploadfile/shops/0/2014/07/14066118988055s0.jpg', 'nEVK5BLeFw', 0, 1406612204),
(188, 42, 55, 'HSZ-A619手拉葫芦', 16, '', '3.00', '451.00', 100, '0.000', 'uploadfile/shops/0/2014/07/14066108560002s0.jpg', 'OrAsyTrgVH', 0, 1406768942),
(189, 46, 56, 'HSZ-A620手拉葫芦', 31, '', '3.00', '451.00', 2, '0.000', 'uploadfile/shops/0/2014/07/14066111570481s0.jpg', 'SHclgY2ADW', 0, 1406770502),
(190, 46, 55, 'HSZ-A619手拉葫芦', 17, '', '5.00', '679.00', 1, '0.000', 'uploadfile/shops/0/2014/07/14066108560002s0.jpg', 'SHclgY2ADW', 0, 1406770785),
(193, 36, 66, 'HHXG-AM运行式环链电动葫芦', 14, '', '6.00', '11667.00', 1, '0.000', 'uploadfile/shops/0/2014/07/14066118988055s0.jpg', 'MidTrBf3Xb', 0, 1406773316),
(217, 54, 55, 'HSZ-A619手拉葫芦(0.5t-5t)', 17, '1.5t', '3.00', '549.00', 10, '0.000', 'uploadfile/shops/0/2014/07/14066108560002s0.jpg', 'f3XAWGssik', 0, 1409273366);

-- --------------------------------------------------------

--
-- 表的结构 `db_consult`
--

CREATE TABLE IF NOT EXISTS `db_consult` (
  `consult_id` int(10) unsigned NOT NULL AUTO_INCREMENT COMMENT '咨询编号',
  `member_id` int(11) NOT NULL DEFAULT '0' COMMENT '咨询发布者会员编号(0：游客)',
  `cmember_name` varchar(100) DEFAULT NULL COMMENT '会员名称',
  `seller_id` int(11) NOT NULL COMMENT '卖家编号',
  `province_id` int(11) DEFAULT NULL COMMENT '所在区域',
  `email` varchar(255) DEFAULT NULL COMMENT '咨询发布者邮箱',
  `consult_content` varchar(4000) DEFAULT NULL COMMENT '咨询内容',
  `consult_addtime` int(10) DEFAULT NULL COMMENT '咨询发布时间',
  `consult_reply` varchar(4000) DEFAULT '' COMMENT '咨询回复内容',
  `consult_reply_time` int(10) DEFAULT '0' COMMENT '咨询回复时间',
  `isanonymous` tinyint(1) NOT NULL DEFAULT '0' COMMENT '0表示不匿名 1表示匿名',
  `ipaddress` varchar(30) DEFAULT NULL COMMENT 'IP地址',
  PRIMARY KEY (`consult_id`)
) ENGINE=MyISAM  DEFAULT CHARSET=utf8 COMMENT='产品咨询表' AUTO_INCREMENT=17 ;

-- --------------------------------------------------------

--
-- 表的结构 `db_consult_buy`
--

CREATE TABLE IF NOT EXISTS `db_consult_buy` (
  `consult_id` int(10) unsigned NOT NULL AUTO_INCREMENT COMMENT '咨询编号',
  `goods_id` int(11) DEFAULT '0' COMMENT '商品编号',
  `type_id` tinyint(2) NOT NULL DEFAULT '1' COMMENT '1商品咨询 2 库存配送 3支付问题 4发票保障 5促销赠品',
  `cgoods_name` varchar(100) NOT NULL COMMENT '商品名称',
  `member_id` int(11) NOT NULL DEFAULT '0' COMMENT '咨询发布者会员编号(0：游客)',
  `cmember_name` varchar(100) DEFAULT NULL COMMENT '会员名称',
  `seller_id` int(11) NOT NULL COMMENT '卖家编号',
  `email` varchar(255) DEFAULT NULL COMMENT '咨询发布者邮箱',
  `consult_content` varchar(4000) DEFAULT NULL COMMENT '咨询内容',
  `consult_addtime` int(10) DEFAULT NULL COMMENT '咨询发布时间',
  `consult_reply` varchar(4000) DEFAULT '' COMMENT '咨询回复内容',
  `consult_reply_time` int(10) DEFAULT '0' COMMENT '咨询回复时间',
  `isanonymous` tinyint(1) NOT NULL DEFAULT '0' COMMENT '0表示不匿名 1表示匿名',
  `ipaddress` varchar(30) DEFAULT NULL COMMENT 'IP地址',
  PRIMARY KEY (`consult_id`)
) ENGINE=MyISAM  DEFAULT CHARSET=utf8 COMMENT='产品咨询表' AUTO_INCREMENT=17 ;

-- --------------------------------------------------------

--
-- 表的结构 `db_document`
--

CREATE TABLE IF NOT EXISTS `db_document` (
  `doc_id` int(11) NOT NULL AUTO_INCREMENT COMMENT 'id',
  `doc_code` varchar(255) NOT NULL COMMENT '调用标识码',
  `doc_title` varchar(255) NOT NULL COMMENT '标题',
  `doc_content` text NOT NULL COMMENT '内容',
  `doc_time` int(10) unsigned NOT NULL COMMENT '添加时间/修改时间',
  PRIMARY KEY (`doc_id`)
) ENGINE=MyISAM  DEFAULT CHARSET=utf8 COMMENT='系统文章表' AUTO_INCREMENT=10 ;

--
-- 转存表中的数据 `db_document`
--

INSERT INTO `db_document` (`doc_id`, `doc_code`, `doc_title`, `doc_content`, `doc_time`) VALUES
(1, 'aboutus', '企业介绍', '<div class="textc">\r\n	<img src="statics/default/images/aboutpic1.png" /> <img src="statics/default/images/aboutpic2.png" /> <img src="statics/default/images/aboutpic3.png" /> \r\n</div>\r\n<p>\r\n	浙江双鸟机械有限公司是专业生产轻小型起重机械的民营有限责任公司,是中国重型机械工业协会起重葫芦分会副理事长单位。公司创办于80年代初。专业生产“双鸟”牌电动葫芦、手 动葫芦、单轨行车、起重链条、吊索具、夹持器等，远销北美、欧洲、澳洲、东南亚等一百多个国家以及国内大部分地区，深受顾客好评。\r\n</p>\r\n<p>\r\n	“双鸟”商标被认定为“中国驰名商标”，公司被认定为“国家重点高新技术企业”“浙江省文明单位”,双鸟产品被认定为“浙江名牌产品”。公司通过ISO9001质量管理体系认证、 ISO14001环境管理体系认证以及德国GS、欧洲CE认证，公司率先通过欧盟2005/84/EC指令，REACH法规要求。手拉葫芦获得全国工业产品生产许可证，环链、钢丝绳电动葫芦获得国家特种设 备制造、安装、改造、维修许可证。公司研制开发的环链电动葫芦被列入国家星火计划项目、国家火炬计划项目。公司累计授权国家专利32项，其中发明专利3项，参与制订手拉葫芦、手扳 葫芦、环链电动葫芦、起重用圆环链验收总则等国家和行业标准13项。\r\n</p>\r\n<p>\r\n	双鸟机械本着“不断创新，为顾客提供满意的产品和服务”的宗旨，热诚欢迎中外客户光临惠顾！\r\n</p>\r\n<div class="textc magtop10">\r\n	<img src="statics/default/images/aboutpic4.png" width="680" /> \r\n</div>\r\n<div class="textc magtop10">\r\n<object class id="clsid:D27CDB6E-AE6D-11cf-96B8-444553540000" codebase="http://download.macromedia.com/pub/shockwave/cabs/flash/swflash.cab#version=7,0,19,0" width="663" height="322">\r\n	<param name="movie" value="statics/default/images/flvplayer.swf">\r\n	<param name="quality" value="high">\r\n	<param name="allowFullScreen" value="true">\r\n	<param name="FlashVars" value="vcastr_file=statics/default/images/china.flv&LogoText=tbmhoist.com&BufferTime=3&IsAutoPlay=0">\r\n	<embed src="statics/default/images/flvplayer.swf" allowfullscreen="true" flashvars="vcastr_file=statics/default/images/china.flv&LogoText=tbmhoist.com&IsAutoPlay=0" quality="high" pluginspage="http://www.macromedia.com/go/getflashplayer" type="application/x-shockwave-flash" width="663" height="322"></embed>\r\n</object>\r\n	<!--<img src="statics/default/images/aboutpic5.jpg" />-->\r\n</div>', 1409539051),
(2, 'chairman', '董事长致辞', '<div style="width:701px;color:#333;">\r\n	<table class="ke-zeroborder" border="0" cellspacing="0" cellpadding="0" width="100%">\r\n		<tbody>\r\n			<tr>\r\n				<td valign="top" width="46%" align="left">\r\n					<img src="http://shuangniao.hzchihu.com/uploadfile/document/2014/07/29/14066249900987s0.jpg" alt="http://shuangniao.hzchihu.com/uploadfile/document/2014/07/29/14066249900987s0.jpg" /> \r\n				</td>\r\n				<td width="54%" valign="top">\r\n					<div style="line-height:25px;font-size:12px;" align="left">\r\n						<font style="color:#e53333;font-size:18px;font-weight:bold;">张文忠先生<br />\r\nMr.Zhang WenZhong</font><br />\r\n双鸟创始人 双鸟集团总裁<br />\r\n中国重型机械工业协会起重葫芦分会副理事长<br />\r\n全国工商联五金机电商会常务理事<br />\r\n绍兴市工商联执委<br />\r\n嵊州市工商联（总商会）副会长<br />\r\n浙江省机械工程学会物流工程分会理事会常务理事<br />\r\n绍兴市、嵊州市民企协会理事<br />\r\n全国重型机械行业优秀企业家<br />\r\n绍兴市劳动模范<br />\r\n绍兴市优秀中国特色社会主义事业建设者<br />\r\n绍兴市机械工业优秀企业家<br />\r\n绍兴市首届最感动员工的优秀企业<br />\r\n绍兴市关心下一代先进个人<br />\r\n绍兴市帮困助学先进个人<br />\r\n嵊州市杰出企业家、嵊州市劳动模范<br />\r\n"感动嵊州"2006年度人物 \r\n					</div>\r\n				</td>\r\n			</tr>\r\n			<tr>\r\n				<td style="line-height:30px;font-size:14px;" valign="top" colspan="2" align="left">\r\n					<hr style="color:#e53333;background:#e53333;border:1px #e53333 solid;margin:5px 0;" />\r\n					<div style="line-height:20px;font-size:14px;">\r\n						<strong style="color:#e53333;font-size:18px;">总裁致辞</strong><br />\r\nTHE PRESIDENT DELIVERED A SPEECH\r\n					</div>\r\n					<hr style="color:#e53333;background:#e53333;border:1px #e53333 solid;margin:5px 0;" />\r\n				</td>\r\n			</tr>\r\n			<tr>\r\n				<td style="line-height:30px;font-size:14px;" valign="top" colspan="2" align="left">\r\n					在改革开放春风的沐浴下，1984年4月，双鸟的前身——三王五金厂开始创办。 30年来，在各级领导和广大客户、供应商的关怀支持下，通过全体员工的共同努力， 双鸟取得了令人瞩目的成就。<br />\r\n双鸟30年的发展史，是一部双鸟人艰苦创业、开拓创新、追求卓越的奋斗史。30年来，双鸟人通过不断探索，逐步走出了一条具有自身特色的民营企业发展之路。在为社会创造财富的同时，形成了“团结拼搏、开拓创新、诚信务实、追求卓越” 的企业精神、“全员参与、齐谋发展、同创价值、共享繁荣”的企业宗旨和"百年双鸟，葫芦经典”的企业愿景，一个稳健快速发展和充满生机活力的双鸟展现在世人眼前，百年双鸟的美好愿景和壮丽梦想正一步步变成现实。<br />\r\n抚今追昔，值此双鸟建厂三十周年之际，站在双鸟二次创业的新起点，我们收集双鸟30年来留下的点滴珍贵记录，浓缩历史的足迹，定格难忘的瞬间，以激励双鸟人励精图治，不辱使命，继往开来，再创辉煌。<br />\r\n					<p align="right">\r\n						<img alt="" src="http://shuangniao.hzchihu.com/uploadfile/document/2014/07/29/1406616745954s0.png" width="143" height="66" /> \r\n					</p>\r\n				</td>\r\n			</tr>\r\n		</tbody>\r\n	</table>\r\n</div>', 1406626360),
(3, 'history', '发展历程', '<span style="font-size:14px;">1984年4月&nbsp;&nbsp;&nbsp; 创办"三王五金厂”，为起重机械加工配件，迈出创业第一步 </span><br />\r\n<span style="font-size:14px;">1990年10月&nbsp;&nbsp; 改名为“明溪五金厂”</span><br />\r\n<span style="font-size:14px;">1992年3月&nbsp;&nbsp;&nbsp; 改名为“嵊县起重机械厂”</span><br />\r\n<span style="font-size:14px;">1992年12月&nbsp;&nbsp; 与“杭州柴油机总厂”联营，改名为“嵊县动力机械厂”</span><br />\r\n<span style="font-size:14px;">1993年7月&nbsp;&nbsp;&nbsp; 与“杭州柴油机总厂”联营解除，恢复为“嵊县起重机械厂” </span><br />\r\n<span style="font-size:14px;">1994年5月&nbsp;&nbsp;&nbsp; 与香港王永铭联营，改名为“浙江嵊县文永冲压机床有限公司” </span><br />\r\n<span style="font-size:14px;">1995年3月&nbsp;&nbsp;&nbsp; 与香港王永铭联营解除，恢复为“嵊州市起重机械厂”名称 </span><br />\r\n<span style="font-size:14px;">1998年10月&nbsp;&nbsp; 成立"浙江双鸟机械有限公司”</span><br />\r\n<span style="font-size:14px;">2000年8月&nbsp;&nbsp;&nbsp; 成立上海双鸟机械有限公司 </span><br />\r\n<span style="font-size:14px;">2006年8月&nbsp;&nbsp;&nbsp; 成立浙江双鸟数码机床有限公司 </span><br />\r\n<span style="font-size:14px;">2007年3月&nbsp;&nbsp;&nbsp; 成立浙江锑必爱姆进出口有限公司 </span><br />\r\n<span style="font-size:14px;">2007年9月&nbsp;&nbsp;&nbsp; 成立浙江双鸟错链有限公司 </span><br />\r\n<span style="font-size:14px;">2008年4月&nbsp;&nbsp;&nbsp; 成立浙江双鸟起重设备有限公司 </span><br />\r\n<span style="font-size:14px;">2008年4月&nbsp;&nbsp;&nbsp; 成立双鸟集团有限公司</span> \r\n<p>\r\n	&nbsp;\r\n</p>\r\n<p>\r\n	<img alt="http://shuangniao.hzchihu.com//uploadfile/document/2014/07/29/14066213221524s0.jpg" src="http://shuangniao.hzchihu.com//uploadfile/document/2014/07/29/14066213221524s0.jpg" /> \r\n</p>\r\n<p>\r\n	&nbsp;&nbsp;&nbsp;&nbsp;&nbsp;&nbsp;&nbsp;&nbsp;&nbsp;&nbsp;&nbsp;&nbsp;&nbsp;&nbsp;&nbsp;&nbsp;&nbsp;&nbsp;&nbsp;&nbsp;&nbsp;&nbsp;&nbsp;&nbsp;&nbsp;&nbsp;&nbsp;&nbsp;&nbsp;&nbsp;&nbsp;&nbsp;&nbsp;&nbsp;&nbsp;&nbsp;1984-2004年双鸟机械厂区\r\n</p>\r\n<p>\r\n	&nbsp;\r\n</p>\r\n<p>\r\n	<img alt="http://shuangniao.hzchihu.com//uploadfile/document/2014/07/29/14066214390798s0.jpg" src="http://shuangniao.hzchihu.com//uploadfile/document/2014/07/29/14066214390798s0.jpg" /> \r\n</p>\r\n<p>\r\n	&nbsp;&nbsp;&nbsp;&nbsp;&nbsp;&nbsp;&nbsp;&nbsp;&nbsp;&nbsp;&nbsp;&nbsp;&nbsp;&nbsp;&nbsp;&nbsp;&nbsp;&nbsp;&nbsp;&nbsp;&nbsp;&nbsp;&nbsp;&nbsp;&nbsp;&nbsp;&nbsp;&nbsp;&nbsp;&nbsp;&nbsp;&nbsp;&nbsp;&nbsp;&nbsp;&nbsp;&nbsp;&nbsp;2004-2009年双鸟机械厂区\r\n</p>\r\n<p>\r\n	&nbsp;\r\n</p>\r\n<p>\r\n	<img alt="http://shuangniao.hzchihu.com//uploadfile/document/2014/07/29/14066215320203s0.jpg" src="http://shuangniao.hzchihu.com//uploadfile/document/2014/07/29/14066215320203s0.jpg" /> \r\n</p>\r\n<p>\r\n	&nbsp;&nbsp;&nbsp;&nbsp;&nbsp;&nbsp;&nbsp;&nbsp;&nbsp;&nbsp;&nbsp;&nbsp;&nbsp;&nbsp;&nbsp;&nbsp;&nbsp;&nbsp;&nbsp;&nbsp;&nbsp;&nbsp;&nbsp;&nbsp;&nbsp;&nbsp;&nbsp;&nbsp;&nbsp;&nbsp;&nbsp;&nbsp;&nbsp;&nbsp;&nbsp;&nbsp;&nbsp;目前双鸟机械厂区\r\n</p>', 1406621850),
(4, 'structure', '组织结构', '<br />\r\n<br />\r\n<img src="http://shuangniao.hzchihu.com//uploadfile/document/2014/07/30/14066814508936s0.jpg" alt="http://shuangniao.hzchihu.com//uploadfile/document/2014/07/30/14066814508936s0.jpg" />', 1406681468),
(6, 'contactus', '联系方式', '<span class="t14"> <b>浙江双鸟机械有限公司</b></span><br />\r\n地址：浙江省嵊州市黄泽镇工业园区<br />\r\n邮编：312455<br />\r\n<p>\r\n	<b>营销中心国内部：</b><br />\r\n内贸渠道部：0575-83055889 83503127 83503129 83053788<br />\r\n内贸电动部：0575-83501776 83505780 <br />\r\n传真：0575-83503838  83501765<br />\r\n电子信箱：sales@tbmhoist.com\r\n</p>\r\n<p>\r\n	<b>营销中心国际部：</b><br />\r\n电话：0086-575-83500007 83500008 013858561520<br />\r\n传真：0086-575-83051765 83505818<br />\r\n电子信箱：sales@tbmhoist.com\r\n</p>\r\n<p>\r\n	<b>销售后服务组：</b><br />\r\n电话：0575-83506556 13858566711<br />\r\n传真：0575-83503838\r\n</p>', 1401097540),
(7, 'route', '来司路线', '<!DOCTYPE html PUBLIC "-//W3C//DTD XHTML 1.0 Transitional//EN" "http://www.w3.org/TR/xhtml1/DTD/xhtml1-transitional.dtd">\r\n<html xmlns="http://www.w3.org/1999/xhtml">\r\n<head>\r\n<meta http-equiv="Content-Type" content="text/html; charset=gb2312" />\r\n<meta name="keywords" content="百度地图,百度地图API，百度地图自定义工具，百度地图所见即所得工具" />\r\n<meta name="description" content="百度地图API自定义地图，帮助用户在可视化操作下生成百度地图" />\r\n<title>百度地图API自定义地图</title>\r\n<!--引用百度地图API-->\r\n<style type="text/css">\r\n    html,body{margin:0;padding:0;}\r\n    .iw_poi_title {color:#CC5522;font-size:14px;font-weight:bold;overflow:hidden;padding-right:13px;white-space:nowrap}\r\n    .iw_poi_content {font:12px arial,sans-serif;overflow:visible;padding-top:4px;white-space:-moz-pre-wrap;word-wrap:break-word}\r\n</style>\r\n<script type="text/javascript" src="http://api.map.baidu.com/api?key=&v=1.1&services=true"></script>\r\n</head>\r\n\r\n<body>\r\n  <!--百度地图容器-->\r\n  <div style="width:670px;height:550px;border:#ccc solid 1px;" id="dituContent"></div>\r\n</body>\r\n<script type="text/javascript">\r\n    //创建和初始化地图函数：\r\n    function initMap(){\r\n        createMap();//创建地图\r\n        setMapEvent();//设置地图事件\r\n        addMapControl();//向地图添加控件\r\n        addMarker();//向地图中添加marker\r\n    }\r\n    \r\n    //创建地图函数：\r\n    function createMap(){\r\n        var map = new BMap.Map("dituContent");//在百度地图容器中创建一个地图\r\n        var point = new BMap.Point(120.893185,29.585253);//定义一个中心点坐标\r\n        map.centerAndZoom(point,17);//设定地图的中心点和坐标并将地图显示在地图容器中\r\n        window.map = map;//将map变量存储在全局\r\n    }\r\n    \r\n    //地图事件设置函数：\r\n    function setMapEvent(){\r\n        map.enableDragging();//启用地图拖拽事件，默认启用(可不写)\r\n        map.enableScrollWheelZoom();//启用地图滚轮放大缩小\r\n        map.enableDoubleClickZoom();//启用鼠标双击放大，默认启用(可不写)\r\n        map.enableKeyboard();//启用键盘上下左右键移动地图\r\n    }\r\n    \r\n    //地图控件添加函数：\r\n    function addMapControl(){\r\n        //向地图中添加缩放控件\r\n	var ctrl_nav = new BMap.NavigationControl({anchor:BMAP_ANCHOR_TOP_LEFT,type:BMAP_NAVIGATION_CONTROL_LARGE});\r\n	map.addControl(ctrl_nav);\r\n        //向地图中添加缩略图控件\r\n	var ctrl_ove = new BMap.OverviewMapControl({anchor:BMAP_ANCHOR_BOTTOM_RIGHT,isOpen:1});\r\n	map.addControl(ctrl_ove);\r\n        //向地图中添加比例尺控件\r\n	var ctrl_sca = new BMap.ScaleControl({anchor:BMAP_ANCHOR_BOTTOM_LEFT});\r\n	map.addControl(ctrl_sca);\r\n    }\r\n    \r\n    //标注点数组\r\n    var markerArr = [{title:"浙江双鸟机械有限公司",content:"浙江省嵊州市黄泽镇工业园区<br/>营销中心国内部:<br/>手动组电话：0575-83055889&nbsp;83503127&nbsp;83503129&nbsp;83053788<br/>电动组电话:&nbsp;0575-83501776&nbsp;<br/>传真：0575-83503838<br/>电子信箱:&nbsp;sales@tbmhoist.com<br/>销售后服务组：0575-83506556&nbsp;13858566711<br/>传真：&nbsp;0575-83503838",point:"120.889718|29.585567",isOpen:0,icon:{w:23,h:25,l:46,t:21,x:9,lb:12}}\r\n		 ];\r\n    //创建marker\r\n    function addMarker(){\r\n        for(var i=0;i<markerArr.length;i++){\r\n            var json = markerArr[i];\r\n            var p0 = json.point.split("|")[0];\r\n            var p1 = json.point.split("|")[1];\r\n            var point = new BMap.Point(p0,p1);\r\n			var iconImg = createIcon(json.icon);\r\n            var marker = new BMap.Marker(point,{icon:iconImg});\r\n			var iw = createInfoWindow(i);\r\n			var label = new BMap.Label(json.title,{"offset":new BMap.Size(json.icon.lb-json.icon.x+10,-20)});\r\n			marker.setLabel(label);\r\n            map.addOverlay(marker);\r\n            label.setStyle({\r\n                        borderColor:"#808080",\r\n                        color:"#333",\r\n                        cursor:"pointer"\r\n            });\r\n			\r\n			(function(){\r\n				var index = i;\r\n				var _iw = createInfoWindow(i);\r\n				var _marker = marker;\r\n				_marker.addEventListener("click",function(){\r\n				    this.openInfoWindow(_iw);\r\n			    });\r\n			    _iw.addEventListener("open",function(){\r\n				    _marker.getLabel().hide();\r\n			    })\r\n			    _iw.addEventListener("close",function(){\r\n				    _marker.getLabel().show();\r\n			    })\r\n				label.addEventListener("click",function(){\r\n				    _marker.openInfoWindow(_iw);\r\n			    })\r\n				if(!!json.isOpen){\r\n					label.hide();\r\n					_marker.openInfoWindow(_iw);\r\n				}\r\n			})()\r\n        }\r\n    }\r\n    //创建InfoWindow\r\n    function createInfoWindow(i){\r\n        var json = markerArr[i];\r\n        var iw = new BMap.InfoWindow("<b class=''iw_poi_title'' title=''" + json.title + "''>" + json.title + "</b><div class=''iw_poi_content''>"+json.content+"</div>");\r\n        return iw;\r\n    }\r\n    //创建一个Icon\r\n    function createIcon(json){\r\n        var icon = new BMap.Icon("http://app.baidu.com/map/images/us_mk_icon.png", new BMap.Size(json.w,json.h),{imageOffset: new BMap.Size(-json.l,-json.t),infoWindowOffset:new BMap.Size(json.lb+5,1),offset:new BMap.Size(json.x,json.h)})\r\n        return icon;\r\n    }\r\n    \r\n    initMap();//创建和初始化地图\r\n</script>\r\n</html>\r\n<p>\r\n	上海 --- 双鸟 : 经杭甬高速至上三高速 ( 温州方向 ) 到甬金高速 ( 宁波方向 ) 黄泽出口下<br />\r\n宁波 --- 双鸟 : 甬金高速黄泽出口下<br />\r\n义乌 --- 双鸟 : 甬金高速黄泽出口下 <br />\r\n温州 --- 双鸟 : 上三高速至甬金高速黄泽出口下\r\n</p>', 1401088558),
(8, 'footer', '底部信息', 'asdf\r\n', 0),
(9, 'register', '注册协议', '<p style="margin-top:0px;margin-bottom:0px;padding:0px;color:#333333;font-family:宋体, Arial, Helvetica, sans-serif;font-size:14px;line-height:30px;white-space:normal;background-color:#FFFFFF;">\r\n	&nbsp; &nbsp;&nbsp;双鸟机械立足于商务，为客户提供全方位的服务。<br />\r\n&nbsp; &nbsp; 双鸟机械的各项电子服务的所有权和运作权归浙江双鸟机械有限公司。双鸟机械提供的服务将完全按照其发布的章程、服务条款和操作规则严格执行。会员若完全同意所有服务条款，并完成注册程序，即可成为双鸟机械的正式会员。<br />\r\n&nbsp; &nbsp; 1. 基本条件<br />\r\n&nbsp; &nbsp; 双鸟机械以自己的操作系统，通过互联网络为会员提供网络服务。为此，会员须具备以下基本条件：<br />\r\n&nbsp; &nbsp; ⑴ 自行配备上网所需设备，包括电脑、调制解调器或其它必备上网装置。<br />\r\n&nbsp; &nbsp; ⑵ 自行负担企业上网所需支付的与此服务有关的电话费用、网络费用。<br />\r\n&nbsp; &nbsp; 2. 服务条件<br />\r\n&nbsp; &nbsp; 基于双鸟机械提供的网络服务的商业性和时效性：<br />\r\n&nbsp; &nbsp; ⑴ 会员对其发布的信息负责，应提供详尽、真实、准确的企业资料，不得发布不真实的、有歧义的信息，绝对禁止发布误导性的、恶意的消息。<br />\r\n&nbsp; &nbsp; ⑵ 随时更新注册资料，以符合及时、详尽、准确的要求。<br />\r\n&nbsp; &nbsp; ⑶ 双鸟机械向会员提供的会员帐号及密码只供会员使用。如果会员将帐号或密码丢失或被盗，应及时重新登记并重新设置密码。会员造成的帐号失密，应自行承担责任。<br />\r\n&nbsp; &nbsp; ⑷ 会员若发现双鸟机械发布的信息不准确或发生错误，以及其它错误行为，应及时通知本网。<br />\r\n&nbsp; &nbsp; ⑸ 双鸟机械向会员提供的商品信息之编辑、编制、传播的版权和知识产权，全部由双鸟机械拥有；未经双鸟机械事先以书面表示同意，任何人不得以各种形式复制、散布、出售、出版、广播、转播该商品信息。<br />\r\n&nbsp; &nbsp; ⑹ 双鸟机械如发现会员提供的资料包含有不正确的信息，将发出警告，并保留停止或终止其会员资格的权利。<br />\r\n&nbsp; &nbsp; ⑺ 双鸟机械网站仅作获取和发布交易信息的平台，不能控制交易所涉及的物品的质量、安全或合法性，商贸信息的真实性或准确性，以及交易方履行其在贸易协议项下的各项义务的能力。双鸟机械不能也不会控制交易各方能否履行协议义务。此外，您应注意到，与外国国民、未成年人或以欺诈手段行事的人进行交易的风险是客观存在的。<br />\r\n&nbsp; &nbsp; ⑻ 会员如违反本协议而造成双鸟机械的经济损失，本网有权追究其经济责任与法律责任。<br />\r\n&nbsp; &nbsp; 3. 会员权利与义务<br />\r\n&nbsp; &nbsp; 会员的所有行为必须符合国家法律的规定。如违反国家法律规定和本协议，出现任何纠纷及不良结果，将由行为人独立承担所有责任。<br />\r\n&nbsp; &nbsp; 会员可随时对双鸟机械的服务提出批评、建议。<br />\r\n</p>', 1402164077);

-- --------------------------------------------------------

--
-- 表的结构 `db_fix`
--

CREATE TABLE IF NOT EXISTS `db_fix` (
  `returns_id` int(10) unsigned NOT NULL AUTO_INCREMENT COMMENT '退货记录ID',
  `rec_id` int(12) NOT NULL COMMENT '订单产品ID',
  `order_id` int(10) unsigned NOT NULL COMMENT '订单ID',
  `goods_id` int(11) NOT NULL COMMENT '退货的商品id',
  `return_sn` varchar(100) NOT NULL COMMENT '退货编号',
  `order_sn` varchar(100) NOT NULL COMMENT '订单编号',
  `user_id` int(10) unsigned NOT NULL COMMENT '买家ID',
  `buyer_name` varchar(50) NOT NULL COMMENT '买家会员名',
  `return_goodsnum` int(10) unsigned NOT NULL COMMENT '退货数量',
  `add_time` int(10) unsigned NOT NULL COMMENT '添加时间',
  `update_time` int(10) DEFAULT NULL COMMENT '处理时间',
  `return_message` varchar(300) DEFAULT NULL COMMENT '卖家审核理由',
  `buyer_message` varchar(300) DEFAULT NULL COMMENT '买家退货理由',
  `pic1` varchar(255) DEFAULT NULL COMMENT '返修图片说明',
  `pic2` varchar(255) DEFAULT NULL COMMENT '返修图片说明',
  `pic3` varchar(255) DEFAULT NULL COMMENT '返修图片说明',
  `pic4` varchar(255) DEFAULT NULL COMMENT '返修图片说明',
  `pic5` varchar(255) DEFAULT NULL COMMENT '返修图片说明',
  `re_state` tinyint(1) DEFAULT '1' COMMENT '单据状态，0取消1未审核2不通过3通过4完结',
  `admin_name` varchar(100) DEFAULT NULL COMMENT '操作员',
  `sts` tinyint(1) DEFAULT '0' COMMENT '0显示1不显示',
  PRIMARY KEY (`returns_id`)
) ENGINE=MyISAM  DEFAULT CHARSET=utf8 COMMENT='退货表' AUTO_INCREMENT=18 ;

--
-- 转存表中的数据 `db_fix`
--

INSERT INTO `db_fix` (`returns_id`, `rec_id`, `order_id`, `goods_id`, `return_sn`, `order_sn`, `user_id`, `buyer_name`, `return_goodsnum`, `add_time`, `update_time`, `return_message`, `buyer_message`, `pic1`, `pic2`, `pic3`, `pic4`, `pic5`, `re_state`, `admin_name`, `sts`) VALUES
(15, 32, 224, 47, '53ba74b707af5', '2014062536924333', 29, '许则林', 0, 1404728503, NULL, NULL, 'asdf ', NULL, NULL, NULL, NULL, NULL, 1, NULL, 0),
(14, 37, 227, 40, '53ba746fd5779', '2014070464939644', 29, '许则林', 0, 1404728431, NULL, NULL, '链条断裂', NULL, NULL, NULL, NULL, NULL, 1, NULL, 0),
(13, 42, 232, 48, '53ba743e088fa', '2014070491262971', 29, '许则林', 0, 1404728382, NULL, NULL, '沙敦府', NULL, NULL, NULL, NULL, NULL, 1, NULL, 0),
(16, 78, 265, 56, '53d8b17d8fed4', '2014073088929345', 43, '辽宁', 0, 1406710141, NULL, NULL, '链条裂开', NULL, NULL, NULL, NULL, NULL, 0, NULL, 0),
(17, 126, 304, 66, '5409f303962e5', '2014090660773042', 61, 'qianhaiyou', 1, 1409938179, 1410190998, '同意返修', '其他', 'uploadfile/2014/09/06/14099381796277s61.jpg', NULL, NULL, NULL, NULL, 3, 'admin', 0);

-- --------------------------------------------------------

--
-- 表的结构 `db_goods`
--

CREATE TABLE IF NOT EXISTS `db_goods` (
  `goods_id` int(10) unsigned NOT NULL AUTO_INCREMENT COMMENT '商品索引id',
  `goods_name` varchar(100) NOT NULL COMMENT '商品名称',
  `goods_english` varchar(100) NOT NULL COMMENT '英语名称或者小名',
  `gc_id` int(10) unsigned NOT NULL COMMENT '商品分类id',
  `gc_name` varchar(200) NOT NULL COMMENT '商品分类名称',
  `brand_id` int(10) unsigned NOT NULL DEFAULT '0' COMMENT '商品品牌id',
  `type_id` int(10) unsigned NOT NULL DEFAULT '0' COMMENT '类型id',
  `isjiajia` tinyint(4) NOT NULL DEFAULT '0' COMMENT '是否开启加价按钮1开启',
  `ispromotion` tinyint(4) DEFAULT '0' COMMENT '是否开启促销',
  `spec_open` tinyint(1) NOT NULL DEFAULT '0' COMMENT '商品规格开启状态，1开启，0关闭',
  `spec_id` int(11) NOT NULL DEFAULT '0' COMMENT '商品默认对应的规格id',
  `spec_name` varchar(255) NOT NULL DEFAULT '' COMMENT '规格名称',
  `goods_image` varchar(100) NOT NULL COMMENT '商品默认封面图片',
  `goods_image_more` text COMMENT '商品多图',
  `goods_shop_price` decimal(10,2) NOT NULL COMMENT '商品店铺价格',
  `goods_market_price` decimal(10,2) DEFAULT NULL COMMENT '市场价格',
  `goods_shop_price_interval` varchar(30) NOT NULL DEFAULT '' COMMENT '商品价格区间',
  `goods_market_price_interval` varchar(30) DEFAULT '',
  `goods_serial` varchar(50) NOT NULL DEFAULT '' COMMENT '商品货号',
  `goods_show` tinyint(1) NOT NULL COMMENT '商品上架,0仓库中1上架',
  `goods_click` int(11) NOT NULL DEFAULT '1' COMMENT '商品浏览数',
  `goods_state` tinyint(1) NOT NULL DEFAULT '0' COMMENT '商品状态，0开启，1违规下架',
  `goods_commend` tinyint(1) NOT NULL COMMENT '商品推荐',
  `goods_add_time` int(20) NOT NULL COMMENT '商品添加时间',
  `goods_keywords` varchar(255) NOT NULL DEFAULT '' COMMENT '商品关键字',
  `goods_description` varchar(255) NOT NULL DEFAULT '' COMMENT '商品描述',
  `goods_body` text NOT NULL COMMENT '商品详细内容',
  `goods_tech` text CHARACTER SET utf8 COLLATE utf8_unicode_ci COMMENT '技术参数',
  `goods_attr` text COMMENT '商品属性',
  `goods_spec` text COMMENT '商品规格',
  `goods_col_img` text COMMENT '颜色自定义图片',
  `goods_indate` tinyint(1) unsigned NOT NULL DEFAULT '7' COMMENT '发布有效期',
  `goods_starttime` varchar(10) DEFAULT NULL COMMENT '发布开始时间',
  `goods_endtime` varchar(10) DEFAULT NULL COMMENT '发布结束时间',
  `goods_weight` decimal(5,2) DEFAULT '0.00',
  `transport_id` mediumint(8) unsigned DEFAULT '0' COMMENT '运费模板ID，不使用运费模板值为0',
  `py_price` decimal(10,2) DEFAULT '0.00' COMMENT '平邮',
  `kd_price` decimal(10,2) DEFAULT '0.00' COMMENT '快递',
  `es_price` decimal(10,2) DEFAULT '0.00' COMMENT 'EMS',
  `city_id` mediumint(8) unsigned DEFAULT '0' COMMENT '商品所在地(市)',
  `province_id` mediumint(8) unsigned DEFAULT '0' COMMENT '商品所在地(省)',
  `goods_close_reason` varchar(255) DEFAULT NULL COMMENT '商品违规下架原因',
  `goods_shop_state` tinyint(1) NOT NULL DEFAULT '0' COMMENT '商品所在店铺状态 0开启 1关闭',
  `commentnum` int(10) unsigned NOT NULL DEFAULT '0' COMMENT '评论次数',
  `commentgood` int(3) NOT NULL DEFAULT '0' COMMENT '好评次数',
  `commentgeneral` int(3) NOT NULL DEFAULT '0' COMMENT '一般的评论数次',
  `commentbad` int(3) NOT NULL DEFAULT '0' COMMENT '不好的评论次数',
  `commentscore` int(3) NOT NULL DEFAULT '100' COMMENT '平均分',
  `salenum` int(10) unsigned NOT NULL DEFAULT '0' COMMENT '售出数量',
  `goods_collect` int(10) unsigned NOT NULL DEFAULT '0' COMMENT '商品收藏数量',
  `goods_goldnum` int(10) unsigned NOT NULL DEFAULT '0' COMMENT '直通车剩余金币额',
  `goods_isztc` tinyint(1) NOT NULL DEFAULT '0' COMMENT '是否是直通车商品 0不是 1是直通车商品',
  `goods_ztcstate` tinyint(1) NOT NULL DEFAULT '1' COMMENT '直通车状态  1表示开启 2表示中止',
  `goods_ztcstartdate` int(10) unsigned NOT NULL DEFAULT '0' COMMENT '开始时间',
  `goods_ztclastdate` int(10) unsigned DEFAULT NULL COMMENT '最后消费金币的时间 如果没有设置的话则按照没有减金币情况',
  `group_flag` tinyint(1) unsigned DEFAULT '0' COMMENT '团购标识(团购1/非团购0)',
  `group_price` decimal(10,2) NOT NULL DEFAULT '0.00' COMMENT '团购价格',
  `goods_transfee_charge` tinyint(1) unsigned NOT NULL DEFAULT '0' COMMENT '商品运费承担方式 默认 0为买家承担 1为卖家承担',
  `sts` tinyint(1) DEFAULT '0' COMMENT '逻辑删除，0正常，1删除',
  `goods_nofeesum` tinyint(1) DEFAULT '0' COMMENT '商品免运费件数，默认0，表示不免运费',
  `goods_sell` tinyint(1) DEFAULT '0' COMMENT '出售方式：0普通、1团购、2混批',
  `goods_words` varchar(255) DEFAULT NULL COMMENT '商品简评',
  `goods_listorder` tinyint(4) DEFAULT '99' COMMENT '排序',
  PRIMARY KEY (`goods_id`),
  KEY `goods_name` (`goods_name`,`gc_id`) USING BTREE,
  KEY `spec_id` (`spec_id`) USING BTREE
) ENGINE=MyISAM  DEFAULT CHARSET=utf8 COMMENT='商品表' AUTO_INCREMENT=92 ;

--
-- 转存表中的数据 `db_goods`
--

INSERT INTO `db_goods` (`goods_id`, `goods_name`, `goods_english`, `gc_id`, `gc_name`, `brand_id`, `type_id`, `isjiajia`, `ispromotion`, `spec_open`, `spec_id`, `spec_name`, `goods_image`, `goods_image_more`, `goods_shop_price`, `goods_market_price`, `goods_shop_price_interval`, `goods_market_price_interval`, `goods_serial`, `goods_show`, `goods_click`, `goods_state`, `goods_commend`, `goods_add_time`, `goods_keywords`, `goods_description`, `goods_body`, `goods_tech`, `goods_attr`, `goods_spec`, `goods_col_img`, `goods_indate`, `goods_starttime`, `goods_endtime`, `goods_weight`, `transport_id`, `py_price`, `kd_price`, `es_price`, `city_id`, `province_id`, `goods_close_reason`, `goods_shop_state`, `commentnum`, `commentgood`, `commentgeneral`, `commentbad`, `commentscore`, `salenum`, `goods_collect`, `goods_goldnum`, `goods_isztc`, `goods_ztcstate`, `goods_ztcstartdate`, `goods_ztclastdate`, `group_flag`, `group_price`, `goods_transfee_charge`, `sts`, `goods_nofeesum`, `goods_sell`, `goods_words`, `goods_listorder`) VALUES
(29, '舞台环链电动葫芦', '999', 101, '手动葫芦 > 手扳葫芦', 1, 2, 0, 0, 1, 945, 'a:1:{i:1;s:6:"年份";}', 'uploadfile/shops/0/2014/05/1401036511818s0.jpg', 'a:5:{i:0;s:46:"uploadfile/shops/0/2014/05/1401036511818s0.jpg";i:1;s:0:"";i:2;s:0:"";i:3;s:0:"";i:4;s:0:"";}', '439.00', '439.00', '', '439.00', '999', 0, 100, 1, 1, 1402423335, '', '', '<div>\r\n	<p>\r\n		<img alt="" src="http://www.jiumei.com/userfiles/image/taohong_01.jpg" height="75" width="980" /><img alt="" src="http://www.jiumei.com/userfiles/image/taohong_02.jpg" height="94" width="980" /><img alt="" src="http://www.jiumei.com/userfiles/image/taohong_03.jpg" height="81" width="980" /><img alt="" src="http://www.jiumei.com/userfiles/image/taohong_04.jpg" height="61" width="980" /><img alt="" src="http://www.jiumei.com/userfiles/image/taohong_05.jpg" height="84" width="980" /><img alt="" src="http://www.jiumei.com/userfiles/image/taohong_06.jpg" height="112" width="980" /><img alt="" src="http://www.jiumei.com/userfiles/image/taohong_07.jpg" height="88" width="980" /><img alt="" src="http://www.jiumei.com/userfiles/image/taohong_08.jpg" height="105" width="980" /><img alt="" src="http://www.jiumei.com/userfiles/image/taohong_09.jpg" height="98" width="980" /><img alt="" src="http://www.jiumei.com/userfiles/image/taohong_10.jpg" height="97" width="980" /><img alt="" src="http://www.jiumei.com/userfiles/image/taohong_11%281%29.jpg" height="125" width="980" /><img alt="" src="http://www.jiumei.com/userfiles/image/taohong_12.jpg" height="93" width="980" /><img alt="" src="http://www.jiumei.com/userfiles/image/taohong_13.jpg" /><img alt="" src="http://www.jiumei.com/userfiles/image/taohong_14%281%29.jpg" height="86" width="980" /><img alt="" src="http://www.jiumei.com/userfiles/image/taohong_15%281%29.jpg" height="93" width="980" /><img alt="" src="http://www.jiumei.com/userfiles/image/taohong_16%281%29.jpg" height="98" width="980" /><img alt="" src="http://www.jiumei.com/userfiles/image/taohong_17%281%29.jpg" height="98" width="980" /><img alt="" src="http://www.jiumei.com/userfiles/image/taohong_18%281%29.jpg" height="104" width="980" /><img alt="" src="http://www.jiumei.com/userfiles/image/taohong_19.jpg" height="99" width="980" /><img alt="" src="http://www.jiumei.com/userfiles/image/taohong_20.jpg" height="96" width="980" /><img alt="" src="http://www.jiumei.com/userfiles/image/taohong_21.jpg" height="95" width="980" /><img alt="" src="http://www.jiumei.com/userfiles/image/taohong_22.jpg" height="97" width="980" /><img alt="" src="http://www.jiumei.com/userfiles/image/taohong_23.jpg" height="108" width="980" /><img alt="" src="http://www.jiumei.com/userfiles/image/taohong_24.jpg" height="120" width="980" /><img alt="" src="http://www.jiumei.com/userfiles/image/taohong_25.jpg" height="123" width="980" /><img alt="" src="http://www.jiumei.com/userfiles/image/taohong_26.jpg" height="82" width="980" /><img alt="" src="http://www.jiumei.com/userfiles/image/taohong_27.jpg" height="127" width="980" /> \r\n	</p>\r\n	<p>\r\n		<br />\r\n	</p>\r\n</div>', '', 'a:8:{i:1;a:3:{s:4:"name";s:6:"人群";s:5:"value";s:6:"女士";s:5:"group";s:1:"1";}i:3;a:3:{s:4:"name";s:6:"口感";s:5:"value";s:6:"醇厚";s:5:"group";s:1:"1";}i:6;a:3:{s:4:"name";s:6:"产地";s:5:"value";s:6:"法国";s:5:"group";s:1:"2";}i:8;a:3:{s:4:"name";s:6:"对象";s:5:"value";s:9:"送女士";s:5:"group";s:1:"3";}i:9;a:3:{s:4:"name";s:6:"品种";s:5:"value";a:6:{i:0;s:12:"莫斯卡托";i:1;s:9:"加文拿";i:2;s:12:"普罗塞克";i:3;s:12:"卡内奥罗";i:4;s:12:"绿维特纳";i:5;s:12:"罗蒂内拉";}s:5:"group";s:1:"4";}i:13;a:3:{s:4:"name";s:6:"等级";s:5:"value";s:3:"VdM";s:5:"group";s:1:"9";}i:18;a:3:{s:4:"name";s:6:"容量";s:5:"value";a:1:{i:0;s:4:"1000";}s:5:"group";s:1:"9";}i:14;a:3:{s:4:"name";s:6:"美食";s:5:"value";a:3:{i:0;s:6:"牛肉";i:1;s:6:"甜点";i:2;s:15:"中式拌牛肉";}s:5:"group";s:2:"10";}}', '', 'a:0:{}', 7, '1402423335', '1403028135', '999.00', 0, '0.00', '0.00', '0.00', 0, 0, NULL, 0, 0, 0, 0, 0, 100, 0, 0, 0, 0, 1, 0, NULL, 0, '0.00', 0, 1, 0, 0, '999', 99),
(45, 'aaa', '999', 93, '单轨行车', 1, 2, 0, 0, 1, 952, 'a:1:{i:1;s:6:"吨位";}', '', 'a:5:{i:0;s:0:"";i:1;s:0:"";i:2;s:0:"";i:3;s:0:"";i:4;s:0:"";}', '22.00', '22.00', '', '', '999', 0, 35, 1, 0, 1402424285, '', '', 'adsf', 'adsf', '', 'a:1:{i:1;a:4:{i:36;s:1:"9";i:32;s:1:"3";i:31;s:1:"2";i:29;s:1:"1";}}', 'a:0:{}', 7, '1402424285', '1403029085', '999.00', 0, '0.00', '0.00', '0.00', 0, 0, NULL, 0, 0, 0, 0, 0, 100, 0, 0, 0, 0, 1, 0, NULL, 0, '0.00', 0, 1, 0, 0, '999', 99),
(54, 'qujian22', '999', 100, '手动葫芦 > 手拉葫芦', 1, 2, 1, 0, 1, 961, 'a:1:{i:1;s:6:"米数";}', '', 'a:5:{i:0;s:0:"";i:1;s:0:"";i:2;s:0:"";i:3;s:0:"";i:4;s:0:"";}', '0.00', '0.00', '300~1000', '0.00', '999', 0, 40, 1, 1, 1405908571, '', '', '', '', '', 'a:1:{i:1;a:4:{i:43;s:1:"4";i:37;s:2:"10";i:33;s:1:"5";i:45;s:1:"8";}}', 'a:0:{}', 7, '1405908571', '1406513371', '999.00', 0, '0.00', '0.00', '0.00', 0, 0, NULL, 0, 0, 0, 0, 0, 100, 0, 0, 0, 0, 1, 0, NULL, 0, '0.00', 0, 1, 0, 0, '999', 99),
(53, 'qujian', '999', 101, '手动葫芦 > 手扳葫芦', 1, 2, 0, 0, 1, 960, 'a:1:{i:1;s:6:"米数";}', '', 'a:5:{i:0;s:0:"";i:1;s:0:"";i:2;s:0:"";i:3;s:0:"";i:4;s:0:"";}', '0.00', '0.00', '300~1100', '0.00', '999', 0, 28, 1, 1, 1405667686, '', '', 'asdfadsf', '', '', 'a:1:{i:1;a:2:{i:32;s:1:"3";i:29;s:1:"1";}}', 'a:0:{}', 7, '1405667686', '1406272486', '999.00', 0, '0.00', '0.00', '0.00', 0, 0, NULL, 0, 0, 0, 0, 0, 100, 0, 0, 0, 0, 1, 0, NULL, 0, '0.00', 0, 1, 0, 0, '999', 99),
(39, '环链电动葫芦', '999', 88, '环链电动葫芦', 0, 0, 0, 0, 1, 951, 'a:2:{i:1;s:6:"吨位";i:2;s:6:"米数";}', 'uploadfile/shops/0/2014/05/14010214633202s0.jpg', 'a:5:{i:0;s:47:"uploadfile/shops/0/2014/05/14010214633202s0.jpg";i:1;s:47:"uploadfile/shops/0/2014/05/14010214670348s0.jpg";i:2;s:0:"";i:3;s:0:"";i:4;s:0:"";}', '12.00', '12.00', '', '12.00', '999', 0, 49, 1, 1, 1402423353, 'asdf', 'asdf', 'asdf', '', '', '', NULL, 7, '1402423353', '1403028153', '999.00', 0, '0.00', '0.00', '0.00', 0, 0, NULL, 0, 0, 0, 0, 0, 100, 0, 0, 0, 0, 1, 0, NULL, 0, '0.00', 0, 1, 0, 0, '999', 1),
(40, 'SHH816 型新款环链电动葫芦', '999', 88, '环链电动葫芦', 1, 2, 0, 0, 1, 946, 'a:2:{i:1;s:6:"吨位";i:2;s:6:"米数";}', 'uploadfile/shops/0/2014/05/14010214633202s0.jpg', 'a:5:{i:0;s:47:"uploadfile/shops/0/2014/05/14010214633202s0.jpg";i:1;s:47:"uploadfile/shops/0/2014/05/14010214670348s0.jpg";i:2;s:0:"";i:3;s:0:"";i:4;s:0:"";}', '12.00', '12.00', '', '12.00', '999', 0, 283, 1, 1, 1402424225, 'asdf', 'asdf', 'asdf', '', '', '', 'a:0:{}', 7, '1402424225', '1403029025', '999.00', 0, '0.00', '0.00', '0.00', 0, 0, NULL, 0, 0, 0, 0, 0, 100, 0, 0, 0, 0, 1, 0, NULL, 0, '0.00', 0, 1, 0, 0, '999', 1),
(43, '新款环链电动葫芦', '999', 88, '环链电动葫芦', 999, 0, 0, 0, 1, 949, 'a:2:{i:1;s:6:"吨位";i:2;s:6:"米数";}', 'uploadfile/shops/0/2014/05/1401022126242s0.jpg', 'a:5:{i:0;s:46:"uploadfile/shops/0/2014/05/1401022126242s0.jpg";i:1;s:0:"";i:2;s:0:"";i:3;s:0:"";i:4;s:0:"";}', '11.00', '11.00', '', '', '999', 0, 13, 1, 0, 1401034908, 'aa', 'bb', 'asdfadsf', '', '', '', 'a:0:{}', 7, '1401034908', '1401639708', '999.00', 0, '0.00', '0.00', '0.00', 0, 0, NULL, 0, 0, 0, 0, 0, 100, 0, 0, 0, 0, 1, 0, NULL, 0, '0.00', 0, 1, 0, 0, '999', 99),
(46, 'ceshi222', '999', 93, '单轨行车', 2, 1, 0, 0, 1, 953, 'a:1:{i:1;s:6:"米数";}', 'uploadfile/shops/0/2014/06/14029056862429s0.png', 'a:5:{i:0;s:47:"uploadfile/shops/0/2014/06/14029056862429s0.png";i:1;s:0:"";i:2;s:0:"";i:3;s:0:"";i:4;s:0:"";}', '123.00', '123.00', '', '123.00', '999', 0, 104, 1, 1, 1405260623, '', '', 'adfadfadsfadsf阿德所发生的好', '', '', '', NULL, 7, '1405260623', '1405865423', '999.00', 0, '0.00', '0.00', '0.00', 0, 0, NULL, 0, 0, 0, 0, 0, 100, 0, 0, 0, 0, 1, 0, NULL, 0, '0.00', 0, 1, 0, 0, '999', 99),
(47, '阿呆沙发的', '999', 88, '环链电动葫芦', 2, 2, 1, 0, 1, 954, 'a:1:{i:1;s:6:"米数";}', '', 'a:5:{i:0;s:0:"";i:1;s:0:"";i:2;s:0:"";i:3;s:0:"";i:4;s:0:"";}', '11.00', '11.00', '', '11.00', '999', 0, 90, 1, 1, 1403414968, '', '', '阿斯顿发', '', '', 'a:1:{i:1;a:2:{i:43;s:1:"4";i:45;s:1:"8";}}', 'a:0:{}', 7, '1403414968', '1404019768', '999.00', 0, '0.00', '0.00', '0.00', 0, 0, NULL, 0, 0, 0, 0, 0, 100, 0, 0, 0, 0, 1, 0, NULL, 0, '0.00', 0, 1, 0, 0, '999', 99),
(48, 'onemore', '999', 88, '环链电动葫芦', 1, 2, 1, 0, 1, 955, 'a:1:{i:1;s:6:"米数";}', 'uploadfile/shops/0/2014/06/14029084937359s0.png', 'a:5:{i:0;s:47:"uploadfile/shops/0/2014/06/14029084937359s0.png";i:1;s:0:"";i:2;s:0:"";i:3;s:0:"";i:4;s:0:"";}', '14.00', '14.00', '', '14.00', '999', 0, 396, 1, 1, 1403414907, '', '', 'adsf', '', '', 'a:1:{i:1;a:7:{i:43;s:1:"4";i:37;s:2:"10";i:36;s:1:"9";i:33;s:1:"5";i:32;s:1:"3";i:29;s:1:"1";i:42;s:3:"2.5";}}', 'a:0:{}', 7, '1403414907', '1404019707', '999.00', 0, '0.00', '0.00', '0.00', 0, 0, NULL, 0, 0, 0, 0, 0, 100, 0, 0, 0, 0, 1, 0, NULL, 0, '0.00', 0, 1, 0, 0, '999', 99),
(49, 'aaa ', '999', 88, '环链电动葫芦', 7, 1, 0, 0, 1, 956, 'a:1:{i:1;s:6:"米数";}', '', 'a:5:{i:0;s:0:"";i:1;s:0:"";i:2;s:0:"";i:3;s:0:"";i:4;s:0:"";}', '11.00', '11.00', '', '11.00', '999', 0, 6, 1, 1, 1404274315, '', '', 'adf&nbsp;', '', '', '', NULL, 7, '1404274315', '1404879115', '999.00', 0, '0.00', '0.00', '0.00', 0, 0, NULL, 0, 0, 0, 0, 0, 100, 0, 0, 0, 0, 1, 0, NULL, 0, '0.00', 0, 1, 0, 0, '999', 99),
(55, 'HSZ-A619手拉葫芦(0.5t-5t)', '999', 100, '手动葫芦 > 手拉葫芦', 1, 2, 0, 0, 1, 985, 'a:1:{i:1;s:6:"米数";}', 'uploadfile/shops/0/2014/07/14066108560002s0.jpg', 'a:5:{i:0;s:47:"uploadfile/shops/0/2014/07/14066108560002s0.jpg";i:1;s:47:"uploadfile/shops/0/2014/07/14060820114361s0.jpg";i:2;s:0:"";i:3;s:0:"";i:4;s:0:"";}', '0.00', '0.00', '384-42143', '0.00', '999', 1, 403, 0, 1, 1409301669, '手拉葫芦', '手拉葫芦', '<p>\r\n	<img src="http://shuangniao.hzchihu.com/statics/admin/js/kindeditor/attached/image/20140829/20140829083341_40857.jpg" alt="" /><img alt="" src="/statics/admin/js/kindeditor/attached/image/20140729/20140729024558_12447.jpg" /> \r\n</p>\r\n<p>\r\n	<strong>1、依据《En13157》标准设计制造，主要零部件和整机性能均经严格的检查和测试，产品的可靠度大大提高，在使用中保证了使用人员的安全性。</strong> \r\n</p>\r\n<p>\r\n	<strong>2、采用低合金结构钢板，安全可靠、经久耐用。</strong> \r\n</p>\r\n<p>\r\n	<strong>3、采用800Mpa高强度起重链条，锻打式的吊钩设计确保缓慢起升以防过载；符合欧洲CE安全标准。安全系数高，使用寿命长。</strong> \r\n</p>\r\n<p>\r\n	<strong>4、采用整体轴承，大大提高了产品的性能、使用寿命和易维修性。</strong> \r\n</p>\r\n<p>\r\n	<strong>5、转动平稳，效率高，手板力小。</strong> \r\n</p>\r\n<p>\r\n	<strong>6、采用双棘爪、冲压件导链板（双导轮结构选用），更加安全可靠。</strong> \r\n</p>\r\n<p>\r\n	<strong>7、机体体型小、重量轻、携带方便。</strong> \r\n</p>\r\n<p>\r\n	<strong>8、结构紧凑合理、整机运行平稳、外形美观新颖。</strong> \r\n</p>\r\n<p>\r\n	<strong>9、独特超载装置（单向离合器的采用）专利技术，供选用。</strong> \r\n</p>\r\n<p>\r\n	<strong>10、外壳材质是优质合金钢，坚固耐磨，安全性能高。<img alt="" src="/statics/admin/js/kindeditor/attached/image/20140729/20140729024626_85940.gif" /><img alt="" src="/statics/admin/js/kindeditor/attached/image/20140729/20140729024637_96237.gif" /><img alt="" src="/statics/admin/js/kindeditor/attached/image/20140729/20140729024715_66431.jpg" /> </strong> \r\n</p>\r\n<p>\r\n	<strong>1.要保持连续和令人满意的操作，必须实施定期项目检查规程，更换磨损或损坏的零部件，以使其不成为非安全操作的隐患。</strong> \r\n</p>\r\n<p>\r\n	<strong>2.项目检查间隔依葫芦使用情况而定，并基于所使用的葫芦类型以及重要零部件的磨损程度、老化和故障程度来确定项目检查间隔。</strong> \r\n</p>\r\n<p>\r\n	<strong>3.不要使用处于维修状态的葫芦。</strong> \r\n</p>\r\n<p>\r\n	<strong>4.不要在吊有载荷的情况下储藏葫芦。</strong> \r\n</p>\r\n<p>\r\n	<strong>5.擦除葫芦上的污渍。</strong> \r\n</p>\r\n<p>\r\n	<strong>6.在干燥清洁的场所储藏葫芦。</strong> \r\n</p>\r\n<p>\r\n	<strong>7.应确保对起重链条，吊销、上钩轴、吊钩颈部等零部件的润滑。</strong> \r\n</p>\r\n<p>\r\n	<strong>8.应确保用于黄油相同的机械油对起重链条加以良好润滑。<img alt="" src="/statics/admin/js/kindeditor/attached/image/20140729/20140729024759_17899.jpg" /> </strong> \r\n</p>\r\n<p>\r\n	<strong>操作前注意事项：</strong> \r\n</p>\r\n<p>\r\n	<strong>1.铭牌内容是否清晰易读。</strong> \r\n</p>\r\n<p>\r\n	<strong>2.操作前，应确保实施过项目检查分类中的所有内容。</strong> \r\n</p>\r\n<p>\r\n	<strong>3.对提升或拉紧物需进行质量估算，再选用合适的起重葫芦。</strong> \r\n</p>\r\n<p>\r\n	<strong>4.提升应确保重物独立，勿同其他物体硬性连接。</strong> \r\n</p>\r\n<p>\r\n	<strong>5.确保检查下吊销有无变形或裂痕，并且工作稳定。</strong> \r\n</p>\r\n<p>\r\n	<strong>6.确保检查制动系统跟棘爪工作正常。</strong> \r\n</p>\r\n<p>\r\n	<strong>7.确保检查起重链条润滑状态良好。</strong> \r\n</p>\r\n<p>\r\n	<strong>8.起重链条是特殊合金钢制作并经过热处理，不能私自进行焊接或改装。</strong> \r\n</p>\r\n<p>\r\n	<strong>操作中注意事项：</strong> \r\n</p>\r\n<p>\r\n	<strong>1.勿使用带有变形或有裂痕的起重链条的葫芦。</strong> \r\n</p>\r\n<p>\r\n	<strong>2.勿将起重链条作为重载索具使用。</strong> \r\n</p>\r\n<p>\r\n	<strong>3.勿将该葫芦作为支撑使用。</strong> \r\n</p>\r\n<p>\r\n	<strong>4.勿将重物直接挂于吊钩尖端上支承。</strong> \r\n</p>\r\n<p>\r\n	<strong>5.勿将链条在阻碍物（如钢板）表面通过。</strong> \r\n</p>\r\n<p>\r\n	<strong>6.勿在悬吊的重物上面实施焊接或切割操作。</strong> \r\n</p>\r\n<p>\r\n	<strong>7.勿摇动提升货物。</strong> \r\n</p>\r\n<p>\r\n	<strong>8.勿使用起重链条作为焊接接地。</strong> \r\n</p>\r\n<p>\r\n	<strong>9.勿提升过度，致使下钩架与葫芦相接触。</strong> \r\n</p>\r\n<p>\r\n	<strong>10.勿下降过度，致使起重链条尾环架与葫芦相接触。</strong> \r\n</p>\r\n<p>\r\n	<strong>11.勿使用已损坏或使用时有异常声音的葫芦。</strong> \r\n</p>\r\n<p>\r\n	<strong>12.勿将提升的重物搁置，长时间无人监管。</strong> \r\n</p>\r\n<p>\r\n	<strong>13.应确保重载正确置于吊钩钩腔部位。</strong> \r\n</p>\r\n<p>\r\n	<strong>14.实施提升重物前，应确保消除起重链条间隙，以避免发生冲击负载现象。</strong> \r\n</p>\r\n<p>\r\n	<strong>操作完毕注意事项：</strong> \r\n</p>\r\n<p>\r\n	<strong>1.操作之后应确保将重物安全的降落下来，以避免重物掉落。</strong> \r\n</p>\r\n<p>\r\n	<strong>2.在手提葫芦时，不要拖曳或抛掷葫芦。</strong> \r\n</p>\r\n<p>\r\n	<strong>其他注意事项：</strong> \r\n</p>\r\n<p>\r\n	<strong>1.在特殊环境条件下使用时（如盐水、海水、酸性物质、碱性物质或易爆环境），请提前与你的经销商或本公司联系予以确认。</strong> \r\n</p>\r\n<p>\r\n	<strong>2.勿使用发生故障或维修状态下的葫芦。<img alt="" src="/statics/admin/js/kindeditor/attached/image/20140729/20140729024817_37836.jpg" /> </strong> \r\n</p>\r\n<p>\r\n	<br />\r\n</p>\r\n<p>\r\n	<br />\r\n</p>\r\n<p>\r\n	<br />\r\n</p>\r\n<p>\r\n	<br />\r\n</p>', '', '', 'a:1:{i:1;a:9:{i:46;s:2:"12";i:43;s:1:"4";i:37;s:2:"10";i:36;s:1:"9";i:44;s:1:"7";i:34;s:1:"6";i:33;s:1:"5";i:32;s:1:"3";i:45;s:1:"8";}}', 'a:0:{}', 7, '1409301669', '1409906469', '999.00', 0, '0.00', '0.00', '0.00', 0, 0, NULL, 0, 0, 0, 0, 0, 100, 0, 0, 0, 0, 1, 0, NULL, 0, '0.00', 0, 0, 0, 0, '999', 49),
(56, 'HSZ-A620手拉葫芦(0.5t-5t)', '999', 100, '手动葫芦 > 手拉葫芦', 2, 2, 0, 0, 1, 986, 'a:1:{i:1;s:6:"米数";}', 'uploadfile/shops/0/2014/07/14066111570481s0.jpg', 'a:5:{i:0;s:47:"uploadfile/shops/0/2014/07/14066111570481s0.jpg";i:1;s:47:"uploadfile/shops/0/2014/07/14060950470587s0.jpg";i:2;s:0:"";i:3;s:0:"";i:4;s:0:"";}', '0.00', '0.00', '384-1180', '0.00', '999', 1, 254, 0, 1, 1409301642, '手拉葫芦', '手拉葫芦', '<p>\r\n	<strong><img src="http://shuangniao.hzchihu.com/statics/admin/js/kindeditor/attached/image/20140829/20140829083341_40857.jpg" alt="" /><img alt="" src="/statics/admin/js/kindeditor/attached/image/20140729/20140729051957_28797.jpg" /></strong> \r\n</p>\r\n<p>\r\n	<strong>1、依据《JB/T7334-2007》标准设计制造，主要零部件和整机性能均经严格的检查和测试，产品的可靠度大大提高，保证使用安全。</strong> \r\n</p>\r\n<p>\r\n	<strong>2、低合金结构钢板采用，安全可靠、经久耐用。</strong> \r\n</p>\r\n<p>\r\n	<strong>3、采用800Mpa高强度起重链条，锻打式的吊钩设计确保缓慢起升以防过载,安全系数高，使用寿命长。</strong> \r\n</p>\r\n<p>\r\n	<strong>4、转动平稳，效率高，手拉力小。</strong> \r\n</p>\r\n<p>\r\n	<strong>5、双棘爪、双导轮结构，更加安全可靠。</strong> \r\n</p>\r\n<p>\r\n	<strong>6、体积小、重量轻、携带方便。</strong> \r\n</p>\r\n<p>\r\n	<strong>7、结构紧凑合理、整机运行平稳、外形美观新颖。</strong> \r\n</p>\r\n<p>\r\n	<strong>8、超载装置（专利技术）专利技术供选用。</strong> \r\n</p>\r\n<p>\r\n	<strong>9、外壳材质是优质合金钢，坚固耐磨，安全性能高。</strong> \r\n</p>\r\n<p>\r\n	<strong><img alt="" src="/statics/admin/js/kindeditor/attached/image/20140729/20140729052025_98972.gif" /><img alt="" src="/statics/admin/js/kindeditor/attached/image/20140729/20140729052033_47254.gif" /><br />\r\n</strong> \r\n</p>\r\n<p>\r\n	<strong></strong> \r\n</p>\r\n<p>\r\n	<strong>1.要保持连续和令人满意的操作，必须实施定期项目检查规程，更换磨损或损坏的零部件，以使其不成为非安全操作的隐患。</strong> \r\n</p>\r\n<p>\r\n	<strong>2.项目检查间隔依葫芦使用情况而定，并基于所使用的葫芦类型以及重要零部件的磨损程度、老化和故障程度来确定项目检查间隔。</strong> \r\n</p>\r\n<p>\r\n	<strong>3.不要使用处于维修状态的葫芦。</strong> \r\n</p>\r\n<p>\r\n	<strong>4.不要在吊有载荷的情况下储藏葫芦。</strong> \r\n</p>\r\n<p>\r\n	<strong>5.擦除葫芦上的污渍。</strong> \r\n</p>\r\n<p>\r\n	<strong>6.在干燥清洁的场所储藏葫芦。</strong> \r\n</p>\r\n<p>\r\n	<strong>7.应确保对起重链条，吊销、上钩轴、吊钩颈部等零部件的润滑。</strong> \r\n</p>\r\n<p>\r\n	<strong>8.应确保用于黄油相同的机械油对起重链条加以良好润滑。</strong> \r\n</p>\r\n<strong><img alt="" src="/statics/admin/js/kindeditor/attached/image/20140729/20140729052054_82800.jpg" /><br />\r\n</strong> \r\n<p>\r\n	<strong></strong> \r\n</p>\r\n<p>\r\n	<strong>操作前注意事项：</strong> \r\n</p>\r\n<p>\r\n	<strong>1.铭牌内容是否清晰易读。</strong> \r\n</p>\r\n<p>\r\n	<strong>2.操作前，应确保实施过项目检查分类中的所有内容。</strong> \r\n</p>\r\n<p>\r\n	<strong>对提升或拉紧物需进行质量估算，再选用合适的起重葫芦。</strong> \r\n</p>\r\n<p>\r\n	<strong>4.提升应确保重物独立，勿同其他物体硬性连接。</strong> \r\n</p>\r\n<p>\r\n	<strong>5.确保检查下吊销有无变形或裂痕，并且工作稳定。</strong> \r\n</p>\r\n<p>\r\n	<strong>6.确保检查制动系统跟棘爪工作正常。</strong> \r\n</p>\r\n<p>\r\n	<strong>7.确保检查起重链条润滑状态良好。</strong> \r\n</p>\r\n<p>\r\n	<strong>8.起重链条是特殊合金钢制作并经过热处理，不能私自进行焊接或改装。</strong> \r\n</p>\r\n<p>\r\n	<strong>操作中注意事项：</strong> \r\n</p>\r\n<p>\r\n	<strong>1.勿使用带有变形或有裂痕的起重链条的葫芦。</strong> \r\n</p>\r\n<p>\r\n	<strong>2.勿将起重链条作为重载索具使用。</strong> \r\n</p>\r\n<p>\r\n	<strong>3.勿将该葫芦作为支撑使用。</strong> \r\n</p>\r\n<p>\r\n	<strong>4.勿将重物直接挂于吊钩尖端上支承。</strong> \r\n</p>\r\n<p>\r\n	<strong>5.勿将链条在阻碍物（如钢板）表面通过。</strong> \r\n</p>\r\n<p>\r\n	<strong>6.勿在悬吊的重物上面实施焊接或切割操作。</strong> \r\n</p>\r\n<p>\r\n	<strong>7.勿摇动提升货物。</strong> \r\n</p>\r\n<p>\r\n	<strong>8.无使用起重链条作为焊接接地。</strong> \r\n</p>\r\n<p>\r\n	<strong>9.勿提升过度，致使下钩架与葫芦相接触。</strong> \r\n</p>\r\n<p>\r\n	<strong>10.勿下降过度，致使起重链条尾环架与葫芦相接触。</strong> \r\n</p>\r\n<p>\r\n	<strong>11.勿使用已损坏或使用时有异常声音的葫芦。</strong> \r\n</p>\r\n<p>\r\n	<strong>12.勿将提升的重物搁置，长时间无人监管。</strong> \r\n</p>\r\n<p>\r\n	<strong>13.应确保重载正确置于吊钩钩腔部位。</strong> \r\n</p>\r\n<p>\r\n	<strong>14.实施提升重物前，应确保消除起重链条间隙，以避免发生冲击负载现象。</strong> \r\n</p>\r\n<p>\r\n	<strong>操作完毕注意事项：</strong> \r\n</p>\r\n<p>\r\n	<strong>1.操作之后应确保将重物安全的降落下来，以避免重物掉落。</strong> \r\n</p>\r\n<p>\r\n	<strong>2.在手提葫芦时，不要拖曳或抛掷葫芦。</strong> \r\n</p>\r\n<p>\r\n	<strong>其他注意事项：</strong> \r\n</p>\r\n<p>\r\n	<strong>1.在特殊环境条件下使用时（如盐水、海水、酸性物质、碱性物质或易爆环境），请提前与你的经销商或本公司联系予以确认。</strong> \r\n</p>\r\n<p>\r\n	<strong>2.勿使用发生故障或维修状态下的葫芦。</strong> \r\n</p>\r\n<p>\r\n	<img alt="" src="/statics/admin/js/kindeditor/attached/image/20140729/20140729052109_67642.jpg" /> \r\n</p>\r\n<p>\r\n	<br />\r\n</p>', '', '', 'a:1:{i:1;a:9:{i:46;s:2:"12";i:43;s:1:"4";i:37;s:2:"10";i:36;s:1:"9";i:44;s:1:"7";i:34;s:1:"6";i:33;s:1:"5";i:32;s:1:"3";i:45;s:1:"8";}}', 'a:0:{}', 7, '1409301642', '1409906442', '999.00', 0, '0.00', '0.00', '0.00', 0, 0, NULL, 0, 0, 0, 0, 0, 100, 0, 0, 0, 0, 1, 0, NULL, 0, '0.00', 0, 0, 0, 0, '999', 51),
(57, 'HSZ-A623手拉葫芦', '999', 100, '手动葫芦 > 手拉葫芦', 3, 2, 0, 0, 1, 962, 'a:1:{i:1;s:6:"米数";}', 'uploadfile/shops/0/2014/07/14066110647204s0.jpg', 'a:5:{i:0;s:47:"uploadfile/shops/0/2014/07/14066110647204s0.jpg";i:1;s:47:"uploadfile/shops/0/2014/07/14065083909906s0.jpg";i:2;s:0:"";i:3;s:0:"";i:4;s:0:"";}', '0.00', '0.00', '384-1180', '0.00', '999', 1, 146, 0, 1, 1409301593, '手拉葫芦', '手拉葫芦', '<p>\r\n	<img src="http://shuangniao.hzchihu.com/statics/admin/js/kindeditor/attached/image/20140829/20140829083341_40857.jpg" alt="" />\r\n</p>\r\n<p>\r\n	<strong>1、HSZ-A623系列手拉葫芦是本公司面向客户模块化设计的一个新型轻小型手动起重工具，可广泛应用于工厂、矿山、交通运输、建筑、弄灵等场合的设备安装、物品起吊和车辆装卸等工作，尤其对无电源移动性作业和不宜采用机动起重设备的场合下更能提现其功能。</strong> \r\n</p>\r\n<p>\r\n	<strong>2、可选用双鸟独有的超载限制装置专利技术，产品安全可靠性更胜一筹。</strong> \r\n</p>\r\n<p>\r\n	<strong>3、产品性能好，自重量小、手拉力轻、体积小，携带方便更适合国内用户在现场中的实际使用。</strong> \r\n</p>\r\n<p>\r\n	<strong>4、使用简便，模块化设计使得维修更加方便。</strong> \r\n</p>\r\n<p>\r\n	<strong>5、产品结构设计合理，运行平稳，外形美观。</strong> \r\n</p>\r\n<p>\r\n	<strong>6、在特定环境下，允许一定程度的斜拉。</strong> \r\n</p>\r\n<p>\r\n	<strong><img alt="" src="/statics/admin/js/kindeditor/attached/image/20140728/20140728004755_91282.gif" /><img alt="" src="/statics/admin/js/kindeditor/attached/image/20140728/20140728004802_69620.gif" /><img alt="" src="/statics/admin/js/kindeditor/attached/image/20140728/20140728004809_46480.gif" /><br />\r\n</strong> \r\n</p>\r\n<p>\r\n	<strong></strong> \r\n</p>\r\n<p>\r\n	<strong>1.要保持连续和令人满意的操作，必须实施定期项目检查规程，更换磨损或损坏的零部件，以使其不成为非安全操作的隐患。</strong> \r\n</p>\r\n<p>\r\n	<strong>2.项目检查间隔依葫芦使用情况而定，并基于所使用的葫芦类型以及重要零部件的磨损程度、老化和故障程度来确定项目检查间隔。</strong> \r\n</p>\r\n<p>\r\n	<strong>3.不要使用处于维修状态的葫芦。</strong> \r\n</p>\r\n<p>\r\n	<strong>4.不要在吊有载荷的情况下储藏葫芦。</strong> \r\n</p>\r\n<p>\r\n	<strong>5.擦除葫芦上的污渍。</strong> \r\n</p>\r\n<p>\r\n	<strong>6.在干燥清洁的场所储藏葫芦。</strong> \r\n</p>\r\n<p>\r\n	<strong>7.应确保对起重链条，吊销、上钩轴、吊钩颈部等零部件的润滑。</strong> \r\n</p>\r\n<p>\r\n	<strong>8.应确保用于黄油相同的机械油对起重链条加以良好润滑。</strong> \r\n</p>\r\n<p>\r\n	<strong><img alt="" src="/statics/admin/js/kindeditor/attached/image/20140728/20140728004933_34925.jpg" /> </strong> \r\n</p>\r\n<p>\r\n	<strong>操作前注意事项：</strong> \r\n</p>\r\n<p>\r\n	<strong>1.铭牌内容是否清晰易读。</strong> \r\n</p>\r\n<p>\r\n	<strong>2.操作前，应确保实施过项目检查分类中的所有内容。</strong> \r\n</p>\r\n<p>\r\n	<strong>3.对提升或拉紧物需进行质量估算，再选用合适的起重葫芦。</strong> \r\n</p>\r\n<p>\r\n	<strong>4.提升应确保重物独立，勿同其他物体硬性连接。</strong> \r\n</p>\r\n<p>\r\n	<strong>5.确保检查下吊销有无变形或裂痕，并且工作稳定。</strong> \r\n</p>\r\n<p>\r\n	<strong>6.确保检查制动系统跟棘爪工作正常。</strong> \r\n</p>\r\n<p>\r\n	<strong>7.确保检查起重链条润滑状态良好。</strong> \r\n</p>\r\n<p>\r\n	<strong>8.起重链条是特殊合金钢制作并经过热处理，不能私自进行焊接或改装。</strong> \r\n</p>\r\n<p>\r\n	<strong>操作中注意事项：</strong> \r\n</p>\r\n<p>\r\n	<strong>1.勿使用带有变形或有裂痕的起重链条的葫芦。</strong> \r\n</p>\r\n<p>\r\n	<strong>2.勿将起重链条作为重载索具使用。</strong> \r\n</p>\r\n<p>\r\n	<strong>3.勿将该葫芦作为支撑使用。</strong> \r\n</p>\r\n<p>\r\n	<strong>4.勿将重物直接挂于吊钩尖端上支承。</strong> \r\n</p>\r\n<p>\r\n	<strong>5.勿将链条在阻碍物（如钢板）表面通过。</strong> \r\n</p>\r\n<p>\r\n	<strong>6.勿在悬吊的重物上面实施焊接或切割操作。</strong> \r\n</p>\r\n<p>\r\n	<strong>7.勿摇动提升货物。</strong> \r\n</p>\r\n<p>\r\n	<strong>8.勿使用起重链条作为焊接接地。</strong> \r\n</p>\r\n<p>\r\n	<strong>9.勿提升过度，致使下钩架与葫芦相接触。</strong> \r\n</p>\r\n<p>\r\n	<strong>10.勿下降过度，致使起重链条尾环架与葫芦相接触。</strong> \r\n</p>\r\n<p>\r\n	<strong>11.勿使用已损坏或使用时有异常声音的葫芦。</strong> \r\n</p>\r\n<p>\r\n	<strong>12.勿将提升的重物搁置，长时间无人监管。</strong> \r\n</p>\r\n<p>\r\n	<strong>13.应确保重载正确置于吊钩钩腔部位。</strong> \r\n</p>\r\n<p>\r\n	<strong>14.实施提升重物前，应确保消除起重链条间隙，以避免发生冲击负载现象。</strong> \r\n</p>\r\n<p>\r\n	<strong>操作完毕注意事项：</strong> \r\n</p>\r\n<p>\r\n	<strong>1.操作之后应确保将重物安全的降落下来，以避免重物掉落。</strong> \r\n</p>\r\n<p>\r\n	<strong>2.在手提葫芦时，不要拖曳或抛掷葫芦。</strong> \r\n</p>\r\n<p>\r\n	<strong>其他注意事项：</strong> \r\n</p>\r\n<p>\r\n	<strong>1.在特殊环境条件下使用时（如盐水、海水、酸性物质、碱性物质或易爆环境），请提前与你的经销商或本公司联系予以确认。</strong> \r\n</p>\r\n<p>\r\n	<strong>2.勿使用发生故障或维修状态下的葫芦。</strong> \r\n</p>\r\n<p>\r\n	<strong><img alt="" src="/statics/admin/js/kindeditor/attached/image/20140728/20140728005001_67788.jpg" /> </strong> \r\n</p>\r\n<strong><br />\r\n</strong> \r\n<p>\r\n	<br />\r\n</p>\r\n<p>\r\n	<br />\r\n</p>', '', '', 'a:1:{i:1;a:9:{i:46;s:2:"12";i:43;s:1:"4";i:37;s:2:"10";i:36;s:1:"9";i:44;s:1:"7";i:34;s:1:"6";i:33;s:1:"5";i:32;s:1:"3";i:45;s:1:"8";}}', 'a:0:{}', 7, '1409301593', '1409906393', '999.00', 0, '0.00', '0.00', '0.00', 0, 0, NULL, 0, 0, 0, 0, 0, 100, 0, 0, 0, 0, 1, 0, NULL, 0, '0.00', 0, 0, 0, 0, '999', 54),
(58, ' HSZ-A710手拉葫芦(0.5t-5t)', '999', 100, '手动葫芦 > 手拉葫芦', 4, 2, 0, 0, 1, 963, 'a:1:{i:1;s:6:"米数";}', 'uploadfile/shops/0/2014/07/14066110111384s0.jpg', 'a:5:{i:0;s:47:"uploadfile/shops/0/2014/07/14066110111384s0.jpg";i:1;s:47:"uploadfile/shops/0/2014/07/14065087431466s0.jpg";i:2;s:0:"";i:3;s:0:"";i:4;s:0:"";}', '0.00', '0.00', '1796-42143', '0.00', '999', 1, 134, 0, 1, 1409301573, '手拉葫芦', '手拉葫芦', '<p>\r\n	<img src="http://shuangniao.hzchihu.com/statics/admin/js/kindeditor/attached/image/20140829/20140829083341_40857.jpg" alt="" /><img alt="" src="/statics/admin/js/kindeditor/attached/image/20140728/20140728005358_48765.gif" /><img alt="" src="/statics/admin/js/kindeditor/attached/image/20140728/20140728005406_14007.gif" /><img alt="" src="/statics/admin/js/kindeditor/attached/image/20140728/20140728005413_37729.gif" /> \r\n</p>\r\n<p>\r\n	<br />\r\n</p>\r\n<p>\r\n	<strong>1.要保持连续和令人满意的操作，必须实施定期项目检查规程，更换磨损或损坏的零部件，以使其不成为非安全操作的隐患。</strong> \r\n</p>\r\n<p>\r\n	<strong>2.项目检查间隔依葫芦使用情况而定，并基于所使用的葫芦类型以及重要零部件的磨损程度、老化和故障程度来确定项目检查间隔。</strong> \r\n</p>\r\n<p>\r\n	<strong>3.不要使用处于维修状态的葫芦。</strong> \r\n</p>\r\n<p>\r\n	<strong>4.不要在吊有载荷的情况下储藏葫芦。</strong> \r\n</p>\r\n<p>\r\n	<strong>5.擦除葫芦上的污渍。</strong> \r\n</p>\r\n<p>\r\n	<strong>6.在干燥清洁的场所储藏葫芦。</strong> \r\n</p>\r\n<p>\r\n	<strong>7.应确保对起重链条，吊销、上钩轴、吊钩颈部等零部件的润滑。</strong> \r\n</p>\r\n<p>\r\n	<strong>8.应确保用于黄油相同的机械油对起重链条加以良好润滑。<img alt="" src="/statics/admin/js/kindeditor/attached/image/20140728/20140728005447_28921.jpg" /></strong> \r\n</p>\r\n<p>\r\n	<strong>操作前注意事项：</strong> \r\n</p>\r\n<p>\r\n	<strong>1.铭牌内容是否清晰易读。</strong> \r\n</p>\r\n<p>\r\n	<strong>2.操作前，应确保实施过项目检查分类中的所有内容。</strong> \r\n</p>\r\n<p>\r\n	<strong>3.对提升或拉紧物需进行质量估算，再选用合适的起重葫芦。</strong> \r\n</p>\r\n<p>\r\n	<strong>4.提升应确保重物独立，勿同其他物体硬性连接。</strong> \r\n</p>\r\n<p>\r\n	<strong>5.确保检查下吊销有无变形或裂痕，并且工作稳定。</strong> \r\n</p>\r\n<p>\r\n	<strong>6.确保检查制动系统跟棘爪工作正常。</strong> \r\n</p>\r\n<p>\r\n	<strong>7.确保检查起重链条润滑状态良好。</strong> \r\n</p>\r\n<p>\r\n	<strong>8.起重链条是特殊合金钢制作并经过热处理，不能私自进行焊接或改装。</strong> \r\n</p>\r\n<p>\r\n	<strong>操作中注意事项：</strong> \r\n</p>\r\n<p>\r\n	<strong>1.勿使用带有变形或有裂痕的起重链条的葫芦。</strong> \r\n</p>\r\n<p>\r\n	<strong>2.勿将起重链条作为重载索具使用。</strong> \r\n</p>\r\n<p>\r\n	<strong>3.勿将该葫芦作为支撑使用。</strong> \r\n</p>\r\n<p>\r\n	<strong>4.勿将重物直接挂于吊钩尖端上支承。</strong> \r\n</p>\r\n<p>\r\n	<strong>5.勿将链条在阻碍物（如钢板）表面通过。</strong> \r\n</p>\r\n<p>\r\n	<strong>6.勿在悬吊的重物上面实施焊接或切割操作。</strong> \r\n</p>\r\n<p>\r\n	<strong>7.勿摇动提升货物。</strong> \r\n</p>\r\n<p>\r\n	<strong>8.勿使用起重链条作为焊接接地。</strong> \r\n</p>\r\n<p>\r\n	<strong>9.勿提升过度，致使下钩架与葫芦相接触。</strong> \r\n</p>\r\n<p>\r\n	<strong>10.勿下降过度，致使起重链条尾环架与葫芦相接触。</strong> \r\n</p>\r\n<p>\r\n	<strong>11.勿使用已损坏或使用时有异常声音的葫芦。</strong> \r\n</p>\r\n<p>\r\n	<strong>12.勿将提升的重物搁置，长时间无人监管。</strong> \r\n</p>\r\n<p>\r\n	<strong>13.应确保重载正确置于吊钩钩腔部位。</strong> \r\n</p>\r\n<p>\r\n	<strong>14.实施提升重物前，应确保消除起重链条间隙，以避免发生冲击负载现象。</strong> \r\n</p>\r\n<p>\r\n	<strong>操作完毕注意事项：</strong> \r\n</p>\r\n<p>\r\n	<strong>1.操作之后应确保将重物安全的降落下来，以避免重物掉落。</strong> \r\n</p>\r\n<p>\r\n	<strong>2.在手提葫芦时，不要拖曳或抛掷葫芦。</strong> \r\n</p>\r\n<p>\r\n	<strong>其他注意事项：</strong> \r\n</p>\r\n<p>\r\n	<strong>1.在特殊环境条件下使用时（如盐水、海水、酸性物质、碱性物质或易爆环境），请提前与你的经销商或本公司联系予以确认。</strong> \r\n</p>\r\n<p>\r\n	<strong>2.勿使用发生故障或维修状态下的葫芦。<img alt="" src="/statics/admin/js/kindeditor/attached/image/20140728/20140728005516_34911.jpg" /></strong> \r\n</p>\r\n<p>\r\n	<br />\r\n</p>', '', '', 'a:1:{i:1;a:9:{i:46;s:2:"12";i:43;s:1:"4";i:37;s:2:"10";i:36;s:1:"9";i:44;s:1:"7";i:34;s:1:"6";i:33;s:1:"5";i:32;s:1:"3";i:45;s:1:"8";}}', 'a:0:{}', 7, '1409301573', '1409906373', '999.00', 0, '0.00', '0.00', '0.00', 0, 0, NULL, 0, 0, 0, 0, 0, 100, 0, 0, 0, 0, 1, 0, NULL, 0, '0.00', 0, 0, 0, 0, '999', 55),
(59, 'HSZ-A620舞台式手拉葫芦', '999', 100, '手动葫芦 > 手拉葫芦', 24, 2, 0, 0, 1, 964, 'a:1:{i:1;s:6:"米数";}', 'uploadfile/shops/0/2014/07/14066109731546s0.jpg', 'a:5:{i:0;s:47:"uploadfile/shops/0/2014/07/14066109731546s0.jpg";i:1;s:47:"uploadfile/shops/0/2014/07/14065090481053s0.jpg";i:2;s:0:"";i:3;s:0:"";i:4;s:0:"";}', '0.00', '0.00', '0', '0.00', '999', 1, 87, 0, 1, 1409301607, '手拉葫芦', '手拉葫芦', '<p>\r\n	<img src="http://shuangniao.hzchihu.com/statics/admin/js/kindeditor/attached/image/20140829/20140829083341_40857.jpg" alt="" /><img alt="" src="/statics/admin/js/kindeditor/attached/image/20140728/20140728005758_79057.gif" /><img alt="" src="/statics/admin/js/kindeditor/attached/image/20140728/20140728005802_57559.gif" /><img alt="" src="/statics/admin/js/kindeditor/attached/image/20140728/20140728005809_92301.gif" /> \r\n</p>\r\n<p>\r\n	<br />\r\n</p>\r\n<p>\r\n	<strong>1.要保持连续和令人满意的操作，必须实施定期项目检查规程，更换磨损或损坏的零部件，以使其不成为非安全操作的隐患。</strong> \r\n</p>\r\n<p>\r\n	<strong>2.项目检查间隔依葫芦使用情况而定，并基于所使用的葫芦类型以及重要零部件的磨损程度、老化和故障程度来确定项目检查间隔。</strong> \r\n</p>\r\n<p>\r\n	<strong>3.不要使用处于维修状态的葫芦。</strong> \r\n</p>\r\n<p>\r\n	<strong>4.不要在吊有载荷的情况下储藏葫芦。</strong> \r\n</p>\r\n<p>\r\n	<strong>5.擦除葫芦上的污渍。</strong> \r\n</p>\r\n<p>\r\n	<strong>6.在干燥清洁的场所储藏葫芦。</strong> \r\n</p>\r\n<p>\r\n	<strong>7.应确保对起重链条，吊销、上钩轴、吊钩颈部等零部件的润滑。</strong> \r\n</p>\r\n<p>\r\n	<strong>8.应确保用于黄油相同的机械油对起重链条加以良好润滑。<img alt="" src="/statics/admin/js/kindeditor/attached/image/20140728/20140728005850_51050.jpg" /> </strong> \r\n</p>\r\n<p>\r\n	<strong>操作前注意事项：</strong> \r\n</p>\r\n<p>\r\n	<strong>1.铭牌内容是否清晰易读。</strong> \r\n</p>\r\n<p>\r\n	<strong>2.操作前，应确保实施过项目检查分类中的所有内容。</strong> \r\n</p>\r\n<p>\r\n	<strong>3.对提升或拉紧物需进行质量估算，再选用合适的起重葫芦。</strong> \r\n</p>\r\n<p>\r\n	<strong>4.提升应确保重物独立，勿同其他物体硬性连接。</strong> \r\n</p>\r\n<p>\r\n	<strong>5.确保检查下吊销有无变形或裂痕，并且工作稳定。</strong> \r\n</p>\r\n<p>\r\n	<strong>6.确保检查制动系统跟棘爪工作正常。</strong> \r\n</p>\r\n<p>\r\n	<strong>7.确保检查起重链条润滑状态良好。</strong> \r\n</p>\r\n<p>\r\n	<strong>8.起重链条是特殊合金钢制作并经过热处理，不能私自进行焊接或改装。</strong> \r\n</p>\r\n<p>\r\n	<strong>操作中注意事项：</strong> \r\n</p>\r\n<p>\r\n	<strong>1.勿使用带有变形或有裂痕的起重链条的葫芦。</strong> \r\n</p>\r\n<p>\r\n	<strong>2.勿将起重链条作为重载索具使用。</strong> \r\n</p>\r\n<p>\r\n	<strong>3.勿将该葫芦作为支撑使用。</strong> \r\n</p>\r\n<p>\r\n	<strong>4.勿将重物直接挂于吊钩尖端上支承。</strong> \r\n</p>\r\n<p>\r\n	<strong>5.勿将链条在阻碍物（如钢板）表面通过。</strong> \r\n</p>\r\n<p>\r\n	<strong>6.勿在悬吊的重物上面实施焊接或切割操作。</strong> \r\n</p>\r\n<p>\r\n	<strong>7.勿摇动提升货物。</strong> \r\n</p>\r\n<p>\r\n	<strong>8.勿使用起重链条作为焊接接地。</strong> \r\n</p>\r\n<p>\r\n	<strong>9.勿提升过度，致使下钩架与葫芦相接触。</strong> \r\n</p>\r\n<p>\r\n	<strong>10.勿下降过度，致使起重链条尾环架与葫芦相接触。</strong> \r\n</p>\r\n<p>\r\n	<strong>11.勿使用已损坏或使用时有异常声音的葫芦。</strong> \r\n</p>\r\n<p>\r\n	<strong>12.勿将提升的重物搁置，长时间无人监管。</strong> \r\n</p>\r\n<p>\r\n	<strong>13.应确保重载正确置于吊钩钩腔部位。</strong> \r\n</p>\r\n<p>\r\n	<strong>14.实施提升重物前，应确保消除起重链条间隙，以避免发生冲击负载现象。</strong> \r\n</p>\r\n<p>\r\n	<strong>操作完毕注意事项：</strong> \r\n</p>\r\n<p>\r\n	<strong>1.操作之后应确保将重物安全的降落下来，以避免重物掉落。</strong> \r\n</p>\r\n<p>\r\n	<strong>2.在手提葫芦时，不要拖曳或抛掷葫芦。</strong> \r\n</p>\r\n<p>\r\n	<strong>其他注意事项：</strong> \r\n</p>\r\n<p>\r\n	<strong>1.在特殊环境条件下使用时（如盐水、海水、酸性物质、碱性物质或易爆环境），请提前与你的经销商或本公司联系予以确认。</strong> \r\n</p>\r\n<p>\r\n	<strong>2.勿使用发生故障或维修状态下的葫芦。<img alt="" src="/statics/admin/js/kindeditor/attached/image/20140728/20140728005913_83089.jpg" /> </strong> \r\n</p>\r\n<p>\r\n	<br />\r\n</p>\r\n<p>\r\n	<br />\r\n</p>', '', '', 'a:1:{i:1;a:9:{i:46;s:2:"12";i:43;s:1:"4";i:37;s:2:"10";i:36;s:1:"9";i:44;s:1:"7";i:34;s:1:"6";i:33;s:1:"5";i:32;s:1:"3";i:45;s:1:"8";}}', 'a:0:{}', 7, '1409301607', '1409906407', '999.00', 0, '0.00', '0.00', '0.00', 0, 0, NULL, 0, 0, 0, 0, 0, 100, 0, 0, 0, 0, 1, 0, NULL, 0, '0.00', 0, 0, 0, 0, '999', 53),
(60, '组合式手拉葫芦', '999', 100, '手动葫芦 > 手拉葫芦', 16, 2, 0, 0, 1, 965, 'a:1:{i:1;s:6:"米数";}', 'uploadfile/shops/0/2014/07/14066109483036s0.jpg', 'a:5:{i:0;s:47:"uploadfile/shops/0/2014/07/14066109483036s0.jpg";i:1;s:47:"uploadfile/shops/0/2014/07/14065092166935s0.jpg";i:2;s:0:"";i:3;s:0:"";i:4;s:0:"";}', '0.00', '0.00', '999', '0.00', '999', 1, 59, 0, 0, 1409301525, '手拉葫芦', '手拉葫芦', '<img src="http://shuangniao.hzchihu.com/statics/admin/js/kindeditor/attached/image/20140829/20140829083341_40857.jpg" alt="" /><img alt="" src="/statics/admin/js/kindeditor/attached/image/20140728/20140728010059_50075.gif" /><img alt="" src="/statics/admin/js/kindeditor/attached/image/20140728/20140728010104_37279.gif" /><img alt="" src="/statics/admin/js/kindeditor/attached/image/20140728/20140728010110_75448.gif" /> \r\n<p>\r\n	<strong>1.要保持连续和令人满意的操作，必须实施定期项目检查规程，更换磨损或损坏的零部件，以使其不成为非安全操作的隐患。</strong> \r\n</p>\r\n<p>\r\n	<strong>2.项目检查间隔依葫芦使用情况而定，并基于所使用的葫芦类型以及重要零部件的磨损程度、老化和故障程度来确定项目检查间隔。</strong> \r\n</p>\r\n<p>\r\n	<strong>3.不要使用处于维修状态的葫芦。</strong> \r\n</p>\r\n<p>\r\n	<strong>4.不要在吊有载荷的情况下储藏葫芦。</strong> \r\n</p>\r\n<p>\r\n	<strong>5.擦除葫芦上的污渍。</strong> \r\n</p>\r\n<p>\r\n	<strong>6.在干燥清洁的场所储藏葫芦。</strong> \r\n</p>\r\n<p>\r\n	<strong>7.应确保对起重链条，吊销、上钩轴、吊钩颈部等零部件的润滑。</strong> \r\n</p>\r\n<p>\r\n	<strong>8.应确保用于黄油相同的机械油对起重链条加以良好润滑。<img alt="" src="/statics/admin/js/kindeditor/attached/image/20140728/20140728010143_52192.jpg" /> </strong> \r\n</p>\r\n<p>\r\n	<strong>操作前注意事项：</strong> \r\n</p>\r\n<p>\r\n	<strong>1.铭牌内容是否清晰易读。</strong> \r\n</p>\r\n<p>\r\n	<strong>2.操作前，应确保实施过项目检查分类中的所有内容。</strong> \r\n</p>\r\n<p>\r\n	<strong>3.对提升或拉紧物需进行质量估算，再选用合适的起重葫芦。</strong> \r\n</p>\r\n<p>\r\n	<strong>4.提升应确保重物独立，勿同其他物体硬性连接。</strong> \r\n</p>\r\n<p>\r\n	<strong>5.确保检查下吊销有无变形或裂痕，并且工作稳定。</strong> \r\n</p>\r\n<p>\r\n	<strong>6.确保检查制动系统跟棘爪工作正常。</strong> \r\n</p>\r\n<p>\r\n	<strong>7.确保检查起重链条润滑状态良好。</strong> \r\n</p>\r\n<p>\r\n	<strong>8.起重链条是特殊合金钢制作并经过热处理，不能私自进行焊接或改装。</strong> \r\n</p>\r\n<p>\r\n	<strong>操作中注意事项：</strong> \r\n</p>\r\n<p>\r\n	<strong>1.勿使用带有变形或有裂痕的起重链条的葫芦。</strong> \r\n</p>\r\n<p>\r\n	<strong>2.勿将起重链条作为重载索具使用。</strong> \r\n</p>\r\n<p>\r\n	<strong>3.勿将该葫芦作为支撑使用。</strong> \r\n</p>\r\n<p>\r\n	<strong>4.勿将重物直接挂于吊钩尖端上支承。</strong> \r\n</p>\r\n<p>\r\n	<strong>5.勿将链条在阻碍物（如钢板）表面通过。</strong> \r\n</p>\r\n<p>\r\n	<strong>6.勿在悬吊的重物上面实施焊接或切割操作。</strong> \r\n</p>\r\n<p>\r\n	<strong>7.勿摇动提升货物。</strong> \r\n</p>\r\n<p>\r\n	<strong>8.勿使用起重链条作为焊接接地。</strong> \r\n</p>\r\n<p>\r\n	<strong>9.勿提升过度，致使下钩架与葫芦相接触。</strong> \r\n</p>\r\n<p>\r\n	<strong>10.勿下降过度，致使起重链条尾环架与葫芦相接触。</strong> \r\n</p>\r\n<p>\r\n	<strong>11.勿使用已损坏或使用时有异常声音的葫芦。</strong> \r\n</p>\r\n<p>\r\n	<strong>12.勿将提升的重物搁置，长时间无人监管。</strong> \r\n</p>\r\n<p>\r\n	<strong>13.应确保重载正确置于吊钩钩腔部位。</strong> \r\n</p>\r\n<p>\r\n	<strong>14.实施提升重物前，应确保消除起重链条间隙，以避免发生冲击负载现象。</strong> \r\n</p>\r\n<p>\r\n	<strong>操作完毕注意事项：</strong> \r\n</p>\r\n<p>\r\n	<strong>1.操作之后应确保将重物安全的降落下来，以避免重物掉落。</strong> \r\n</p>\r\n<p>\r\n	<strong>2.在手提葫芦时，不要拖曳或抛掷葫芦。</strong> \r\n</p>\r\n<p>\r\n	<strong>其他注意事项：</strong> \r\n</p>\r\n<p>\r\n	<strong>1.在特殊环境条件下使用时（如盐水、海水、酸性物质、碱性物质或易爆环境），请提前与你的经销商或本公司联系予以确认。</strong> \r\n</p>\r\n<p>\r\n	<strong>2.勿使用发生故障或维修状态下的葫芦。<img alt="" src="/statics/admin/js/kindeditor/attached/image/20140728/20140728010202_72630.jpg" /> </strong> \r\n</p>\r\n<p>\r\n	<br />\r\n</p>', '', '', '', NULL, 7, '1409301525', '1409906325', '999.00', 0, '0.00', '0.00', '0.00', 0, 0, NULL, 0, 0, 0, 0, 0, 100, 0, 0, 0, 0, 1, 0, NULL, 0, '0.00', 0, 0, 0, 0, '999', 57);
INSERT INTO `db_goods` (`goods_id`, `goods_name`, `goods_english`, `gc_id`, `gc_name`, `brand_id`, `type_id`, `isjiajia`, `ispromotion`, `spec_open`, `spec_id`, `spec_name`, `goods_image`, `goods_image_more`, `goods_shop_price`, `goods_market_price`, `goods_shop_price_interval`, `goods_market_price_interval`, `goods_serial`, `goods_show`, `goods_click`, `goods_state`, `goods_commend`, `goods_add_time`, `goods_keywords`, `goods_description`, `goods_body`, `goods_tech`, `goods_attr`, `goods_spec`, `goods_col_img`, `goods_indate`, `goods_starttime`, `goods_endtime`, `goods_weight`, `transport_id`, `py_price`, `kd_price`, `es_price`, `city_id`, `province_id`, `goods_close_reason`, `goods_shop_state`, `commentnum`, `commentgood`, `commentgeneral`, `commentbad`, `commentscore`, `salenum`, `goods_collect`, `goods_goldnum`, `goods_isztc`, `goods_ztcstate`, `goods_ztcstartdate`, `goods_ztclastdate`, `group_flag`, `group_price`, `goods_transfee_charge`, `sts`, `goods_nofeesum`, `goods_sell`, `goods_words`, `goods_listorder`) VALUES
(61, 'HSH-A619手扳葫芦', '999', 101, '手动葫芦 > 手扳葫芦', 6, 2, 0, 0, 1, 966, 'a:1:{i:1;s:6:"米数";}', 'uploadfile/shops/0/2014/07/14065093946843s0.jpg', 'a:5:{i:0;s:47:"uploadfile/shops/0/2014/07/14065093946843s0.jpg";i:1;s:0:"";i:2;s:0:"";i:3;s:0:"";i:4;s:0:"";}', '0.00', '0.00', '288-1975', '0.00', '999', 1, 123, 0, 1, 1410246584, '手扳葫芦', '手扳葫芦', '<img alt="" src="http://shuangniao.hzchihu.com/statics/admin/js/kindeditor/attached/image/20140829/20140829083341_40857.jpg" /><img alt="" src="/statics/admin/js/kindeditor/attached/image/20140728/20140728010353_87939.jpg" /> \r\n<p>\r\n	<strong>1、依据《En13157》标准设计制造，主要零部件和整机性能均经严格的检查和测试，产品的可靠度大大提高，在使用中保证了使用人员的安全性。</strong> \r\n</p>\r\n<p>\r\n	<strong>2、采用低合金结构钢板，安全可靠、经久耐用。</strong> \r\n</p>\r\n<p>\r\n	<strong>3、采用800Mpa高强度起重链条，锻打式的吊钩设计确保缓慢起升以防过载；符合欧洲CE安全标准。安全系数高，使用寿命长。</strong> \r\n</p>\r\n<p>\r\n	<strong>4、采用整体轴承，大大提高了产品的性能、使用寿命和易维修性。</strong> \r\n</p>\r\n<p>\r\n	<strong>5、转动平稳，效率高，手板力小。</strong> \r\n</p>\r\n<p>\r\n	<strong>6、采用双棘爪、冲压件导链板（双导轮结构选用），更加安全可靠。</strong> \r\n</p>\r\n<p>\r\n	<strong>7、机体体型小、重量轻、携带方便。</strong> \r\n</p>\r\n<p>\r\n	<strong>8、结构紧凑合理、整机运行平稳、外形美观新颖。</strong> \r\n</p>\r\n<p>\r\n	<strong>9、独特超载装置（单向离合器的采用）专利技术，供选用。</strong> \r\n</p>\r\n<p>\r\n	<strong>10、外壳材质是优质合金钢，坚固耐磨，安全性能高。<img alt="" src="/statics/admin/js/kindeditor/attached/image/20140728/20140728010429_53335.gif" /><img alt="" src="/statics/admin/js/kindeditor/attached/image/20140728/20140728010436_62171.gif" /><img alt="" src="/statics/admin/js/kindeditor/attached/image/20140728/20140728010444_67612.gif" /> </strong>\r\n</p>\r\n<p>\r\n	<strong>1.要保持连续和令人满意的操作，必须实施定期项目检查规程，更换磨损或损坏的零部件，以使其不成为非安全操作的隐患。</strong> \r\n</p>\r\n<p>\r\n	<strong>2.项目检查间隔依葫芦使用情况而定，并基于所使用的葫芦类型以及重要零部件的磨损程度、老化和故障程度来确定项目检查间隔。</strong> \r\n</p>\r\n<p>\r\n	<strong>3.不要使用处于维修状态的葫芦。</strong> \r\n</p>\r\n<p>\r\n	<strong>4.不要在吊有载荷的情况下储藏葫芦。</strong> \r\n</p>\r\n<p>\r\n	<strong>5.擦除葫芦上的污渍。</strong> \r\n</p>\r\n<p>\r\n	<strong>6.在干燥清洁的场所储藏葫芦。</strong> \r\n</p>\r\n<p>\r\n	<strong>7.应确保对起重链条，吊销、上钩轴、吊钩颈部等零部件的润滑。</strong> \r\n</p>\r\n<p>\r\n	<strong>8.应确保用于黄油相同的机械油对起重链条加以良好润滑。<img alt="" src="/statics/admin/js/kindeditor/attached/image/20140728/20140728010512_46147.jpg" /> </strong>\r\n</p>\r\n<p>\r\n	<strong>操作前注意事项：</strong> \r\n</p>\r\n<p>\r\n	<strong>1.铭牌内容是否清晰易读。</strong> \r\n</p>\r\n<p>\r\n	<strong>2.操作前，应确保实施过项目检查分类中的所有内容。</strong> \r\n</p>\r\n<p>\r\n	<strong>3.对提升或拉紧物需进行质量估算，再选用合适的起重葫芦。</strong> \r\n</p>\r\n<p>\r\n	<strong>4.提升应确保重物独立，勿同其他物体硬性连接。</strong> \r\n</p>\r\n<p>\r\n	<strong>5.确保检查下吊销有无变形或裂痕，并且工作稳定。</strong> \r\n</p>\r\n<p>\r\n	<strong>6.确保检查制动系统跟棘爪工作正常。</strong> \r\n</p>\r\n<p>\r\n	<strong>7.确保检查起重链条润滑状态良好。</strong> \r\n</p>\r\n<p>\r\n	<strong>8.起重链条是特殊合金钢制作并经过热处理，不能私自进行焊接或改装。</strong> \r\n</p>\r\n<p>\r\n	<strong>操作中注意事项：</strong> \r\n</p>\r\n<p>\r\n	<strong>1.勿使用带有变形或有裂痕的起重链条的葫芦。</strong> \r\n</p>\r\n<p>\r\n	<strong>2.勿将起重链条作为重载索具使用。</strong> \r\n</p>\r\n<p>\r\n	<strong>3.勿将该葫芦作为支撑使用。</strong> \r\n</p>\r\n<p>\r\n	<strong>4.勿将重物直接挂于吊钩尖端上支承。</strong> \r\n</p>\r\n<p>\r\n	<strong>5.勿将链条在阻碍物（如钢板）表面通过。</strong> \r\n</p>\r\n<p>\r\n	<strong>6.勿在悬吊的重物上面实施焊接或切割操作。</strong> \r\n</p>\r\n<p>\r\n	<strong>7.勿采用附加杠杆的方法来延长扳手。</strong> \r\n</p>\r\n<p>\r\n	<strong>8.勿摇动提升货物。</strong> \r\n</p>\r\n<p>\r\n	<strong>9.勿使用起重链条作为焊接接地。</strong> \r\n</p>\r\n<p>\r\n	<strong>10.勿提升过度，致使下钩架与葫芦相接触。</strong> \r\n</p>\r\n<p>\r\n	<strong>11.勿下降过度，致使起重链条尾环架与葫芦相接触。</strong> \r\n</p>\r\n<p>\r\n	<strong>12.勿使用已损坏或使用时有异常声音的葫芦。</strong> \r\n</p>\r\n<p>\r\n	<strong>13.勿使用拨快松动的葫芦。</strong> \r\n</p>\r\n<p>\r\n	<strong>14.勿将提升的重物搁置，长时间无人监管。</strong> \r\n</p>\r\n<p>\r\n	<strong>操作完毕注意事项：</strong> \r\n</p>\r\n<p>\r\n	<strong>1.操作之后应确保将重物安全的降落下来，以避免重物掉落。</strong> \r\n</p>\r\n<p>\r\n	<strong>2.在手提葫芦时，不要拖曳或抛掷葫芦。</strong> \r\n</p>\r\n<p>\r\n	<strong>其他注意事项：</strong> \r\n</p>\r\n<p>\r\n	<strong>1.在特殊环境条件下使用时（如盐水、海水、酸性物质、碱性物质或易爆环境），请提前与你的经销商或本公司联系予以确认。</strong> \r\n</p>\r\n<p>\r\n	<strong>2.勿使用发生故障或维修状态下的葫芦。<img alt="" src="/statics/admin/js/kindeditor/attached/image/20140728/20140728010530_22606.jpg" /> </strong>\r\n</p>\r\n<p>\r\n	<strong><br />\r\n</strong>\r\n</p>\r\n<p>\r\n	<br />\r\n</p>', '', '', 'a:1:{i:1;a:7:{i:46;s:2:"12";i:37;s:2:"10";i:36;s:1:"9";i:34;s:1:"6";i:33;s:1:"5";i:32;s:1:"3";i:50;s:3:"1.5";}}', 'a:0:{}', 7, '1410246584', '1410851384', '999.00', 0, '0.00', '0.00', '0.00', 0, 0, NULL, 0, 0, 0, 0, 0, 100, 0, 0, 0, 0, 1, 0, NULL, 0, '0.00', 0, 0, 0, 0, '999', 58),
(62, 'HSH-A719手扳葫芦', '999', 101, '手动葫芦 > 手扳葫芦', 7, 2, 0, 0, 1, 967, 'a:1:{i:1;s:6:"米数";}', 'uploadfile/shops/0/2014/07/1406509600667s0.jpg', 'a:5:{i:0;s:46:"uploadfile/shops/0/2014/07/1406509600667s0.jpg";i:1;s:0:"";i:2;s:0:"";i:3;s:0:"";i:4;s:0:"";}', '0.00', '0.00', '385-3250', '0.00', '999', 1, 105, 0, 1, 1410247938, '手扳葫芦', '手扳葫芦', '<p>\r\n	<img alt="" src="http://shuangniao.hzchihu.com/statics/admin/js/kindeditor/attached/image/20140829/20140829083341_40857.jpg" /> \r\n</p>\r\n<p>\r\n	<img alt="" src="/statics/admin/js/kindeditor/attached/image/20140728/20140728011134_88769.jpg" /> \r\n</p>\r\n<p>\r\n	&nbsp; &nbsp;<strong>CK-II(HSH-A719)型环链手扳葫芦结构先进，使用安全可靠，经久耐用，整机效率高，操作简单、舒适，体积小，自重轻，携带方便，</strong> \r\n</p>\r\n<p>\r\n	<strong>全部为结构钢，特级的合金链条，全部为齿轮转动，齿轮和轴的转动处都有轴承或轴套，产品表面经过喷塑处理，专业的合金钩能够满足</strong> \r\n</p>\r\n<p>\r\n	<strong>产品的超载，产品能满足额定载荷的150%的重量。</strong> \r\n</p>\r\n<p>\r\n	<strong>&nbsp; &nbsp;CK-II(HSH-A719)型手扳葫芦主要用于线路施工中紧线，调整弧垂，拉线及其它起重工作。CKII（HSH-A719）型手扳葫芦是集科学性、</strong> \r\n</p>\r\n<p>\r\n	<strong>先进性为一体，是一种高效率多用途的手动起重牵引机械，广泛应用于造船、电力、运输、建筑、矿山、邮电等部门的设备安装、物品起</strong> \r\n</p>\r\n<p>\r\n	<strong>吊、机件牵引等。</strong> \r\n</p>\r\n<p>\r\n	<strong>&nbsp; &nbsp;CK-II(HSH-A719)型手扳葫芦尤其在狭小的工作场所、野外、高空作业和各种不同角度的牵引等，更具有独特的优越性。</strong> \r\n</p>\r\n<p>\r\n	<br />\r\n</p>\r\n<p>\r\n	<img alt="" src="/statics/admin/js/kindeditor/attached/image/20140728/20140728010703_51712.gif" /><img alt="" src="/statics/admin/js/kindeditor/attached/image/20140728/20140728010707_52583.gif" /><img alt="" src="/statics/admin/js/kindeditor/attached/image/20140728/20140728010714_72954.gif" /> \r\n</p>\r\n<p>\r\n	<strong>1.要保持连续和令人满意的操作，必须实施定期项目检查规程，更换磨损或损坏的零部件，以使其不成为非安全操作的隐患。</strong> \r\n</p>\r\n<p>\r\n	<strong>2.项目检查间隔依葫芦使用情况而定，并基于所使用的葫芦类型以及重要零部件的磨损程度、老化和故障程度来确定项目检查间隔。</strong> \r\n</p>\r\n<p>\r\n	<strong>3.不要使用处于维修状态的葫芦。</strong> \r\n</p>\r\n<p>\r\n	<strong>4.不要在吊有载荷的情况下储藏葫芦。</strong> \r\n</p>\r\n<p>\r\n	<strong>5.擦除葫芦上的污渍。</strong> \r\n</p>\r\n<p>\r\n	<strong>6.在干燥清洁的场所储藏葫芦。</strong> \r\n</p>\r\n<p>\r\n	<strong>7.应确保对起重链条，吊销、上钩轴、吊钩颈部等零部件的润滑。</strong> \r\n</p>\r\n<p>\r\n	<strong>8.应确保用于黄油相同的机械油对起重链条加以良好润滑。<img alt="" src="/statics/admin/js/kindeditor/attached/image/20140728/20140728010744_19530.jpg" /> </strong> \r\n</p>\r\n<p>\r\n	<strong>操作前注意事项：</strong> \r\n</p>\r\n<p>\r\n	<strong>1.铭牌内容是否清晰易读。</strong> \r\n</p>\r\n<p>\r\n	<strong>2.操作前，应确保实施过项目检查分类中的所有内容。</strong> \r\n</p>\r\n<p>\r\n	<strong>3.对提升或拉紧物需进行质量估算，再选用合适的起重葫芦。</strong> \r\n</p>\r\n<p>\r\n	<strong>4.提升应确保重物独立，勿同其他物体硬性连接。</strong> \r\n</p>\r\n<p>\r\n	<strong>5.确保检查下吊销有无变形或裂痕，并且工作稳定。</strong> \r\n</p>\r\n<p>\r\n	<strong>6.确保检查制动系统跟棘爪工作正常。</strong> \r\n</p>\r\n<p>\r\n	<strong>7.确保检查起重链条润滑状态良好。</strong> \r\n</p>\r\n<p>\r\n	<strong>8.起重链条是特殊合金钢制作并经过热处理，不能私自进行焊接或改装。</strong> \r\n</p>\r\n<p>\r\n	<strong>操作中注意事项：</strong> \r\n</p>\r\n<p>\r\n	<strong>1.勿使用带有变形或有裂痕的起重链条的葫芦。</strong> \r\n</p>\r\n<p>\r\n	<strong>2.勿将起重链条作为重载索具使用。</strong> \r\n</p>\r\n<p>\r\n	<strong>3.勿将该葫芦作为支撑使用。</strong> \r\n</p>\r\n<p>\r\n	<strong>4.勿将重物直接挂于吊钩尖端上支承。</strong> \r\n</p>\r\n<p>\r\n	<strong>5.勿将链条在阻碍物（如钢板）表面通过。</strong> \r\n</p>\r\n<p>\r\n	<strong>6.勿在悬吊的重物上面实施焊接或切割操作。</strong> \r\n</p>\r\n<p>\r\n	<strong>7.勿采用附加杠杆的方法来延长扳手。</strong> \r\n</p>\r\n<p>\r\n	<strong>8.勿摇动提升货物。</strong> \r\n</p>\r\n<p>\r\n	<strong>9.勿使用起重链条作为焊接接地。</strong> \r\n</p>\r\n<p>\r\n	<strong>10.勿提升过度，致使下钩架与葫芦相接触。</strong> \r\n</p>\r\n<p>\r\n	<strong>11.勿下降过度，致使起重链条尾环架与葫芦相接触。</strong> \r\n</p>\r\n<p>\r\n	<strong>12.勿使用已损坏或使用时有异常声音的葫芦。</strong> \r\n</p>\r\n<p>\r\n	<strong>13.勿使用拨快松动的葫芦。</strong> \r\n</p>\r\n<p>\r\n	<strong>14.勿将提升的重物搁置，长时间无人监管。</strong> \r\n</p>\r\n<p>\r\n	<strong>操作完毕注意事项：</strong> \r\n</p>\r\n<p>\r\n	<strong>1.操作之后应确保将重物安全的降落下来，以避免重物掉落。</strong> \r\n</p>\r\n<p>\r\n	<strong>2.在手提葫芦时，不要拖曳或抛掷葫芦。</strong> \r\n</p>\r\n<p>\r\n	<strong>其他注意事项：</strong> \r\n</p>\r\n<p>\r\n	<strong>1.在特殊环境条件下使用时（如盐水、海水、酸性物质、碱性物质或易爆环境），请提前与你的经销商或本公司联系予以确认。</strong> \r\n</p>\r\n<p>\r\n	<strong>2.勿使用发生故障或维修状态下的葫芦。<img alt="" src="/statics/admin/js/kindeditor/attached/image/20140728/20140728010802_50558.jpg" /> </strong> \r\n</p>\r\n<p>\r\n	<br />\r\n</p>', '', '', 'a:1:{i:1;a:7:{i:46;s:2:"12";i:37;s:2:"10";i:36;s:1:"9";i:34;s:1:"6";i:33;s:1:"5";i:32;s:1:"3";i:50;s:3:"1.5";}}', 'a:0:{}', 7, '1410247938', '1410852738', '999.00', 0, '0.00', '0.00', '0.00', 0, 0, NULL, 0, 0, 0, 0, 0, 100, 0, 0, 0, 0, 1, 0, NULL, 0, '0.00', 0, 0, 0, 0, '999', 59),
(63, 'HSH-AL铝合金手扳葫芦', '999', 101, '手动葫芦 > 手扳葫芦', 7, 2, 0, 0, 1, 968, 'a:1:{i:1;s:6:"米数";}', 'uploadfile/shops/0/2014/07/14066114431545s0.jpg', 'a:5:{i:0;s:47:"uploadfile/shops/0/2014/07/14066114431545s0.jpg";i:1;s:46:"uploadfile/shops/0/2014/07/1406510081607s0.jpg";i:2;s:0:"";i:3;s:0:"";i:4;s:0:"";}', '0.00', '0.00', '999', '0.00', '999', 1, 60, 0, 0, 1409301469, '手扳葫芦', '手扳葫芦', '<img src="http://shuangniao.hzchihu.com/statics/admin/js/kindeditor/attached/image/20140829/20140829083341_40857.jpg" alt="" /><img alt="" src="/statics/admin/js/kindeditor/attached/image/20140728/20140728011514_63020.gif" /><img alt="" src="/statics/admin/js/kindeditor/attached/image/20140728/20140728011520_96838.gif" /><img alt="" src="/statics/admin/js/kindeditor/attached/image/20140728/20140728011526_24166.gif" /><strong> \r\n<p>\r\n	1.要保持连续和令人满意的操作，必须实施定期项目检查规程，更换磨损或损坏的零部件，以使其不成为非安全操作的隐患。\r\n</p>\r\n<p>\r\n	2.项目检查间隔依葫芦使用情况而定，并基于所使用的葫芦类型以及重要零部件的磨损程度、老化和故障程度来确定项目检查间隔。\r\n</p>\r\n<p>\r\n	3.不要使用处于维修状态的葫芦。\r\n</p>\r\n<p>\r\n	4.不要在吊有载荷的情况下储藏葫芦。\r\n</p>\r\n<p>\r\n	5.擦除葫芦上的污渍。\r\n</p>\r\n<p>\r\n	6.在干燥清洁的场所储藏葫芦。\r\n</p>\r\n<p>\r\n	7.应确保对起重链条，吊销、上钩轴、吊钩颈部等零部件的润滑。\r\n</p>\r\n<p>\r\n	8.应确保用于黄油相同的机械油对起重链条加以良好润滑。<img alt="" src="/statics/admin/js/kindeditor/attached/image/20140728/20140728011601_26350.jpg" /> \r\n</p>\r\n<p>\r\n	操作前注意事项：\r\n</p>\r\n<p>\r\n	1.铭牌内容是否清晰易读。\r\n</p>\r\n<p>\r\n	2.操作前，应确保实施过项目检查分类中的所有内容。\r\n</p>\r\n<p>\r\n	3.对提升或拉紧物需进行质量估算，再选用合适的起重葫芦。\r\n</p>\r\n<p>\r\n	4.提升应确保重物独立，勿同其他物体硬性连接。\r\n</p>\r\n<p>\r\n	5.确保检查下吊销有无变形或裂痕，并且工作稳定。\r\n</p>\r\n<p>\r\n	6.确保检查制动系统跟棘爪工作正常。\r\n</p>\r\n<p>\r\n	7.确保检查起重链条润滑状态良好。\r\n</p>\r\n<p>\r\n	8.起重链条是特殊合金钢制作并经过热处理，不能私自进行焊接或改装。\r\n</p>\r\n<p>\r\n	操作中注意事项：\r\n</p>\r\n<p>\r\n	1.勿使用带有变形或有裂痕的起重链条的葫芦。\r\n</p>\r\n<p>\r\n	2.勿将起重链条作为重载索具使用。\r\n</p>\r\n<p>\r\n	3.勿将该葫芦作为支撑使用。\r\n</p>\r\n<p>\r\n	4.勿将重物直接挂于吊钩尖端上支承。\r\n</p>\r\n<p>\r\n	5.勿将链条在阻碍物（如钢板）表面通过。\r\n</p>\r\n<p>\r\n	6.勿在悬吊的重物上面实施焊接或切割操作。\r\n</p>\r\n<p>\r\n	7.勿采用附加杠杆的方法来延长扳手。\r\n</p>\r\n<p>\r\n	8.勿摇动提升货物。\r\n</p>\r\n<p>\r\n	9.勿使用起重链条作为焊接接地。\r\n</p>\r\n<p>\r\n	10.勿提升过度，致使下钩架与葫芦相接触。\r\n</p>\r\n<p>\r\n	11.勿下降过度，致使起重链条尾环架与葫芦相接触。\r\n</p>\r\n<p>\r\n	12.勿使用已损坏或使用时有异常声音的葫芦。\r\n</p>\r\n<p>\r\n	13.勿使用拨快松动的葫芦。\r\n</p>\r\n<p>\r\n	14.勿将提升的重物搁置，长时间无人监管。\r\n</p>\r\n<p>\r\n	操作完毕注意事项：\r\n</p>\r\n<p>\r\n	1.操作之后应确保将重物安全的降落下来，以避免重物掉落。\r\n</p>\r\n<p>\r\n	2.在手提葫芦时，不要拖曳或抛掷葫芦。\r\n</p>\r\n<p>\r\n	其他注意事项：\r\n</p>\r\n<p>\r\n	1.在特殊环境条件下使用时（如盐水、海水、酸性物质、碱性物质或易爆环境），请提前与你的经销商或本公司联系予以确认。\r\n</p>\r\n<p>\r\n	2.勿使用发生故障或维修状态下的葫芦。<img alt="" src="/statics/admin/js/kindeditor/attached/image/20140728/20140728011624_34895.jpg" /> \r\n</p>\r\n<p>\r\n	<br />\r\n</p>\r\n</strong>', '', '', '', NULL, 7, '1409301469', '1409906269', '999.00', 0, '0.00', '0.00', '0.00', 0, 0, NULL, 0, 0, 0, 0, 0, 100, 0, 0, 0, 0, 1, 0, NULL, 0, '0.00', 0, 0, 0, 0, '999', 60),
(64, 'SM-618型钢丝绳手扳葫芦', '999', 101, '手动葫芦 > 手扳葫芦', 23, 2, 0, 0, 1, 969, 'a:1:{i:1;s:6:"米数";}', 'uploadfile/shops/0/2014/07/14065102669459s0.jpg', 'a:5:{i:0;s:47:"uploadfile/shops/0/2014/07/14065102669459s0.jpg";i:1;s:0:"";i:2;s:0:"";i:3;s:0:"";i:4;s:0:"";}', '0.00', '0.00', '999', '0.00', '999', 1, 58, 0, 0, 1409301452, '手扳葫芦', '手扳葫芦', '<img src="http://shuangniao.hzchihu.com/statics/admin/js/kindeditor/attached/image/20140829/20140829083341_40857.jpg" alt="" /><br />\r\n<strong>\r\n<p>\r\n	1.适用范围：\r\n</p>\r\n<p>\r\n	&nbsp;钢丝绳手扳葫芦适应于局部空间受到限制的狭窄地带操作使用。对于野外作业，高空作业，坑道SM-618型钢丝绳手板葫芦深井作业中和无机电供能场所进行起重作业将显示出特殊的优越性。\r\n</p>\r\n<p>\r\n	2.工作原理：\r\n</p>\r\n<p>\r\n	&nbsp;钢丝绳手扳葫芦是通过人力扳支手柄，借助杠杆原理获得与负载相匹配的直线牵引，轮换地作用于机芯负载的一个钳体，带支负载运行。\r\n</p>\r\n<p>\r\n	3.使用方法\r\n</p>\r\n<p>\r\n	&nbsp;把前进（倒退）手柄先扳向机后，再手推松卸手柄向机前方面，其尖劈便可卡入壳体内上方台阶处，此时前、后钳体中上、下夹钳即行开口，可以穿（抽）完毕，再用手向前向下压推松卸手柄，即可使夹钳夹紧钢丝绳（或复位）便能投入运行。\r\n</p>\r\n<p>\r\n	2、机体结构新颖\r\n</p>\r\n<p>\r\n	&nbsp; 本机采用高强度的铝合金机体，外形美观、机体紧凑、体积小、重量轻。采用二级齿轮传动，高速级为斜齿轮传动，因而传动平稳、噪声小。\r\n</p>\r\n<p>\r\n	3、零部件强度高\r\n</p>\r\n<p>\r\n	&nbsp; 本机主要零部件均采用高级合金钢材料，并经多道特殊热处理工艺加工，具有强度高、耐磨性好等特点；上、下吊钩采用高强度合金钢制作，经强化热处理后具有很高的韧性，即使机体因超载引起破坏，吊钩也只会产生朔性变形而不会发生脆性断裂。<img alt="" src="/statics/admin/js/kindeditor/attached/image/20140728/20140728011851_17580.gif" /><img alt="" src="/statics/admin/js/kindeditor/attached/image/20140728/20140728011857_48938.gif" /><img alt="" src="/statics/admin/js/kindeditor/attached/image/20140728/20140728012241_36150.jpg" /> \r\n</p>\r\n<p>\r\n	1.要保持连续和令人满意的操作，必须实施定期项目检查规程，更换磨损或损坏的零部件，以使其不成为非安全操作的隐患。\r\n</p>\r\n<p>\r\n	2.项目检查间隔依葫芦使用情况而定，并基于所使用的葫芦类型以及重要零部件的磨损程度、老化和故障程度来确定项目检查间隔。\r\n</p>\r\n<p>\r\n	3.不要使用处于维修状态的葫芦。\r\n</p>\r\n<p>\r\n	4.不要在吊有载荷的情况下储藏葫芦。\r\n</p>\r\n<p>\r\n	5.擦除葫芦上的污渍。\r\n</p>\r\n<p>\r\n	6.在干燥清洁的场所储藏葫芦。\r\n</p>\r\n<p>\r\n	7.应确保对起重链条，吊销、上钩轴、吊钩颈部等零部件的润滑。\r\n</p>\r\n<p>\r\n	8.应确保用于黄油相同的机械油对起重链条加以良好润滑。<img alt="" src="/statics/admin/js/kindeditor/attached/image/20140728/20140728011920_68024.jpg" /> \r\n</p>\r\n<p>\r\n	操作前注意事项：\r\n</p>\r\n<p>\r\n	1.铭牌内容是否清晰易读。\r\n</p>\r\n<p>\r\n	2.操作前，应确保实施过项目检查分类中的所有内容。\r\n</p>\r\n<p>\r\n	3.对提升或拉紧物需进行质量估算，再选用合适的起重葫芦。\r\n</p>\r\n<p>\r\n	4.提升应确保重物独立，勿同其他物体硬性连接。\r\n</p>\r\n<p>\r\n	5.确保检查下吊销有无变形或裂痕，并且工作稳定。\r\n</p>\r\n<p>\r\n	6.确保检查制动系统跟棘爪工作正常。\r\n</p>\r\n<p>\r\n	7.确保检查起重链条润滑状态良好。\r\n</p>\r\n<p>\r\n	8.起重链条是特殊合金钢制作并经过热处理，不能私自进行焊接或改装。\r\n</p>\r\n<p>\r\n	操作中注意事项：\r\n</p>\r\n<p>\r\n	1.勿使用带有变形或有裂痕的起重链条的葫芦。\r\n</p>\r\n<p>\r\n	2.勿将起重链条作为重载索具使用。\r\n</p>\r\n<p>\r\n	3.勿将该葫芦作为支撑使用。\r\n</p>\r\n<p>\r\n	4.勿将重物直接挂于吊钩尖端上支承。\r\n</p>\r\n<p>\r\n	5.勿将链条在阻碍物（如钢板）表面通过。\r\n</p>\r\n<p>\r\n	6.勿在悬吊的重物上面实施焊接或切割操作。\r\n</p>\r\n<p>\r\n	7.勿采用附加杠杆的方法来延长扳手。\r\n</p>\r\n<p>\r\n	8.勿摇动提升货物。\r\n</p>\r\n<p>\r\n	9.勿使用起重链条作为焊接接地。\r\n</p>\r\n<p>\r\n	10.勿提升过度，致使下钩架与葫芦相接触。\r\n</p>\r\n<p>\r\n	11.勿下降过度，致使起重链条尾环架与葫芦相接触。\r\n</p>\r\n<p>\r\n	12.勿使用已损坏或使用时有异常声音的葫芦。\r\n</p>\r\n<p>\r\n	13.勿使用拨快松动的葫芦。\r\n</p>\r\n<p>\r\n	14.勿将提升的重物搁置，长时间无人监管。\r\n</p>\r\n<p>\r\n	操作完毕注意事项：\r\n</p>\r\n<p>\r\n	1.操作之后应确保将重物安全的降落下来，以避免重物掉落。\r\n</p>\r\n<p>\r\n	2.在手提葫芦时，不要拖曳或抛掷葫芦。\r\n</p>\r\n<p>\r\n	其他注意事项：\r\n</p>\r\n<p>\r\n	1.在特殊环境条件下使用时（如盐水、海水、酸性物质、碱性物质或易爆环境），请提前与你的经销商或本公司联系予以确认。\r\n</p>\r\n<p>\r\n	2.勿使用发生故障或维修状态下的葫芦。<img alt="" src="/statics/admin/js/kindeditor/attached/image/20140728/20140728011957_53126.jpg" /> \r\n</p>\r\n<p>\r\n	<br />\r\n</p>\r\n<p>\r\n	<br />\r\n</p>\r\n</strong>', '', '', '', NULL, 7, '1409301452', '1409906252', '999.00', 0, '0.00', '0.00', '0.00', 0, 0, NULL, 0, 0, 0, 0, 0, 100, 0, 0, 0, 0, 1, 0, NULL, 0, '0.00', 0, 0, 0, 0, '999', 61),
(65, 'HHXG-A固定式环链电动葫芦', '999', 88, '环链电动葫芦', 9, 2, 1, 0, 1, 970, 'a:1:{i:1;s:6:"米数";}', 'uploadfile/shops/0/2014/07/14066118724783s0.jpg', 'a:5:{i:0;s:47:"uploadfile/shops/0/2014/07/14066118724783s0.jpg";i:1;s:47:"uploadfile/shops/0/2014/07/14065106574954s0.jpg";i:2;s:0:"";i:3;s:0:"";i:4;s:0:"";}', '0.00', '0.00', '3917-7050', '0.00', '999', 1, 184, 0, 1, 1409301306, '环链电动葫芦', '环链电动葫芦', '<img src="/statics/admin/js/kindeditor/attached/image/20140829/20140829083503_37633.jpg" alt="" /><img alt="" src="/statics/admin/js/kindeditor/attached/image/20140728/20140728012458_41313.jpg" /><strong> \r\n<p>\r\n	1、高效、质轻电机，无石棉刹车系统，低能耗。\r\n</p>\r\n<p>\r\n	2、冲压钢构壳体，轻巧而坚固。\r\n</p>\r\n<p>\r\n	3、高强度安全吊钩，承受意外超负荷冲击不会发生断裂，只是逐渐变形。\r\n</p>\r\n<p>\r\n	4、轻巧、美观而耐用的塑制链袋。\r\n</p>\r\n<p>\r\n	5、极限开关：吊上吊下都有极限快关装置，使电机自动停止，反防止链条超出，确保安全。\r\n</p>\r\n<p>\r\n	6、逆相保护装置:特殊电线装置，当电源接线错误时，控制电路无法动作。<img alt="" src="/statics/admin/js/kindeditor/attached/image/20140728/20140728012515_66804.gif" /><img alt="" src="/statics/admin/js/kindeditor/attached/image/20140728/20140728013144_73305.gif" /><img alt="" src="/statics/admin/js/kindeditor/attached/image/20140728/20140728012526_53132.gif" /> \r\n</p>\r\n<p>\r\n	1.要保持连续和令人满意的操作，必须实施定期项目检查规程，更换磨损或损坏的零部件，以使其不成为非安全操作的隐患。\r\n</p>\r\n<p>\r\n	2.项目检查间隔依葫芦使用情况而定，并基于所使用的葫芦类型以及重要零部件的磨损程度、老化和故障程度来确定项目检查间隔。\r\n</p>\r\n<p>\r\n	3.不要使用处于维修状态的葫芦。\r\n</p>\r\n<p>\r\n	4.不要在吊有载荷的情况下储藏葫芦。\r\n</p>\r\n<p>\r\n	5.擦除葫芦上的污渍。\r\n</p>\r\n<p>\r\n	6.在干燥清洁的场所储藏葫芦。\r\n</p>\r\n<p>\r\n	7.起重链条爆裂可能导致人员伤亡或严重伤害，应仔细维护起重链条，包括正确操作，良好的维护和检修。\r\n</p>\r\n<p>\r\n	8.应确保对起重链条，吊销、上钩轴、吊钩颈部等零部件的润滑。\r\n</p>\r\n<p>\r\n	9.应确保用于黄油相同的机械油对起重链条加以良好润滑。<img alt="" src="/statics/admin/js/kindeditor/attached/image/20140728/20140728012558_18160.jpg" /> \r\n</p>\r\n<p>\r\n	操作前注意事项：\r\n</p>\r\n<p>\r\n	1.如产品的吊钩和吊耳发生变形或裂痕，请勿使用。\r\n</p>\r\n<p>\r\n	2.操作前，应确保实施过项目检查分类中的所有内容。\r\n</p>\r\n<p>\r\n	3.对提升或拉紧物需进行质量估算，再选用合适的起重葫芦。\r\n</p>\r\n<p>\r\n	4.检查上吊钩销轴和下吊钩确保有无变形或松动。\r\n</p>\r\n<p>\r\n	5.手动检查限位开关工作是否正常。\r\n</p>\r\n<p>\r\n	6.链条扭绞、打结、双行链条下吊钩翻转均勿开机起吊。\r\n</p>\r\n<p>\r\n	7.电动葫芦必须在可靠接地的前提下投入使用。\r\n</p>\r\n<p>\r\n	8.起重链条是特殊合金钢制作并经过热处理，不能私自进行焊接或改装。\r\n</p>\r\n<p>\r\n	9.请在负载使用前给减速器加注0.7KG L-CKD100闭式齿轮油，在链条表面涂刷L-CKD100号齿轮油或钙基润滑脂。\r\n</p>\r\n<p>\r\n	10.装配在葫芦里的链条不可修理。\r\n</p>\r\n<p>\r\n	11.在温度低于0°时确保制动器没有结冰。\r\n</p>\r\n<p>\r\n	操作中注意事项：\r\n</p>\r\n<p>\r\n	1.勿使用带有变形或有裂痕的起重链条的葫芦。\r\n</p>\r\n<p>\r\n	2.勿将起重链条作为重载索具使用。\r\n</p>\r\n<p>\r\n	3.勿将该葫芦用于斜吊垂直方向&gt;12°的重物。\r\n</p>\r\n<p>\r\n	4.勿将重物直接挂于吊钩尖端上支承。\r\n</p>\r\n<p>\r\n	5.勿将链条在阻碍物（如钢板）表面通过。\r\n</p>\r\n<p>\r\n	6.勿在悬吊的重物上面实施焊接或切割操作。\r\n</p>\r\n<p>\r\n	7.勿摇动提升货物。\r\n</p>\r\n<p>\r\n	8.勿使用已损坏或使用时有异常声音的葫芦。\r\n</p>\r\n<p>\r\n	9.勿起吊时作急速上、下的重复操作。\r\n</p>\r\n<p>\r\n	10.勿将提升的重物搁置，长时间无人监管。\r\n</p>\r\n<p>\r\n	11.应确保重载正确置于吊钩钩腔部位。\r\n</p>\r\n<p>\r\n	12.实施提升重物前，应确保消除起重链条间隙，以避免发生冲击负载现象。\r\n</p>\r\n<p>\r\n	操作完毕注意事项：\r\n</p>\r\n<p>\r\n	1.操作之后应确保将重物安全的降落下来，以避免重物掉落。\r\n</p>\r\n<p>\r\n	2.操作完毕后及时按下手电门总停按钮，避免他人误操作。\r\n</p>\r\n<p>\r\n	其他注意事项：\r\n</p>\r\n<p>\r\n	1.在特殊环境条件下使用时（如盐水、海水、酸性物质、碱性物质或易爆环境），请提前与你的经销商或本公司联系予以确认。\r\n</p>\r\n<p>\r\n	2.勿使用发生故障或维修状态下的葫芦。<img alt="" src="/statics/admin/js/kindeditor/attached/image/20140728/20140728012622_88110.jpg" /> \r\n</p>\r\n<p>\r\n	<br />\r\n</p>\r\n<p>\r\n	<br />\r\n</p>\r\n</strong>', '', '', 'a:1:{i:1;a:2:{i:34;s:1:"6";i:32;s:1:"3";}}', 'a:0:{}', 7, '1409301306', '1409906106', '999.00', 0, '0.00', '0.00', '0.00', 0, 0, NULL, 0, 0, 0, 0, 0, 100, 0, 0, 0, 0, 1, 0, NULL, 0, '0.00', 0, 0, 0, 0, '999', 105),
(66, 'HHXG-AM运行式环链电动葫芦', '999', 88, '环链电动葫芦', 10, 2, 1, 0, 1, 971, 'a:1:{i:1;s:6:"米数";}', 'uploadfile/shops/0/2014/07/14066118988055s0.jpg', 'a:5:{i:0;s:47:"uploadfile/shops/0/2014/07/14066118988055s0.jpg";i:1;s:47:"uploadfile/shops/0/2014/07/14065111535441s0.jpg";i:2;s:0:"";i:3;s:0:"";i:4;s:0:"";}', '0.00', '0.00', '6000-10317', '0.00', '999', 1, 161, 0, 1, 1409301282, '环链电动葫芦', '环链电动葫芦', '<img src="http://shuangniao.hzchihu.com/statics/admin/js/kindeditor/attached/image/20140829/20140829083341_40857.jpg" alt="" /><br />\r\n<strong>\r\n<p>\r\n	1、高效、质轻电机，无石棉刹车系统，低能耗。\r\n</p>\r\n<p>\r\n	2、冲压钢构壳体，轻巧而坚固。\r\n</p>\r\n<p>\r\n	3、高强度安全吊钩，承受意外超负荷冲击不会发生断裂，只是逐渐变形。\r\n</p>\r\n<p>\r\n	4、轻巧、美观而耐用的塑制链袋。\r\n</p>\r\n<p>\r\n	5、极限开关：吊上吊下都有极限快关装置，使电机自动停止，反防止链条超出，确保安全。\r\n</p>\r\n<p>\r\n	6、逆相保护装置:特殊电线装置，当电源接线错误时，控制电路无法动作。<img alt="" src="/statics/admin/js/kindeditor/attached/image/20140728/20140728013353_77296.gif" /><img alt="" src="/statics/admin/js/kindeditor/attached/image/20140728/20140728013358_80815.gif" /><img alt="" src="/statics/admin/js/kindeditor/attached/image/20140728/20140728013404_14411.gif" /> \r\n</p>\r\n<p>\r\n	1.要保持连续和令人满意的操作，必须实施定期项目检查规程，更换磨损或损坏的零部件，以使其不成为非安全操作的隐患。\r\n</p>\r\n<p>\r\n	2.项目检查间隔依葫芦使用情况而定，并基于所使用的葫芦类型以及重要零部件的磨损程度、老化和故障程度来确定项目检查间隔。\r\n</p>\r\n<p>\r\n	3.不要使用处于维修状态的葫芦。\r\n</p>\r\n<p>\r\n	4.不要在吊有载荷的情况下储藏葫芦。\r\n</p>\r\n<p>\r\n	5.擦除葫芦上的污渍。\r\n</p>\r\n<p>\r\n	6.在干燥清洁的场所储藏葫芦。\r\n</p>\r\n<p>\r\n	7.起重链条爆裂可能导致人员伤亡或严重伤害，应仔细维护起重链条，包括正确操作，良好的维护和检修。\r\n</p>\r\n<p>\r\n	8.应确保对起重链条，吊销、上钩轴、吊钩颈部等零部件的润滑。\r\n</p>\r\n<p>\r\n	9.应确保用于黄油相同的机械油对起重链条加以良好润滑。<img alt="" src="/statics/admin/js/kindeditor/attached/image/20140728/20140728013439_94385.jpg" /> \r\n</p>\r\n<p>\r\n	操作前注意事项：\r\n</p>\r\n<p>\r\n	1.如产品的吊钩和吊耳发生变形或裂痕，请勿使用。\r\n</p>\r\n<p>\r\n	2.操作前，应确保实施过项目检查分类中的所有内容。\r\n</p>\r\n<p>\r\n	3.对提升或拉紧物需进行质量估算，再选用合适的起重葫芦。\r\n</p>\r\n<p>\r\n	4.检查上吊钩销轴和下吊钩确保有无变形或松动。\r\n</p>\r\n<p>\r\n	5.手动检查限位开关工作是否正常。\r\n</p>\r\n<p>\r\n	6.链条扭绞、打结、双行链条下吊钩翻转均勿开机起吊。\r\n</p>\r\n<p>\r\n	7.电动葫芦必须在可靠接地的前提下投入使用。\r\n</p>\r\n<p>\r\n	8.起重链条是特殊合金钢制作并经过热处理，不能私自进行焊接或改装。\r\n</p>\r\n<p>\r\n	9.请在负载使用前给减速器加注0.7KG L-CKD100闭式齿轮油，在链条表面涂刷L-CKD100号齿轮油或钙基润滑脂。\r\n</p>\r\n<p>\r\n	10.装配在葫芦里的链条不可修理。\r\n</p>\r\n<p>\r\n	11.在温度低于0°时确保制动器没有结冰。\r\n</p>\r\n<p>\r\n	操作中注意事项：\r\n</p>\r\n<p>\r\n	1.勿使用带有变形或有裂痕的起重链条的葫芦。\r\n</p>\r\n<p>\r\n	2.勿将起重链条作为重载索具使用。\r\n</p>\r\n<p>\r\n	3.勿将该葫芦用于斜吊垂直方向&gt;12°的重物。\r\n</p>\r\n<p>\r\n	4.勿将重物直接挂于吊钩尖端上支承。\r\n</p>\r\n<p>\r\n	5.勿将链条在阻碍物（如钢板）表面通过。\r\n</p>\r\n<p>\r\n	6.勿在悬吊的重物上面实施焊接或切割操作。\r\n</p>\r\n<p>\r\n	7.勿摇动提升货物。\r\n</p>\r\n<p>\r\n	8.勿使用已损坏或使用时有异常声音的葫芦。\r\n</p>\r\n<p>\r\n	9.勿起吊时作急速上、下的重复操作。\r\n</p>\r\n<p>\r\n	10.勿将提升的重物搁置，长时间无人监管。\r\n</p>\r\n<p>\r\n	11.应确保重载正确置于吊钩钩腔部位。\r\n</p>\r\n<p>\r\n	12.实施提升重物前，应确保消除起重链条间隙，以避免发生冲击负载现象。\r\n</p>\r\n<p>\r\n	操作完毕注意事项：\r\n</p>\r\n<p>\r\n	1.操作之后应确保将重物安全的降落下来，以避免重物掉落。\r\n</p>\r\n<p>\r\n	2.操作完毕后及时按下手电门总停按钮，避免他人误操作。\r\n</p>\r\n<p>\r\n	其他注意事项：\r\n</p>\r\n<p>\r\n	1.在特殊环境条件下使用时（如盐水、海水、酸性物质、碱性物质或易爆环境），请提前与你的经销商或本公司联系予以确认。\r\n</p>\r\n<p>\r\n	2.勿使用发生故障或维修状态下的葫芦。<img alt="" src="/statics/admin/js/kindeditor/attached/image/20140728/20140728013500_18627.jpg" /> \r\n</p>\r\n<p>\r\n	<br />\r\n</p>\r\n<p>\r\n	<br />\r\n</p>\r\n</strong>', '', '', 'a:1:{i:1;a:2:{i:34;s:1:"6";i:32;s:1:"3";}}', 'a:0:{}', 7, '1409301282', '1409906082', '999.00', 0, '0.00', '0.00', '0.00', 0, 0, NULL, 0, 0, 0, 0, 0, 100, 0, 0, 0, 0, 1, 0, NULL, 0, '0.00', 0, 0, 0, 0, '999', 106),
(67, 'SHH-A固定式环链电动葫芦', '999', 88, '环链电动葫芦', 13, 2, 1, 0, 1, 972, 'a:1:{i:1;s:6:"米数";}', 'uploadfile/shops/0/2014/07/14066120829019s0.jpg', 'a:5:{i:0;s:47:"uploadfile/shops/0/2014/07/14066120829019s0.jpg";i:1;s:47:"uploadfile/shops/0/2014/07/14065114049653s0.jpg";i:2;s:0:"";i:3;s:0:"";i:4;s:0:"";}', '0.00', '0.00', '4885-31760', '0.00', '999', 1, 189, 0, 1, 1409301417, '环链电动葫芦', '环链电动葫芦', '<img src="http://shuangniao.hzchihu.com/statics/admin/js/kindeditor/attached/image/20140829/20140829083341_40857.jpg" alt="" /><br />\r\n<strong>\r\n<p>\r\n	1、安全可靠性高\r\n</p>\r\n<p>\r\n	本机设有限载保护装置，可避免超载时引发的不良后果；起重吊钩设有闭锁装置，可防止锁具意外滑脱；电机设有热保护装置，当电机因频繁使用引起温升过高时，该装置会自动切断电机以保护电机不至于被烧坏；本机设有上、下限位装置，当吊钩上升或下降至极限位时，本机会自动切断电源，吊钩随即停止动作；本机设有紧急停止按钮，使操作者于危急状况是，能立即关闭电源。\r\n</p>\r\n<p>\r\n	2、机体结构新颖\r\n</p>\r\n<p>\r\n	本机采用高强度的铝合金机体，外形美观、机体紧凑、体积小、重量轻。采用二级齿轮传动，高速级为斜齿轮传动，因而传动平稳、噪声小。\r\n</p>\r\n<p>\r\n	3、零部件强度高\r\n</p>\r\n<p>\r\n	本机主要零部件均采用高级合金钢材料，并经多道特殊热处理工艺加工，具有强度高、耐磨性好等特点；上、下吊钩采用高强度合金钢制作，经强化热处理后具有很高的韧性，即使机体因超载引起破坏，吊钩也只会产生朔性变形而不会发生脆性断裂。\r\n</p>\r\n<p>\r\n	4、本机设有贮链袋，运行时链条能自动贮存于贮链袋内，以防链条自由下坠时卡住和沾上污物。<img alt="" src="/statics/admin/js/kindeditor/attached/image/20140728/20140728013733_66733.gif" /><img alt="" src="/statics/admin/js/kindeditor/attached/image/20140728/20140728013737_40346.gif" /><img alt="" src="/statics/admin/js/kindeditor/attached/image/20140728/20140728013745_20321.gif" /> \r\n</p>\r\n<p>\r\n	<br />\r\n</p>\r\n<p>\r\n	1.要保持连续和令人满意的操作，必须实施定期项目检查规程，更换磨损或损坏的零部件，以使其不成为非安全操作的隐患。\r\n</p>\r\n<p>\r\n	2.项目检查间隔依葫芦使用情况而定，并基于所使用的葫芦类型以及重要零部件的磨损程度、老化和故障程度来确定项目检查间隔。\r\n</p>\r\n<p>\r\n	3.不要使用处于维修状态的葫芦。\r\n</p>\r\n<p>\r\n	4.不要在吊有载荷的情况下储藏葫芦。\r\n</p>\r\n<p>\r\n	5.擦除葫芦上的污渍。\r\n</p>\r\n<p>\r\n	6.在干燥清洁的场所储藏葫芦。\r\n</p>\r\n<p>\r\n	7.起重链条爆裂可能导致人员伤亡或严重伤害，应仔细维护起重链条，包括正确操作，良好的维护和检修。\r\n</p>\r\n<p>\r\n	8.应确保对起重链条，吊销、上钩轴、吊钩颈部等零部件的润滑。\r\n</p>\r\n<p>\r\n	9.应确保用于黄油相同的机械油对起重链条加以良好润滑。\r\n</p>\r\n<p>\r\n	<br />\r\n</p>\r\n<p>\r\n	<img alt="" src="/statics/admin/js/kindeditor/attached/image/20140728/20140728013801_91779.jpg" /> \r\n</p>\r\n<p>\r\n	<br />\r\n</p>\r\n<p>\r\n	操作前注意事项：\r\n</p>\r\n<p>\r\n	1.如产品的吊钩和吊耳发生变形或裂痕，请勿使用。\r\n</p>\r\n<p>\r\n	2.操作前，应确保实施过项目检查分类中的所有内容。\r\n</p>\r\n<p>\r\n	3.对提升或拉紧物需进行质量估算，再选用合适的起重葫芦。\r\n</p>\r\n<p>\r\n	4.检查上吊钩销轴和下吊钩确保有无变形或松动。\r\n</p>\r\n<p>\r\n	5.手动检查限位开关工作是否正常。\r\n</p>\r\n<p>\r\n	6.链条扭绞、打结、双行链条下吊钩翻转均勿开机起吊。\r\n</p>\r\n<p>\r\n	7.电动葫芦必须在可靠接地的前提下投入使用。\r\n</p>\r\n<p>\r\n	8.起重链条是特殊合金钢制作并经过热处理，不能私自进行焊接或改装。\r\n</p>\r\n<p>\r\n	9.在链条表面涂刷轻质润滑油。\r\n</p>\r\n<p>\r\n	10.装配在葫芦里的链条不可修理。\r\n</p>\r\n<p>\r\n	操作中注意事项：\r\n</p>\r\n<p>\r\n	1.勿使用带有变形或有裂痕的起重链条的葫芦。\r\n</p>\r\n<p>\r\n	2.勿将起重链条作为重载索具使用。\r\n</p>\r\n<p>\r\n	3.勿将该葫芦用于斜吊垂直方向&gt;12°的重物。\r\n</p>\r\n<p>\r\n	4.勿将重物直接挂于吊钩尖端上支承。\r\n</p>\r\n<p>\r\n	5.勿将链条在阻碍物（如钢板）表面通过。\r\n</p>\r\n<p>\r\n	6.勿在悬吊的重物上面实施焊接或切割操作。\r\n</p>\r\n<p>\r\n	7.勿摇动提升货物。\r\n</p>\r\n<p>\r\n	8.勿使用已损坏或使用时有异常声音的葫芦。\r\n</p>\r\n<p>\r\n	9.勿起吊时作急速上、下的重复操作。\r\n</p>\r\n<p>\r\n	10.勿将提升的重物搁置，长时间无人监管。\r\n</p>\r\n<p>\r\n	11.应确保重载正确置于吊钩钩腔部位。\r\n</p>\r\n<p>\r\n	12.实施提升重物前，应确保消除起重链条间隙，以避免发生冲击负载现象。\r\n</p>\r\n<p>\r\n	操作完毕注意事项：\r\n</p>\r\n<p>\r\n	1.操作之后应确保将重物安全的降落下来，以避免重物掉落。\r\n</p>\r\n<p>\r\n	2.操作完毕后及时按下手电门总停按钮，避免他人误操作。\r\n</p>\r\n<p>\r\n	其他注意事项：\r\n</p>\r\n<p>\r\n	1.在特殊环境条件下使用时（如盐水、海水、酸性物质、碱性物质或易爆环境），请提前与你的经销商或本公司联系予以确认。\r\n</p>\r\n<p>\r\n	2.勿使用发生故障或维修状态下的葫芦。\r\n</p>\r\n<p>\r\n	<br />\r\n</p>\r\n<p>\r\n	<img alt="" src="/statics/admin/js/kindeditor/attached/image/20140728/20140728013819_66821.jpg" /> \r\n</p>\r\n<p>\r\n	<br />\r\n</p>\r\n<p>\r\n	<br />\r\n</p>\r\n</strong>', '', '', 'a:1:{i:1;a:2:{i:34;s:1:"6";i:32;s:1:"3";}}', 'a:0:{}', 7, '1409301417', '1409906217', '999.00', 0, '0.00', '0.00', '0.00', 0, 0, NULL, 0, 0, 0, 0, 0, 100, 0, 0, 0, 0, 1, 0, NULL, 0, '0.00', 0, 0, 0, 0, '999', 100),
(69, '10t SHH-A固定式环链电动葫芦', '999', 88, '环链电动葫芦', 13, 2, 1, 0, 1, 974, 'a:1:{i:1;s:6:"米数";}', 'uploadfile/shops/0/2014/07/14065118471997s0.jpg', 'a:5:{i:0;s:47:"uploadfile/shops/0/2014/07/14065118471997s0.jpg";i:1;s:0:"";i:2;s:0:"";i:3;s:0:"";i:4;s:0:"";}', '0.00', '0.00', '4885-38670', '0.00', '999', 1, 84, 0, 1, 1410246447, '环链电动葫芦', '环链电动葫芦', '<img alt="" src="http://shuangniao.hzchihu.com/statics/admin/js/kindeditor/attached/image/20140829/20140829083341_40857.jpg" /><img alt="" src="/statics/admin/js/kindeditor/attached/image/20140728/20140728014459_21829.gif" /><img alt="" src="/statics/admin/js/kindeditor/attached/image/20140728/20140728014503_35356.gif" /><img alt="" src="/statics/admin/js/kindeditor/attached/image/20140728/20140728014510_85259.gif" /><strong> \r\n<p>\r\n	1.要保持连续和令人满意的操作，必须实施定期项目检查规程，更换磨损或损坏的零部件，以使其不成为非安全操作的隐患。\r\n</p>\r\n<p>\r\n	2.项目检查间隔依葫芦使用情况而定，并基于所使用的葫芦类型以及重要零部件的磨损程度、老化和故障程度来确定项目检查间隔。\r\n</p>\r\n<p>\r\n	3.不要使用处于维修状态的葫芦。\r\n</p>\r\n<p>\r\n	4.不要在吊有载荷的情况下储藏葫芦。\r\n</p>\r\n<p>\r\n	5.擦除葫芦上的污渍。\r\n</p>\r\n<p>\r\n	6.在干燥清洁的场所储藏葫芦。\r\n</p>\r\n<p>\r\n	7.起重链条爆裂可能导致人员伤亡或严重伤害，应仔细维护起重链条，包括正确操作，良好的维护和检修。\r\n</p>\r\n<p>\r\n	8.应确保对起重链条，吊销、上钩轴、吊钩颈部等零部件的润滑。\r\n</p>\r\n<p>\r\n	9.应确保用于黄油相同的机械油对起重链条加以良好润滑。<img alt="" src="/statics/admin/js/kindeditor/attached/image/20140728/20140728014528_33340.jpg" /> \r\n</p>\r\n<p>\r\n	操作前注意事项：\r\n</p>\r\n<p>\r\n	1.如产品的吊钩和吊耳发生变形或裂痕，请勿使用。\r\n</p>\r\n<p>\r\n	2.操作前，应确保实施过项目检查分类中的所有内容。\r\n</p>\r\n<p>\r\n	3.对提升或拉紧物需进行质量估算，再选用合适的起重葫芦。\r\n</p>\r\n<p>\r\n	4.检查上吊钩销轴和下吊钩确保有无变形或松动。\r\n</p>\r\n<p>\r\n	5.手动检查限位开关工作是否正常。\r\n</p>\r\n<p>\r\n	6.链条扭绞、打结、双行链条下吊钩翻转均勿开机起吊。\r\n</p>\r\n<p>\r\n	7.电动葫芦必须在可靠接地的前提下投入使用。\r\n</p>\r\n<p>\r\n	8.起重链条是特殊合金钢制作并经过热处理，不能私自进行焊接或改装。\r\n</p>\r\n<p>\r\n	9.在链条表面涂刷轻质润滑油。\r\n</p>\r\n<p>\r\n	10.装配在葫芦里的链条不可修理。\r\n</p>\r\n<p>\r\n	操作中注意事项：\r\n</p>\r\n<p>\r\n	1.勿使用带有变形或有裂痕的起重链条的葫芦。\r\n</p>\r\n<p>\r\n	2.勿将起重链条作为重载索具使用。\r\n</p>\r\n<p>\r\n	3.勿将该葫芦用于斜吊垂直方向&gt;12°的重物。\r\n</p>\r\n<p>\r\n	4.勿将重物直接挂于吊钩尖端上支承。\r\n</p>\r\n<p>\r\n	5.勿将链条在阻碍物（如钢板）表面通过。\r\n</p>\r\n<p>\r\n	6.勿在悬吊的重物上面实施焊接或切割操作。\r\n</p>\r\n<p>\r\n	7.勿摇动提升货物。\r\n</p>\r\n<p>\r\n	8.勿使用已损坏或使用时有异常声音的葫芦。\r\n</p>\r\n<p>\r\n	9.勿起吊时作急速上、下的重复操作。\r\n</p>\r\n<p>\r\n	10.勿将提升的重物搁置，长时间无人监管。\r\n</p>\r\n<p>\r\n	11.应确保重载正确置于吊钩钩腔部位。\r\n</p>\r\n<p>\r\n	12.实施提升重物前，应确保消除起重链条间隙，以避免发生冲击负载现象。\r\n</p>\r\n<p>\r\n	操作完毕注意事项：\r\n</p>\r\n<p>\r\n	1.操作之后应确保将重物安全的降落下来，以避免重物掉落。\r\n</p>\r\n<p>\r\n	2.操作完毕后及时按下手电门总停按钮，避免他人误操作。\r\n</p>\r\n<p>\r\n	其他注意事项：\r\n</p>\r\n<p>\r\n	1.在特殊环境条件下使用时（如盐水、海水、酸性物质、碱性物质或易爆环境），请提前与你的经销商或本公司联系予以确认。\r\n</p>\r\n<p>\r\n	2.勿使用发生故障或维修状态下的葫芦。<img alt="" src="/statics/admin/js/kindeditor/attached/image/20140728/20140728014545_20203.jpg" /> \r\n</p>\r\n<p>\r\n	<br />\r\n</p>\r\n</strong>', '', '', 'a:1:{i:1;a:2:{i:34;s:1:"6";i:32;s:1:"3";}}', 'a:0:{}', 7, '1410246447', '1410851247', '999.00', 0, '0.00', '0.00', '0.00', 0, 0, NULL, 0, 0, 0, 0, 0, 100, 0, 0, 0, 0, 1, 0, NULL, 0, '0.00', 0, 0, 0, 0, '999', 102);
INSERT INTO `db_goods` (`goods_id`, `goods_name`, `goods_english`, `gc_id`, `gc_name`, `brand_id`, `type_id`, `isjiajia`, `ispromotion`, `spec_open`, `spec_id`, `spec_name`, `goods_image`, `goods_image_more`, `goods_shop_price`, `goods_market_price`, `goods_shop_price_interval`, `goods_market_price_interval`, `goods_serial`, `goods_show`, `goods_click`, `goods_state`, `goods_commend`, `goods_add_time`, `goods_keywords`, `goods_description`, `goods_body`, `goods_tech`, `goods_attr`, `goods_spec`, `goods_col_img`, `goods_indate`, `goods_starttime`, `goods_endtime`, `goods_weight`, `transport_id`, `py_price`, `kd_price`, `es_price`, `city_id`, `province_id`, `goods_close_reason`, `goods_shop_state`, `commentnum`, `commentgood`, `commentgeneral`, `commentbad`, `commentscore`, `salenum`, `goods_collect`, `goods_goldnum`, `goods_isztc`, `goods_ztcstate`, `goods_ztcstartdate`, `goods_ztclastdate`, `group_flag`, `group_price`, `goods_transfee_charge`, `sts`, `goods_nofeesum`, `goods_sell`, `goods_words`, `goods_listorder`) VALUES
(68, 'SHH-AM运行式环链电动葫芦', '999', 88, '环链电动葫芦', 14, 2, 1, 0, 1, 973, 'a:1:{i:1;s:6:"米数";}', 'uploadfile/shops/0/2014/07/1406612109952s0.jpg', 'a:5:{i:0;s:46:"uploadfile/shops/0/2014/07/1406612109952s0.jpg";i:1;s:47:"uploadfile/shops/0/2014/07/14065115600556s0.jpg";i:2;s:0:"";i:3;s:0:"";i:4;s:0:"";}', '0.00', '0.00', '6930-45670', '0.00', '999', 1, 150, 0, 1, 1409301400, '环链电动葫芦', '环链电动葫芦', '<img src="http://shuangniao.hzchihu.com/statics/admin/js/kindeditor/attached/image/20140829/20140829083341_40857.jpg" alt="" /><br />\r\n<strong>\r\n<p>\r\n	1、安全可靠性高\r\n</p>\r\n<p>\r\n	本机设有限载保护装置，可避免超载时引发的不良后果；起重吊钩设有闭锁装置，可防止锁具意外滑脱；电机设有热保护装置，当电机因频繁使用引起温升过高时，该装置会自动切断电机以保护电机不至于被烧坏；本机设有上、下限位装置，当吊钩上升或下降至极限位时，本机会自动切断电源，吊钩随即停止动作；本机设有紧急停止按钮，使操作者于危急状况是，能立即关闭电源。\r\n</p>\r\n<p>\r\n	2、机体结构新颖\r\n</p>\r\n<p>\r\n	本机采用高强度的铝合金机体，外形美观、机体紧凑、体积小、重量轻。采用二级齿轮传动，高速级为斜齿轮传动，因而传动平稳、噪声小。\r\n</p>\r\n<p>\r\n	3、零部件强度高\r\n</p>\r\n<p>\r\n	本机主要零部件均采用高级合金钢材料，并经多道特殊热处理工艺加工，具有强度高、耐磨性好等特点；上、下吊钩采用高强度合金钢制作，经强化热处理后具有很高的韧性，即使机体因超载引起破坏，吊钩也只会产生朔性变形而不会发生脆性断裂。\r\n</p>\r\n<p>\r\n	4、本机设有贮链袋，运行时链条能自动贮存于贮链袋内，以防链条自由下坠时卡住和沾上污物。<img alt="" src="/statics/admin/js/kindeditor/attached/image/20140728/20140728014032_25974.gif" /><img alt="" src="/statics/admin/js/kindeditor/attached/image/20140728/20140728014038_86335.gif" /><img alt="" src="/statics/admin/js/kindeditor/attached/image/20140728/20140728014045_26847.gif" /> \r\n</p>\r\n<p>\r\n	1.要保持连续和令人满意的操作，必须实施定期项目检查规程，更换磨损或损坏的零部件，以使其不成为非安全操作的隐患。\r\n</p>\r\n<p>\r\n	2.项目检查间隔依葫芦使用情况而定，并基于所使用的葫芦类型以及重要零部件的磨损程度、老化和故障程度来确定项目检查间隔。\r\n</p>\r\n<p>\r\n	3.不要使用处于维修状态的葫芦。\r\n</p>\r\n<p>\r\n	4.不要在吊有载荷的情况下储藏葫芦。\r\n</p>\r\n<p>\r\n	5.擦除葫芦上的污渍。\r\n</p>\r\n<p>\r\n	6.在干燥清洁的场所储藏葫芦。\r\n</p>\r\n<p>\r\n	7.起重链条爆裂可能导致人员伤亡或严重伤害，应仔细维护起重链条，包括正确操作，良好的维护和检修。\r\n</p>\r\n<p>\r\n	8.应确保对起重链条，吊销、上钩轴、吊钩颈部等零部件的润滑。\r\n</p>\r\n<p>\r\n	9.应确保用于黄油相同的机械油对起重链条加以良好润滑。<img alt="" src="/statics/admin/js/kindeditor/attached/image/20140728/20140728014117_71850.jpg" /> \r\n</p>\r\n<p>\r\n	操作前注意事项：\r\n</p>\r\n<p>\r\n	1.如产品的吊钩和吊耳发生变形或裂痕，请勿使用。\r\n</p>\r\n<p>\r\n	2.操作前，应确保实施过项目检查分类中的所有内容。\r\n</p>\r\n<p>\r\n	3.对提升或拉紧物需进行质量估算，再选用合适的起重葫芦。\r\n</p>\r\n<p>\r\n	4.检查上吊钩销轴和下吊钩确保有无变形或松动。\r\n</p>\r\n<p>\r\n	5.手动检查限位开关工作是否正常。\r\n</p>\r\n<p>\r\n	6.链条扭绞、打结、双行链条下吊钩翻转均勿开机起吊。\r\n</p>\r\n<p>\r\n	7.电动葫芦必须在可靠接地的前提下投入使用。\r\n</p>\r\n<p>\r\n	8.起重链条是特殊合金钢制作并经过热处理，不能私自进行焊接或改装。\r\n</p>\r\n<p>\r\n	9.在链条表面涂刷轻质润滑油。\r\n</p>\r\n<p>\r\n	10.装配在葫芦里的链条不可修理。\r\n</p>\r\n<p>\r\n	操作中注意事项：\r\n</p>\r\n<p>\r\n	1.勿使用带有变形或有裂痕的起重链条的葫芦。\r\n</p>\r\n<p>\r\n	2.勿将起重链条作为重载索具使用。\r\n</p>\r\n<p>\r\n	3.勿将该葫芦用于斜吊垂直方向&gt;12°的重物。\r\n</p>\r\n<p>\r\n	4.勿将重物直接挂于吊钩尖端上支承。\r\n</p>\r\n<p>\r\n	5.勿将链条在阻碍物（如钢板）表面通过。\r\n</p>\r\n<p>\r\n	6.勿在悬吊的重物上面实施焊接或切割操作。\r\n</p>\r\n<p>\r\n	7.勿摇动提升货物。\r\n</p>\r\n<p>\r\n	8.勿使用已损坏或使用时有异常声音的葫芦。\r\n</p>\r\n<p>\r\n	9.勿起吊时作急速上、下的重复操作。\r\n</p>\r\n<p>\r\n	10.勿将提升的重物搁置，长时间无人监管。\r\n</p>\r\n<p>\r\n	11.应确保重载正确置于吊钩钩腔部位。\r\n</p>\r\n<p>\r\n	12.实施提升重物前，应确保消除起重链条间隙，以避免发生冲击负载现象。\r\n</p>\r\n<p>\r\n	操作完毕注意事项：\r\n</p>\r\n<p>\r\n	1.操作之后应确保将重物安全的降落下来，以避免重物掉落。\r\n</p>\r\n<p>\r\n	2.操作完毕后及时按下手电门总停按钮，避免他人误操作。\r\n</p>\r\n<p>\r\n	其他注意事项：\r\n</p>\r\n<p>\r\n	1.在特殊环境条件下使用时（如盐水、海水、酸性物质、碱性物质或易爆环境），请提前与你的经销商或本公司联系予以确认。\r\n</p>\r\n<p>\r\n	2.勿使用发生故障或维修状态下的葫芦。<img alt="" src="/statics/admin/js/kindeditor/attached/image/20140728/20140728014135_81993.jpg" /> \r\n</p>\r\n<p>\r\n	<br />\r\n</p>\r\n<p>\r\n	<br />\r\n</p>\r\n</strong>', '', '', 'a:1:{i:1;a:2:{i:34;s:1:"6";i:32;s:1:"3";}}', 'a:0:{}', 7, '1409301400', '1409906200', '999.00', 0, '0.00', '0.00', '0.00', 0, 0, NULL, 0, 0, 0, 0, 0, 100, 0, 0, 0, 0, 1, 0, NULL, 0, '0.00', 0, 0, 0, 0, '999', 101),
(70, 'SHH 816型新款环链电动葫芦', '999', 88, '环链电动葫芦', 24, 2, 0, 0, 1, 975, 'a:1:{i:1;s:6:"米数";}', 'uploadfile/shops/0/2014/07/14065122285631s0.jpg', 'a:5:{i:0;s:47:"uploadfile/shops/0/2014/07/14065122285631s0.jpg";i:1;s:0:"";i:2;s:0:"";i:3;s:0:"";i:4;s:0:"";}', '0.00', '0.00', '0', '0.00', '999', 1, 111, 0, 1, 1409555192, '环链电动葫芦', '环链电动葫芦', '<img src="/statics/admin/js/kindeditor/attached/image/20140829/20140829083528_34559.jpg" alt="" /><br />\r\n<strong> \r\n<p>\r\n	<img src="/statics/admin/js/kindeditor/attached/image/20140901/20140901070624_13540.jpg" alt="" />\r\n</p>\r\n<p>\r\n	1.维修方便\r\n</p>\r\n<p>\r\n	&nbsp;链轮采用插入式连接，更换链轮时无需卸起升电机和齿轮箱组件。\r\n</p>\r\n<p>\r\n	2.高工作级别，使用寿命更长\r\n</p>\r\n<p>\r\n	&nbsp;基准工作级别M5，通过4个基本机型的变换，工作级别顺扩展到M6 ~ M7。工作效率达到最高，延长产品寿命。\r\n</p>\r\n<p>\r\n	3.高性能的先进设计\r\n</p>\r\n<p>\r\n	&nbsp;紧张状态的流线型设计，使整合葫芦。极好的平衡保证链条运行自如，保证葫芦电机在恶劣工作环境中长期运行。\r\n</p>\r\n<p>\r\n	4.拓宽产品适用范围\r\n</p>\r\n<p>\r\n	&nbsp;双速起升速度为标准配置，备有吊钩式与吊耳式两款悬挂方式，也可直接与电动小车吊销连接，使其连接更为完美。\r\n</p>\r\n<p>\r\n	5.可靠的安全装置\r\n</p>\r\n<p>\r\n	&nbsp;制动器直接布置动力传动轴上，制动快速 平稳。摩擦离合器安装在制动器后端，能有效起到过载保护作用。保证制动器磨损小，无需调节，制动器和非石棉的摩擦离合器在10年内均可正常使用而免维修。\r\n</p>\r\n<p>\r\n	6.安全的电控操作系统\r\n</p>\r\n<p>\r\n	&nbsp;手电门的防护等级为IP65，具有冲击全面提高功能。24V低电压间接控制方式，保护操作者以防止受到电击伤害。反向保护继电器能够保护由于电源线的反向连接而对葫芦造成的损害。为满足高端客户的要求可增加起升和运行变频调速。\r\n</p>\r\n<p>\r\n	7.低净空起升高度\r\n</p>\r\n<p>\r\n	&nbsp;充分利用高度空间，是当今压缩建筑空间的低净空主流结构型式。以紧凑C型作为第一结构型式可达到最大可能的起重高度。<img alt="" src="/statics/admin/js/kindeditor/attached/image/20140728/20140728015140_83300.gif" /><img alt="" src="/statics/admin/js/kindeditor/attached/image/20140728/20140728015144_23691.gif" /><img alt="" src="/statics/admin/js/kindeditor/attached/image/20140728/20140728015151_72396.gif" /> \r\n</p>\r\n<p>\r\n	1.要保持连续和令人满意的操作，必须实施定期项目检查规程，更换磨损或损坏的零部件，以使其不成为非安全操作的隐患。\r\n</p>\r\n<p>\r\n	2.项目检查间隔依葫芦使用情况而定，并基于所使用的葫芦类型以及重要零部件的磨损程度、老化和故障程度来确定项目检查间隔。\r\n</p>\r\n<p>\r\n	3.不要使用处于维修状态的葫芦。\r\n</p>\r\n<p>\r\n	4.不要在吊有载荷的情况下储藏葫芦。\r\n</p>\r\n<p>\r\n	5.擦除葫芦上的污渍。\r\n</p>\r\n<p>\r\n	6.在干燥清洁的场所储藏葫芦。\r\n</p>\r\n<p>\r\n	7.起重链条爆裂可能导致人员伤亡或严重伤害，应仔细维护起重链条，包括正确操作，良好的维护和检修。\r\n</p>\r\n<p>\r\n	8.应确保对起重链条，吊销、上钩轴、吊钩颈部等零部件的润滑。\r\n</p>\r\n<p>\r\n	9.应确保用于黄油相同的机械油对起重链条加以良好润滑。<img alt="" src="/statics/admin/js/kindeditor/attached/image/20140728/20140728015222_25369.jpg" /> \r\n</p>\r\n<p>\r\n	操作前注意事项：\r\n</p>\r\n<p>\r\n	1.如产品的吊钩和吊耳发生变形或裂痕，请勿使用。\r\n</p>\r\n<p>\r\n	2.操作前，应确保实施过项目检查分类中的所有内容。\r\n</p>\r\n<p>\r\n	3.对提升或拉紧物需进行质量估算，再选用合适的起重葫芦。\r\n</p>\r\n<p>\r\n	4.检查上吊钩销轴和下吊钩确保有无变形或松动。\r\n</p>\r\n<p>\r\n	5.手动检查限位开关工作是否正常。\r\n</p>\r\n<p>\r\n	6.链条扭绞、打结、双行链条下吊钩翻转均勿开机起吊。\r\n</p>\r\n<p>\r\n	7.电动葫芦必须在可靠接地的前提下投入使用。\r\n</p>\r\n<p>\r\n	8.起重链条是特殊合金钢制作并经过热处理，不能私自进行焊接或改装。\r\n</p>\r\n<p>\r\n	9.在链条表面涂刷轻质润滑油。\r\n</p>\r\n<p>\r\n	10.装配在葫芦里的链条不可修理。\r\n</p>\r\n<p>\r\n	操作中注意事项：\r\n</p>\r\n<p>\r\n	1.勿使用带有变形或有裂痕的起重链条的葫芦。\r\n</p>\r\n<p>\r\n	2.勿将起重链条作为重载索具使用。\r\n</p>\r\n<p>\r\n	3.勿将该葫芦用于斜吊垂直方向&gt;12°的重物。\r\n</p>\r\n<p>\r\n	4.勿将重物直接挂于吊钩尖端上支承。\r\n</p>\r\n<p>\r\n	5.勿将链条在阻碍物（如钢板）表面通过。\r\n</p>\r\n<p>\r\n	6.勿在悬吊的重物上面实施焊接或切割操作。\r\n</p>\r\n<p>\r\n	7.勿摇动提升货物。\r\n</p>\r\n<p>\r\n	8.勿使用已损坏或使用时有异常声音的葫芦。\r\n</p>\r\n<p>\r\n	9.勿起吊时作急速上、下的重复操作。\r\n</p>\r\n<p>\r\n	10.勿将提升的重物搁置，长时间无人监管。\r\n</p>\r\n<p>\r\n	11.应确保重载正确置于吊钩钩腔部位。\r\n</p>\r\n<p>\r\n	12.实施提升重物前，应确保消除起重链条间隙，以避免发生冲击负载现象。\r\n</p>\r\n<p>\r\n	操作完毕注意事项：\r\n</p>\r\n<p>\r\n	1.操作之后应确保将重物安全的降落下来，以避免重物掉落。\r\n</p>\r\n<p>\r\n	2.操作完毕后及时按下手电门总停按钮，避免他人误操作。\r\n</p>\r\n<p>\r\n	其他注意事项：\r\n</p>\r\n<p>\r\n	1.在特殊环境条件下使用时（如盐水、海水、酸性物质、碱性物质或易爆环境），请提前与你的经销商或本公司联系予以确认。\r\n</p>\r\n<p>\r\n	2.勿使用发生故障或维修状态下的葫芦。<img alt="" src="/statics/admin/js/kindeditor/attached/image/20140728/20140728015244_14847.jpg" /> \r\n</p>\r\n<p>\r\n	<br />\r\n</p>\r\n<p>\r\n	<br />\r\n</p>\r\n</strong>', '', '', '', NULL, 7, '1409555192', '1410159992', '999.00', 0, '0.00', '0.00', '0.00', 0, 0, NULL, 0, 0, 0, 0, 0, 100, 0, 0, 0, 0, 1, 0, NULL, 0, '0.00', 0, 0, 0, 0, '999', 104),
(71, 'SHH-D低建筑式环链电动葫芦', '999', 88, '环链电动葫芦', 15, 2, 1, 0, 1, 976, 'a:1:{i:1;s:6:"米数";}', 'uploadfile/shops/0/2014/07/14065124072954s0.jpg', 'a:5:{i:0;s:47:"uploadfile/shops/0/2014/07/14065124072954s0.jpg";i:1;s:0:"";i:2;s:0:"";i:3;s:0:"";i:4;s:0:"";}', '0.00', '0.00', '11100-28450', '0.00', '999', 1, 103, 0, 1, 1409301363, '环链电动葫芦', '环链电动葫芦', '<img src="http://shuangniao.hzchihu.com/statics/admin/js/kindeditor/attached/image/20140829/20140829083341_40857.jpg" alt="" /><img alt="" src="/statics/admin/js/kindeditor/attached/image/20140728/20140728015407_86734.jpg" /><strong> \r\n<p>\r\n	&nbsp; &nbsp;SHH-D低建筑环链电动葫芦，使用安全、质量优良、寿命长、效率高，在缩短机体与横梁轨道间距离上具有独特的结构，适用于建筑物内使用，尤其适用于临时搭建厂房内或者在其内需要扩大有效提升距离的场所。\r\n</p>\r\n<p>\r\n	&nbsp; &nbsp;根据断电刹车原理设计的锥形转子电动机，有常速、快慢速起升速度的各种形式。在直齿轮减速器中，减速器内部安装防过载的摩擦离合器装置，使环链电动葫芦免于承受极端的超负荷，高强度耐磨损的钢制链条提升稳定安全。因此，具有非常的安全可靠性。<img alt="" src="/statics/admin/js/kindeditor/attached/image/20140728/20140728015438_12601.gif" /><img alt="" src="/statics/admin/js/kindeditor/attached/image/20140728/20140728015443_64448.gif" /><img alt="" src="/statics/admin/js/kindeditor/attached/image/20140728/20140728015449_61264.gif" /> \r\n</p>\r\n<p>\r\n	1.要保持连续和令人满意的操作，必须实施定期项目检查规程，更换磨损或损坏的零部件，以使其不成为非安全操作的隐患。\r\n</p>\r\n<p>\r\n	2.项目检查间隔依葫芦使用情况而定，并基于所使用的葫芦类型以及重要零部件的磨损程度、老化和故障程度来确定项目检查间隔。\r\n</p>\r\n<p>\r\n	3.不要使用处于维修状态的葫芦。\r\n</p>\r\n<p>\r\n	4.不要在吊有载荷的情况下储藏葫芦。\r\n</p>\r\n<p>\r\n	5.擦除葫芦上的污渍。\r\n</p>\r\n<p>\r\n	6.在干燥清洁的场所储藏葫芦。\r\n</p>\r\n<p>\r\n	7.起重链条爆裂可能导致人员伤亡或严重伤害，应仔细维护起重链条，包括正确操作，良好的维护和检修。\r\n</p>\r\n<p>\r\n	8.应确保对起重链条，吊销、上钩轴、吊钩颈部等零部件的润滑。\r\n</p>\r\n<p>\r\n	9.应确保用于黄油相同的机械油对起重链条加以良好润滑。<img alt="" src="/statics/admin/js/kindeditor/attached/image/20140728/20140728015520_50380.jpg" /> \r\n</p>\r\n<p>\r\n	操作前注意事项：\r\n</p>\r\n<p>\r\n	1.如产品的吊钩和吊耳发生变形或裂痕，请勿使用。\r\n</p>\r\n<p>\r\n	2.操作前，应确保实施过项目检查分类中的所有内容。\r\n</p>\r\n<p>\r\n	3.对提升或拉紧物需进行质量估算，再选用合适的起重葫芦。\r\n</p>\r\n<p>\r\n	4.检查上吊钩销轴和下吊钩确保有无变形或松动。\r\n</p>\r\n<p>\r\n	5.手动检查限位开关工作是否正常。\r\n</p>\r\n<p>\r\n	6.链条扭绞、打结、双行链条下吊钩翻转均勿开机起吊。\r\n</p>\r\n<p>\r\n	7.电动葫芦必须在可靠接地的前提下投入使用。\r\n</p>\r\n<p>\r\n	8.起重链条是特殊合金钢制作并经过热处理，不能私自进行焊接或改装。\r\n</p>\r\n<p>\r\n	9.在链条表面涂刷轻质润滑油。\r\n</p>\r\n<p>\r\n	10.装配在葫芦里的链条不可修理。\r\n</p>\r\n<p>\r\n	操作中注意事项：\r\n</p>\r\n<p>\r\n	1.勿使用带有变形或有裂痕的起重链条的葫芦。\r\n</p>\r\n<p>\r\n	2.勿将起重链条作为重载索具使用。\r\n</p>\r\n<p>\r\n	3.勿将该葫芦用于斜吊垂直方向&gt;12°的重物。\r\n</p>\r\n<p>\r\n	4.勿将重物直接挂于吊钩尖端上支承。\r\n</p>\r\n<p>\r\n	5.勿将链条在阻碍物（如钢板）表面通过。\r\n</p>\r\n<p>\r\n	6.勿在悬吊的重物上面实施焊接或切割操作。\r\n</p>\r\n<p>\r\n	7.勿摇动提升货物。\r\n</p>\r\n<p>\r\n	8.勿使用已损坏或使用时有异常声音的葫芦。\r\n</p>\r\n<p>\r\n	9.勿起吊时作急速上、下的重复操作。\r\n</p>\r\n<p>\r\n	10.勿将提升的重物搁置，长时间无人监管。\r\n</p>\r\n<p>\r\n	11.应确保重载正确置于吊钩钩腔部位。\r\n</p>\r\n<p>\r\n	12.实施提升重物前，应确保消除起重链条间隙，以避免发生冲击负载现象。\r\n</p>\r\n<p>\r\n	操作完毕注意事项：\r\n</p>\r\n<p>\r\n	1.操作之后应确保将重物安全的降落下来，以避免重物掉落。\r\n</p>\r\n<p>\r\n	2.操作完毕后及时按下手电门总停按钮，避免他人误操作。\r\n</p>\r\n<p>\r\n	其他注意事项：\r\n</p>\r\n<p>\r\n	1.在特殊环境条件下使用时（如盐水、海水、酸性物质、碱性物质或易爆环境），请提前与你的经销商或本公司联系予以确认。\r\n</p>\r\n<p>\r\n	2.勿使用发生故障或维修状态下的葫芦。<img alt="" src="/statics/admin/js/kindeditor/attached/image/20140728/20140728015535_26399.jpg" /> \r\n</p>\r\n<p>\r\n	<br />\r\n</p>\r\n<p>\r\n	<br />\r\n</p>\r\n</strong>', '', '', 'a:1:{i:1;a:2:{i:34;s:1:"6";i:32;s:1:"3";}}', 'a:0:{}', 7, '1409301363', '1409906163', '999.00', 0, '0.00', '0.00', '0.00', 0, 0, NULL, 0, 0, 0, 0, 0, 100, 0, 0, 0, 0, 1, 0, NULL, 0, '0.00', 0, 0, 0, 0, '999', 103),
(72, 'HHXG-AW舞台式环链电动葫芦', '999', 88, '环链电动葫芦', 24, 2, 0, 0, 1, 977, 'a:1:{i:1;s:6:"米数";}', 'uploadfile/shops/0/2014/07/14065126137276s0.jpg', 'a:5:{i:0;s:47:"uploadfile/shops/0/2014/07/14065126137276s0.jpg";i:1;s:0:"";i:2;s:0:"";i:3;s:0:"";i:4;s:0:"";}', '0.00', '0.00', '9999', '0.00', '999', 1, 80, 0, 1, 1409301254, '环链电动葫芦', '环链电动葫芦', '<img src="http://shuangniao.hzchihu.com/statics/admin/js/kindeditor/attached/image/20140829/20140829083341_40857.jpg" alt="" /><br />\r\n<strong>\r\n<p>\r\n	HHXG 型舞台环链电动葫芦是一款高效低能耗的电动葫芦。整机重量轻、结构紧凑合理，冲压钢构壳体，轻巧而坚固。\r\n</p>\r\n<p>\r\n	HHXG 型舞台环链电动葫芦专为舞台电动链条吊车倒置或正常的位置而设计制造，举凡舞台音响/灯光/布景/钢架用途广泛。具有高\r\n</p>\r\n<p>\r\n	可靠性，上、下都有极限开关装置，微动开关反应速度短，能快速有效地止动，防止链条超出，确保安全。<img alt="" src="/statics/admin/js/kindeditor/attached/image/20140728/20140728015739_12452.gif" /><img alt="" src="/statics/admin/js/kindeditor/attached/image/20140728/20140728015744_56719.gif" /><img alt="" src="/statics/admin/js/kindeditor/attached/image/20140728/20140728015750_48504.gif" /> \r\n</p>\r\n<p>\r\n	1.要保持连续和令人满意的操作，必须实施定期项目检查规程，更换磨损或损坏的零部件，以使其不成为非安全操作的隐患。\r\n</p>\r\n<p>\r\n	2.项目检查间隔依葫芦使用情况而定，并基于所使用的葫芦类型以及重要零部件的磨损程度、老化和故障程度来确定项目检查间隔。\r\n</p>\r\n<p>\r\n	3.不要使用处于维修状态的葫芦。\r\n</p>\r\n<p>\r\n	4.不要在吊有载荷的情况下储藏葫芦。\r\n</p>\r\n<p>\r\n	5.擦除葫芦上的污渍。\r\n</p>\r\n<p>\r\n	6.在干燥清洁的场所储藏葫芦。\r\n</p>\r\n<p>\r\n	7.起重链条爆裂可能导致人员伤亡或严重伤害，应仔细维护起重链条，包括正确操作，良好的维护和检修。\r\n</p>\r\n<p>\r\n	8.应确保对起重链条，吊销、上钩轴、吊钩颈部等零部件的润滑。\r\n</p>\r\n<p>\r\n	9.应确保用于黄油相同的机械油对起重链条加以良好润滑。<img alt="" src="/statics/admin/js/kindeditor/attached/image/20140728/20140728015808_27542.jpg" /> \r\n</p>\r\n<p>\r\n	操作前注意事项：\r\n</p>\r\n<p>\r\n	1.如产品的吊钩和吊耳发生变形或裂痕，请勿使用。\r\n</p>\r\n<p>\r\n	2.操作前，应确保实施过项目检查分类中的所有内容。\r\n</p>\r\n<p>\r\n	3.对提升或拉紧物需进行质量估算，再选用合适的起重葫芦。\r\n</p>\r\n<p>\r\n	4.检查上吊钩销轴和下吊钩确保有无变形或松动。\r\n</p>\r\n<p>\r\n	5.手动检查限位开关工作是否正常。\r\n</p>\r\n<p>\r\n	6.链条扭绞、打结、双行链条下吊钩翻转均勿开机起吊。\r\n</p>\r\n<p>\r\n	7.电动葫芦必须在可靠接地的前提下投入使用。\r\n</p>\r\n<p>\r\n	8.起重链条是特殊合金钢制作并经过热处理，不能私自进行焊接或改装。\r\n</p>\r\n<p>\r\n	9.请在负载使用前给减速器加注0.7KG L-CKD100闭式齿轮油，在链条表面涂刷L-CKD100号齿轮油或钙基润滑脂。\r\n</p>\r\n<p>\r\n	10.装配在葫芦里的链条不可修理。\r\n</p>\r\n<p>\r\n	11.在温度低于0°时确保制动器没有结冰。\r\n</p>\r\n<p>\r\n	操作中注意事项：\r\n</p>\r\n<p>\r\n	1.勿使用带有变形或有裂痕的起重链条的葫芦。\r\n</p>\r\n<p>\r\n	2.勿将起重链条作为重载索具使用。\r\n</p>\r\n<p>\r\n	3.勿将该葫芦用于斜吊垂直方向&gt;12°的重物。\r\n</p>\r\n<p>\r\n	4.勿将重物直接挂于吊钩尖端上支承。\r\n</p>\r\n<p>\r\n	5.勿将链条在阻碍物（如钢板）表面通过。\r\n</p>\r\n<p>\r\n	6.勿在悬吊的重物上面实施焊接或切割操作。\r\n</p>\r\n<p>\r\n	7.勿摇动提升货物。\r\n</p>\r\n<p>\r\n	8.勿使用已损坏或使用时有异常声音的葫芦。\r\n</p>\r\n<p>\r\n	9.勿起吊时作急速上、下的重复操作。\r\n</p>\r\n<p>\r\n	10.勿将提升的重物搁置，长时间无人监管。\r\n</p>\r\n<p>\r\n	11.应确保重载正确置于吊钩钩腔部位。\r\n</p>\r\n<p>\r\n	12.实施提升重物前，应确保消除起重链条间隙，以避免发生冲击负载现象。\r\n</p>\r\n<p>\r\n	操作完毕注意事项：\r\n</p>\r\n<p>\r\n	1.操作之后应确保将重物安全的降落下来，以避免重物掉落。\r\n</p>\r\n<p>\r\n	2.操作完毕后及时按下手电门总停按钮，避免他人误操作。\r\n</p>\r\n<p>\r\n	其他注意事项：\r\n</p>\r\n<p>\r\n	1.在特殊环境条件下使用时（如盐水、海水、酸性物质、碱性物质或易爆环境），请提前与你的经销商或本公司联系予以确认。\r\n</p>\r\n<p>\r\n	2.勿使用发生故障或维修状态下的葫芦。<img alt="" src="/statics/admin/js/kindeditor/attached/image/20140728/20140728015825_73061.jpg" /> \r\n</p>\r\n<p>\r\n	<br />\r\n</p>\r\n<p>\r\n	<br />\r\n</p>\r\n</strong>', '', '', '', NULL, 7, '1409301254', '1409906054', '999.00', 0, '0.00', '0.00', '0.00', 0, 0, NULL, 0, 0, 0, 0, 0, 100, 0, 0, 0, 0, 1, 0, NULL, 0, '0.00', 0, 0, 0, 0, '999', 107),
(73, 'SNT-A铝合金紧线器', '999', 101, '手动葫芦 > 手扳葫芦', 8, 2, 0, 0, 1, 978, 'a:1:{i:1;s:6:"米数";}', 'uploadfile/shops/0/2014/07/14065128340883s0.jpg', 'a:5:{i:0;s:47:"uploadfile/shops/0/2014/07/14065128340883s0.jpg";i:1;s:47:"uploadfile/shops/0/2014/07/14065128319515s0.jpg";i:2;s:0:"";i:3;s:0:"";i:4;s:0:"";}', '0.00', '0.00', '2480-8640', '0.00', '999', 1, 69, 0, 1, 1409301436, '铝合金紧线器', '铝合金紧线器', '<img src="http://shuangniao.hzchihu.com/statics/admin/js/kindeditor/attached/image/20140829/20140829083341_40857.jpg" alt="" /><img alt="" src="/statics/admin/js/kindeditor/attached/image/20140728/20140728020311_89865.jpg" /><strong> \r\n<p>\r\n	1、适用范围：\r\n</p>\r\n<p>\r\n	&nbsp; &nbsp; 本产品适用于汽车装载锅炉、钢材、木材、毛竹、玻璃棉纺织品，大型机械等货物时必不可少的随车捆紧、定位的专用工具，也可作大型机械设备的临时起吊安装、汽车陷坑的牵引、木材、毛竹的打捆、扎排等兼用工具。\r\n</p>\r\n<p>\r\n	2、使用方法：\r\n</p>\r\n<p>\r\n	&nbsp; &nbsp; 使用时用手扳动手柄，带动棘轮，转动绕线轴，以达到拉紧绳子。需要放松绳子时，只需要扳动脚爪柄，制止脚爪簧拉力，绳子就能自由拉出。<img alt="" src="/statics/admin/js/kindeditor/attached/image/20140728/20140728020326_29827.gif" /><img alt="" src="/statics/admin/js/kindeditor/attached/image/20140728/20140728020330_52143.gif" /><img alt="" src="/statics/admin/js/kindeditor/attached/image/20140728/20140728020336_70054.gif" /> \r\n</p>\r\n<p>\r\n	维护方法：\r\n</p>\r\n<p>\r\n	1.要保持连续和令人满意的操作，必须实施定期项目检查规程，更换磨损或损坏的零部件，以使其不成为非安全操作的隐患。\r\n</p>\r\n<p>\r\n	2.项目检查间隔依葫芦使用情况而定，并基于所使用的葫芦类型以及重要零部件的磨损程度、老化和故障程度来确定项目检查间隔。\r\n</p>\r\n<p>\r\n	3.不要使用处于维修状态的葫芦。\r\n</p>\r\n<p>\r\n	4.不要在吊有载荷的情况下储藏葫芦。\r\n</p>\r\n<p>\r\n	5.擦除葫芦上的污渍。\r\n</p>\r\n<p>\r\n	6.在干燥清洁的场所储藏葫芦。\r\n</p>\r\n<p>\r\n	7.应确保对起重链条，吊销、上钩轴、吊钩颈部等零部件的润滑。\r\n</p>\r\n<p>\r\n	8.应确保用于黄油相同的机械油对起重链条加以良好润滑。<img alt="" src="/statics/admin/js/kindeditor/attached/image/20140728/20140728020404_18388.jpg" /> \r\n</p>\r\n<p>\r\n	操作前注意事项：\r\n</p>\r\n<p>\r\n	1.铭牌内容是否清晰易读。\r\n</p>\r\n<p>\r\n	2.操作前，应确保实施过项目检查分类中的所有内容。\r\n</p>\r\n<p>\r\n	3.对提升或拉紧物需进行质量估算，再选用合适的起重葫芦。\r\n</p>\r\n<p>\r\n	4.提升应确保重物独立，勿同其他物体硬性连接。\r\n</p>\r\n<p>\r\n	5.确保检查下吊销有无变形或裂痕，并且工作稳定。\r\n</p>\r\n<p>\r\n	6.确保检查制动系统跟棘爪工作正常。\r\n</p>\r\n<p>\r\n	7.确保检查起重链条润滑状态良好。\r\n</p>\r\n<p>\r\n	8.起重链条是特殊合金钢制作并经过热处理，不能私自进行焊接或改装。\r\n</p>\r\n<p>\r\n	操作中注意事项：\r\n</p>\r\n<p>\r\n	1.勿使用带有变形或有裂痕的起重链条的葫芦。\r\n</p>\r\n<p>\r\n	2.勿将起重链条作为重载索具使用。\r\n</p>\r\n<p>\r\n	3.勿将该葫芦作为支撑使用。\r\n</p>\r\n<p>\r\n	4.勿将重物直接挂于吊钩尖端上支承。\r\n</p>\r\n<p>\r\n	5.勿将链条在阻碍物（如钢板）表面通过。\r\n</p>\r\n<p>\r\n	6.勿在悬吊的重物上面实施焊接或切割操作。\r\n</p>\r\n<p>\r\n	7.勿采用附加杠杆的方法来延长扳手。\r\n</p>\r\n<p>\r\n	8.勿摇动提升货物。\r\n</p>\r\n<p>\r\n	9.勿使用起重链条作为焊接接地。\r\n</p>\r\n<p>\r\n	10.勿提升过度，致使下钩架与葫芦相接触。\r\n</p>\r\n<p>\r\n	11.勿下降过度，致使起重链条尾环架与葫芦相接触。\r\n</p>\r\n<p>\r\n	12.勿使用已损坏或使用时有异常声音的葫芦。\r\n</p>\r\n<p>\r\n	13.勿使用拨快松动的葫芦。\r\n</p>\r\n<p>\r\n	14.勿将提升的重物搁置，长时间无人监管。\r\n</p>\r\n<p>\r\n	操作完毕注意事项：\r\n</p>\r\n<p>\r\n	1.操作之后应确保将重物安全的降落下来，以避免重物掉落。\r\n</p>\r\n<p>\r\n	2.在手提葫芦时，不要拖曳或抛掷葫芦。\r\n</p>\r\n<p>\r\n	其他注意事项：\r\n</p>\r\n<p>\r\n	1.在特殊环境条件下使用时（如盐水、海水、酸性物质、碱性物质或易爆环境），请提前与你的经销商或本公司联系予以确认。\r\n</p>\r\n<p>\r\n	2.勿使用发生故障或维修状态下的葫芦。<img alt="" src="/statics/admin/js/kindeditor/attached/image/20140728/20140728020420_61017.jpg" /> \r\n</p>\r\n<p>\r\n	<br />\r\n</p>\r\n<p>\r\n	<br />\r\n</p>\r\n</strong>', '', '', 'a:1:{i:1;a:3:{i:43;s:1:"4";i:33;s:1:"5";i:32;s:1:"3";}}', 'a:0:{}', 7, '1409301436', '1409906236', '999.00', 0, '0.00', '0.00', '0.00', 0, 0, NULL, 0, 0, 0, 0, 0, 100, 0, 0, 0, 0, 1, 0, NULL, 0, '0.00', 0, 0, 0, 0, '999', 62),
(74, 'JG型钢轨夹钳', '999', 94, '吊索具', 24, 2, 0, 0, 1, 979, 'a:1:{i:1;s:6:"米数";}', 'uploadfile/shops/0/2014/07/14065136386648s0.jpg', 'a:5:{i:0;s:47:"uploadfile/shops/0/2014/07/14065136386648s0.jpg";i:1;s:0:"";i:2;s:0:"";i:3;s:0:"";i:4;s:0:"";}', '0.00', '0.00', '0', '0.00', '999', 1, 301, 0, 1, 1409301098, '钢轨夹钳', '钢轨夹钳', '<img src="/statics/admin/js/kindeditor/attached/image/20140829/20140829083133_67708.jpg" alt="" /><img alt="" src="/statics/admin/js/kindeditor/attached/image/20140728/20140728021416_71515.gif" /><img alt="" src="/statics/admin/js/kindeditor/attached/image/20140728/20140728021425_14531.gif" /><img alt="" src="/statics/admin/js/kindeditor/attached/image/20140728/20140728021430_40066.jpg" />', '', '', '', NULL, 7, '1409301098', '1409905898', '999.00', 0, '0.00', '0.00', '0.00', 0, 0, NULL, 0, 0, 0, 0, 0, 100, 0, 0, 0, 0, 1, 0, NULL, 0, '0.00', 0, 0, 0, 0, '999', 124),
(75, 'JCD型钢板吊', '999', 94, '吊索具', 24, 2, 0, 0, 1, 980, 'a:1:{i:1;s:6:"米数";}', 'uploadfile/shops/0/2014/07/14065137036523s0.jpg', 'a:5:{i:0;s:47:"uploadfile/shops/0/2014/07/14065137036523s0.jpg";i:1;s:0:"";i:2;s:0:"";i:3;s:0:"";i:4;s:0:"";}', '0.00', '0.00', '0', '0.00', '999', 1, 75, 0, 1, 1409301176, '钢板吊', '钢板吊', '<img src="/statics/admin/js/kindeditor/attached/image/20140829/20140829083253_71924.jpg" alt="" /><img alt="" src="/statics/admin/js/kindeditor/attached/image/20140728/20140728021612_36347.jpg" /><strong> \r\n<p>\r\n	JCD安装使用方便，外形简洁美观；再夹紧或松开时，吊环做直线移动。\r\n</p>\r\n</strong><img alt="" src="/statics/admin/js/kindeditor/attached/image/20140728/20140728021528_56016.gif" /><img alt="" src="/statics/admin/js/kindeditor/attached/image/20140728/20140728021533_61863.gif" /><img alt="" src="/statics/admin/js/kindeditor/attached/image/20140728/20140728021546_11582.jpg" />', '', '', '', NULL, 7, '1409301176', '1409905976', '999.00', 0, '0.00', '0.00', '0.00', 0, 0, NULL, 0, 0, 0, 0, 0, 100, 0, 0, 0, 0, 1, 0, NULL, 0, '0.00', 0, 0, 0, 0, '999', 122),
(76, 'PPD型钢板吊', '999', 94, '吊索具', 24, 2, 0, 0, 1, 981, 'a:1:{i:1;s:6:"米数";}', 'uploadfile/shops/0/2014/07/14065138868273s0.jpg', 'a:5:{i:0;s:47:"uploadfile/shops/0/2014/07/14065138868273s0.jpg";i:1;s:0:"";i:2;s:0:"";i:3;s:0:"";i:4;s:0:"";}', '0.00', '0.00', '0', '0.00', '999', 1, 74, 0, 1, 1409301155, '钢板吊', '钢板吊', '<img src="/statics/admin/js/kindeditor/attached/image/20140829/20140829083232_86165.jpg" alt="" /><img alt="" src="/statics/admin/js/kindeditor/attached/image/20140728/20140728021852_52203.gif" /><img alt="" src="/statics/admin/js/kindeditor/attached/image/20140728/20140728021858_23202.gif" /><img alt="" src="/statics/admin/js/kindeditor/attached/image/20140728/20140728021904_66920.jpg" />', '', '', '', NULL, 7, '1409301155', '1409905955', '999.00', 0, '0.00', '0.00', '0.00', 0, 0, NULL, 0, 0, 0, 0, 0, 100, 0, 0, 0, 0, 1, 0, NULL, 0, '0.00', 0, 0, 0, 0, '999', 123),
(77, 'GCL 610手拉小车', '999', 93, '单轨行车', 17, 2, 0, 0, 1, 982, 'a:1:{i:1;s:6:"米数";}', 'uploadfile/shops/0/2014/07/14065140161621s0.jpg', 'a:5:{i:0;s:47:"uploadfile/shops/0/2014/07/14065140161621s0.jpg";i:1;s:0:"";i:2;s:0:"";i:3;s:0:"";i:4;s:0:"";}', '0.00', '0.00', '274-9325', '0.00', '999', 1, 88, 0, 1, 1409301228, '单轨行车', '单轨行车', '<img src="/statics/admin/js/kindeditor/attached/image/20140829/20140829083341_40857.jpg" alt="" /><img alt="" src="/statics/admin/js/kindeditor/attached/image/20140728/20140728022030_96305.jpg" /><strong> \r\n<p>\r\n	GCL/GCT810系列小车选用了全新的高强度低合金结构钢，确保4倍安全载荷，轻巧、安全、安装方便、是目前最为轻巧小车之一。\r\n</p>\r\n<p>\r\n	1.采用优质钢材，结构紧凑，外型美观。\r\n</p>\r\n<p>\r\n	2.国际标准生产，安全性能可靠。\r\n</p>\r\n<p>\r\n	3.可多种选择，“H”型钢、“I”型钢均可适用。\r\n</p>\r\n<p>\r\n	4.可生产适用于最大轨宽范围至305mm。<img alt="" src="/statics/admin/js/kindeditor/attached/image/20140728/20140728022046_36400.gif" /><img alt="" src="/statics/admin/js/kindeditor/attached/image/20140728/20140728022051_69647.gif" /><img alt="" src="/statics/admin/js/kindeditor/attached/image/20140728/20140728022056_47205.jpg" /> \r\n</p>\r\n</strong>', '', '', 'a:1:{i:1;a:9:{i:46;s:2:"12";i:43;s:1:"4";i:37;s:2:"10";i:36;s:1:"9";i:44;s:1:"7";i:34;s:1:"6";i:33;s:1:"5";i:32;s:1:"3";i:45;s:1:"8";}}', 'a:0:{}', 7, '1409301228', '1409906028', '999.00', 0, '0.00', '0.00', '0.00', 0, 0, NULL, 0, 0, 0, 0, 0, 100, 0, 0, 0, 0, 1, 0, NULL, 0, '0.00', 0, 0, 0, 0, '999', 120),
(78, 'GCT 610手推小车', '999', 93, '单轨行车', 18, 2, 0, 0, 1, 983, 'a:1:{i:1;s:6:"米数";}', 'uploadfile/shops/0/2014/07/14065140890348s0.jpg', 'a:5:{i:0;s:47:"uploadfile/shops/0/2014/07/14065140890348s0.jpg";i:1;s:0:"";i:2;s:0:"";i:3;s:0:"";i:4;s:0:"";}', '0.00', '0.00', '160-775', '0.00', '999', 1, 85, 0, 1, 1409301200, '单轨行车', '单轨行车', '<img src="/statics/admin/js/kindeditor/attached/image/20140829/20140829083317_86157.jpg" alt="" /><img alt="" src="/statics/admin/js/kindeditor/attached/image/20140728/20140728022148_62283.jpg" /><strong> \r\n<p>\r\n	GCL/GCT810系列小车选用了全新的高强度低合金结构钢，确保4倍安全载荷，轻巧、安全、安装方便、是目前最为轻巧小车之一。\r\n</p>\r\n<p>\r\n	1.采用优质钢材，结构紧凑，外型美观。\r\n</p>\r\n<p>\r\n	2.国际标准生产，安全性能可靠。\r\n</p>\r\n<p>\r\n	3.可多种选择，“H”型钢、“I”型钢均可适用。\r\n</p>\r\n<p>\r\n	4.可生产适用于最大轨宽范围至305mm。<img alt="" src="/statics/admin/js/kindeditor/attached/image/20140728/20140728022208_56395.gif" /><img alt="" src="/statics/admin/js/kindeditor/attached/image/20140728/20140728022214_21615.gif" /><img alt="" src="/statics/admin/js/kindeditor/attached/image/20140728/20140728022221_54192.jpg" /> \r\n</p>\r\n</strong>', '', '', '', NULL, 7, '1409301200', '1409906000', '999.00', 0, '0.00', '0.00', '0.00', 0, 0, NULL, 0, 0, 0, 0, 0, 100, 0, 0, 0, 0, 1, 0, NULL, 0, '0.00', 0, 0, 0, 0, '999', 121),
(79, 'G80级 起重链条', '999', 95, '起重链条', 24, 2, 0, 0, 1, 984, 'a:1:{i:1;s:6:"米数";}', 'uploadfile/shops/0/2014/07/14065144162501s0.jpg', 'a:5:{i:0;s:47:"uploadfile/shops/0/2014/07/14065144162501s0.jpg";i:1;s:0:"";i:2;s:0:"";i:3;s:0:"";i:4;s:0:"";}', '0.00', '0.00', '0', '0.00', '999', 1, 106, 0, 1, 1409301047, '起重链条', '起重链条', '<img src="/statics/admin/js/kindeditor/attached/image/20140829/20140829083042_48292.jpg" alt="" /><img alt="" src="/statics/admin/js/kindeditor/attached/image/20140728/20140728022430_20008.jpg" /><strong> \r\n<p>\r\n	高强度索具、高强度起重链条式双鸟的一大特色，链条车间占地10000平方米，拥有十五条德国WAFIOS生产线，配有全自动检测设备、IGPT中频淬火机、德国KK4矫正机，也是行业标准的制定者和执行者。<img alt="" src="/statics/admin/js/kindeditor/attached/image/20140728/20140728022446_15462.gif" /><img alt="" src="/statics/admin/js/kindeditor/attached/image/20140728/20140728022452_13587.gif" /><img alt="" src="/statics/admin/js/kindeditor/attached/image/20140728/20140728022458_60830.jpg" /> \r\n</p>\r\n</strong>', '', '', '', NULL, 7, '1409301047', '1409905847', '999.00', 0, '0.00', '0.00', '0.00', 0, 0, NULL, 0, 0, 0, 0, 0, 100, 0, 0, 0, 0, 1, 0, NULL, 0, '0.00', 0, 0, 0, 0, '999', 125),
(80, 'HSZ-A619手拉葫芦(10tt-50t)', '999', 100, '手动葫芦 > 手拉葫芦', 25, 2, 0, 0, 1, 0, 'a:1:{i:1;s:6:"米数";}', '', 'a:5:{i:0;s:0:"";i:1;s:0:"";i:2;s:0:"";i:3;s:0:"";i:4;s:0:"";}', '0.00', '0.00', '1796-42143', '1796-42143', '999', 0, 1, 1, 0, 1406783559, '手拉葫芦', '', '', '', '', 'a:1:{i:1;a:9:{i:32;s:1:"3";i:43;s:1:"4";i:33;s:1:"5";i:34;s:1:"6";i:44;s:1:"7";i:45;s:1:"8";i:36;s:1:"9";i:37;s:2:"10";i:46;s:2:"12";}}', NULL, 7, '1406783559', '1407388359', '999.00', 0, '0.00', '0.00', '0.00', 0, 0, NULL, 0, 0, 0, 0, 0, 100, 0, 0, 0, 0, 1, 0, NULL, 0, '0.00', 0, 1, 0, 0, '999', 11),
(81, 'HSZ-A619手拉葫芦(10tt-50t)', '999', 100, '手动葫芦 > 手拉葫芦', 25, 2, 0, 0, 1, 0, 'a:1:{i:1;s:6:"米数";}', '', 'a:5:{i:0;s:0:"";i:1;s:0:"";i:2;s:0:"";i:3;s:0:"";i:4;s:0:"";}', '0.00', '0.00', '1796-42143', '1796-42143', '999', 0, 1, 1, 0, 1406783571, '手拉葫芦', '', '', '', '', 'a:1:{i:1;a:9:{i:32;s:1:"3";i:43;s:1:"4";i:33;s:1:"5";i:34;s:1:"6";i:44;s:1:"7";i:45;s:1:"8";i:36;s:1:"9";i:37;s:2:"10";i:46;s:2:"12";}}', NULL, 7, '1406783571', '1407388371', '999.00', 0, '0.00', '0.00', '0.00', 0, 0, NULL, 0, 0, 0, 0, 0, 100, 0, 0, 0, 0, 1, 0, NULL, 0, '0.00', 0, 1, 0, 0, '999', 11),
(82, 'HSZ-A619手拉葫芦(10t-50t)', '999', 100, '手动葫芦 > 手拉葫芦', 25, 2, 0, 0, 1, 989, 'a:1:{i:1;s:6:"米数";}', 'uploadfile/shops/0/2014/07/14067870191916s0.jpg', 'a:5:{i:0;s:47:"uploadfile/shops/0/2014/07/14067870191916s0.jpg";i:1;s:47:"uploadfile/shops/0/2014/07/14067870135119s0.jpg";i:2;s:0:"";i:3;s:0:"";i:4;s:0:"";}', '0.00', '0.00', '1796-42143', '0.00', '999', 1, 70, 0, 0, 1409301657, '手拉葫芦', '手拉葫芦', '<p>\r\n	<img src="http://shuangniao.hzchihu.com/statics/admin/js/kindeditor/attached/image/20140829/20140829083341_40857.jpg" alt="" /><img alt="" src="http://shuangniao.hzchihu.com/statics/admin/js/kindeditor/attached/image/20140729/20140729024558_12447.jpg" /> \r\n</p>\r\n<p>\r\n	<strong>1、依据《En13157》标准设计制造，主要零部件和整机性能均经严格的检查和测试，产品的可靠度大大提高，在使用中保证了使用人员的安全性。</strong> \r\n</p>\r\n<p>\r\n	<strong>2、采用低合金结构钢板，安全可靠、经久耐用。</strong> \r\n</p>\r\n<p>\r\n	<strong>3、采用800Mpa高强度起重链条，锻打式的吊钩设计确保缓慢起升以防过载；符合欧洲CE安全标准。安全系数高，使用寿命长。</strong> \r\n</p>\r\n<p>\r\n	<strong>4、采用整体轴承，大大提高了产品的性能、使用寿命和易维修性。</strong> \r\n</p>\r\n<p>\r\n	<strong>5、转动平稳，效率高，手板力小。</strong> \r\n</p>\r\n<p>\r\n	<strong>6、采用双棘爪、冲压件导链板（双导轮结构选用），更加安全可靠。</strong> \r\n</p>\r\n<p>\r\n	<strong>7、机体体型小、重量轻、携带方便。</strong> \r\n</p>\r\n<p>\r\n	<strong>8、结构紧凑合理、整机运行平稳、外形美观新颖。</strong> \r\n</p>\r\n<p>\r\n	<strong>9、独特超载装置（单向离合器的采用）专利技术，供选用。</strong> \r\n</p>\r\n<p>\r\n	<strong>10、外壳材质是优质合金钢，坚固耐磨，安全性能高。<img alt="" src="http://shuangniao.hzchihu.com/statics/admin/js/kindeditor/attached/image/20140729/20140729024626_85940.gif" /><img alt="" src="http://shuangniao.hzchihu.com/statics/admin/js/kindeditor/attached/image/20140729/20140729024637_96237.gif" /><img alt="" src="http://shuangniao.hzchihu.com/statics/admin/js/kindeditor/attached/image/20140729/20140729024715_66431.jpg" /></strong> \r\n</p>\r\n<p>\r\n	<strong>1.要保持连续和令人满意的操作，必须实施定期项目检查规程，更换磨损或损坏的零部件，以使其不成为非安全操作的隐患。</strong> \r\n</p>\r\n<p>\r\n	<strong>2.项目检查间隔依葫芦使用情况而定，并基于所使用的葫芦类型以及重要零部件的磨损程度、老化和故障程度来确定项目检查间隔。</strong> \r\n</p>\r\n<p>\r\n	<strong>3.不要使用处于维修状态的葫芦。</strong> \r\n</p>\r\n<p>\r\n	<strong>4.不要在吊有载荷的情况下储藏葫芦。</strong> \r\n</p>\r\n<p>\r\n	<strong>5.擦除葫芦上的污渍。</strong> \r\n</p>\r\n<p>\r\n	<strong>6.在干燥清洁的场所储藏葫芦。</strong> \r\n</p>\r\n<p>\r\n	<strong>7.应确保对起重链条，吊销、上钩轴、吊钩颈部等零部件的润滑。</strong> \r\n</p>\r\n<p>\r\n	<strong>8.应确保用于黄油相同的机械油对起重链条加以良好润滑。<img alt="" src="http://shuangniao.hzchihu.com/statics/admin/js/kindeditor/attached/image/20140729/20140729024759_17899.jpg" /></strong> \r\n</p>\r\n<p>\r\n	<strong>操作前注意事项：</strong> \r\n</p>\r\n<p>\r\n	<strong>1.铭牌内容是否清晰易读。</strong> \r\n</p>\r\n<p>\r\n	<strong>2.操作前，应确保实施过项目检查分类中的所有内容。</strong> \r\n</p>\r\n<p>\r\n	<strong>3.对提升或拉紧物需进行质量估算，再选用合适的起重葫芦。</strong> \r\n</p>\r\n<p>\r\n	<strong>4.提升应确保重物独立，勿同其他物体硬性连接。</strong> \r\n</p>\r\n<p>\r\n	<strong>5.确保检查下吊销有无变形或裂痕，并且工作稳定。</strong> \r\n</p>\r\n<p>\r\n	<strong>6.确保检查制动系统跟棘爪工作正常。</strong> \r\n</p>\r\n<p>\r\n	<strong>7.确保检查起重链条润滑状态良好。</strong> \r\n</p>\r\n<p>\r\n	<strong>8.起重链条是特殊合金钢制作并经过热处理，不能私自进行焊接或改装。</strong> \r\n</p>\r\n<p>\r\n	<strong>操作中注意事项：</strong> \r\n</p>\r\n<p>\r\n	<strong>1.勿使用带有变形或有裂痕的起重链条的葫芦。</strong> \r\n</p>\r\n<p>\r\n	<strong>2.勿将起重链条作为重载索具使用。</strong> \r\n</p>\r\n<p>\r\n	<strong>3.勿将该葫芦作为支撑使用。</strong> \r\n</p>\r\n<p>\r\n	<strong>4.勿将重物直接挂于吊钩尖端上支承。</strong> \r\n</p>\r\n<p>\r\n	<strong>5.勿将链条在阻碍物（如钢板）表面通过。</strong> \r\n</p>\r\n<p>\r\n	<strong>6.勿在悬吊的重物上面实施焊接或切割操作。</strong> \r\n</p>\r\n<p>\r\n	<strong>7.勿摇动提升货物。</strong> \r\n</p>\r\n<p>\r\n	<strong>8.勿使用起重链条作为焊接接地。</strong> \r\n</p>\r\n<p>\r\n	<strong>9.勿提升过度，致使下钩架与葫芦相接触。</strong> \r\n</p>\r\n<p>\r\n	<strong>10.勿下降过度，致使起重链条尾环架与葫芦相接触。</strong> \r\n</p>\r\n<p>\r\n	<strong>11.勿使用已损坏或使用时有异常声音的葫芦。</strong> \r\n</p>\r\n<p>\r\n	<strong>12.勿将提升的重物搁置，长时间无人监管。</strong> \r\n</p>\r\n<p>\r\n	<strong>13.应确保重载正确置于吊钩钩腔部位。</strong> \r\n</p>\r\n<p>\r\n	<strong>14.实施提升重物前，应确保消除起重链条间隙，以避免发生冲击负载现象。</strong> \r\n</p>\r\n<p>\r\n	<strong>操作完毕注意事项：</strong> \r\n</p>\r\n<p>\r\n	<strong>1.操作之后应确保将重物安全的降落下来，以避免重物掉落。</strong> \r\n</p>\r\n<p>\r\n	<strong>2.在手提葫芦时，不要拖曳或抛掷葫芦。</strong> \r\n</p>\r\n<p>\r\n	<strong>其他注意事项：</strong> \r\n</p>\r\n<p>\r\n	<strong>1.在特殊环境条件下使用时（如盐水、海水、酸性物质、碱性物质或易爆环境），请提前与你的经销商或本公司联系予以确认。</strong> \r\n</p>\r\n<p>\r\n	<strong>2.勿使用发生故障或维修状态下的葫芦。<img alt="" src="http://shuangniao.hzchihu.com/statics/admin/js/kindeditor/attached/image/20140729/20140729024817_37836.jpg" /></strong> \r\n</p>\r\n<p>\r\n	<br />\r\n</p>\r\n<p>\r\n	<br />\r\n</p>\r\n<p>\r\n	<br />\r\n</p>', '', '', 'a:1:{i:1;a:9:{i:46;s:2:"12";i:43;s:1:"4";i:37;s:2:"10";i:36;s:1:"9";i:44;s:1:"7";i:34;s:1:"6";i:33;s:1:"5";i:32;s:1:"3";i:45;s:1:"8";}}', 'a:0:{}', 7, '1409301657', '1409906457', '999.00', 0, '0.00', '0.00', '0.00', 0, 0, NULL, 0, 0, 0, 0, 0, 100, 0, 0, 0, 0, 1, 0, NULL, 0, '0.00', 0, 0, 0, 0, '999', 50),
(83, 'HSZ-A619手拉葫芦(10tt-50t)', '999', 100, '手动葫芦 > 手拉葫芦', 25, 2, 0, 0, 1, 0, 'a:1:{i:1;s:6:"米数";}', '', 'a:5:{i:0;s:0:"";i:1;s:0:"";i:2;s:0:"";i:3;s:0:"";i:4;s:0:"";}', '0.00', '0.00', '1796-42143', '1796-42143', '999', 0, 1, 1, 0, 1406783605, '', '', '', '', '', 'a:1:{i:1;a:9:{i:32;s:1:"3";i:43;s:1:"4";i:33;s:1:"5";i:34;s:1:"6";i:44;s:1:"7";i:45;s:1:"8";i:36;s:1:"9";i:37;s:2:"10";i:46;s:2:"12";}}', NULL, 7, '1406783605', '1407388405', '999.00', 0, '0.00', '0.00', '0.00', 0, 0, NULL, 0, 0, 0, 0, 0, 100, 0, 0, 0, 0, 1, 0, NULL, 0, '0.00', 0, 1, 0, 0, '999', 11),
(84, 'asdf', '999', 88, '环链电动葫芦', 25, 2, 0, 0, 1, 987, 'a:1:{i:1;s:6:"米数";}', '', 'a:5:{i:0;s:0:"";i:1;s:0:"";i:2;s:0:"";i:3;s:0:"";i:4;s:0:"";}', '0.00', '0.00', '300~1000', '0.00', '999', 0, 1, 1, 1, 1406783901, '', '', 'asdf', '', '', '', NULL, 7, '1406783901', '1407388701', '999.00', 0, '0.00', '0.00', '0.00', 0, 0, NULL, 0, 0, 0, 0, 0, 100, 0, 0, 0, 0, 1, 0, NULL, 0, '0.00', 0, 1, 0, 0, '999', 99),
(85, 'HSZ-A619手拉葫芦(10tt-50t)', '999', 100, '手动葫芦 > 手拉葫芦', 25, 2, 0, 0, 1, 0, 'a:1:{i:1;s:6:"米数";}', '', 'a:5:{i:0;s:0:"";i:1;s:0:"";i:2;s:0:"";i:3;s:0:"";i:4;s:0:"";}', '0.00', '0.00', '1796-42143', '1796-42143', '999', 0, 1, 1, 0, 1406784113, '', '', '1234', '', '', 'a:1:{i:1;a:9:{i:32;s:1:"3";i:43;s:1:"4";i:33;s:1:"5";i:34;s:1:"6";i:44;s:1:"7";i:45;s:1:"8";i:36;s:1:"9";i:37;s:2:"10";i:46;s:2:"12";}}', NULL, 7, '1406784113', '1407388913', '999.00', 0, '0.00', '0.00', '0.00', 0, 0, NULL, 0, 0, 0, 0, 0, 100, 0, 0, 0, 0, 1, 0, NULL, 0, '0.00', 0, 1, 0, 0, '999', 11),
(86, 'HSZ-A619手拉葫芦(10tt-50t)', '999', 100, '手动葫芦 > 手拉葫芦', 25, 2, 0, 0, 1, 0, 'a:1:{i:1;s:6:"米数";}', '', 'a:5:{i:0;s:0:"";i:1;s:0:"";i:2;s:0:"";i:3;s:0:"";i:4;s:0:"";}', '0.00', '0.00', '1796-42143', '1796-42143', '999', 0, 1, 1, 0, 1406784131, '', '', '1234', '', '', 'a:1:{i:1;a:9:{i:32;s:1:"3";i:43;s:1:"4";i:33;s:1:"5";i:34;s:1:"6";i:44;s:1:"7";i:45;s:1:"8";i:36;s:1:"9";i:37;s:2:"10";i:46;s:2:"12";}}', NULL, 7, '1406784131', '1407388931', '999.00', 0, '0.00', '0.00', '0.00', 0, 0, NULL, 0, 0, 0, 0, 0, 100, 0, 0, 0, 0, 1, 0, NULL, 0, '0.00', 0, 1, 0, 0, '999', 11),
(87, '工枯干dd', '999', 88, '环链电动葫芦', 25, 2, 0, 0, 1, 988, 'a:1:{i:1;s:6:"米数";}', '', 'a:5:{i:0;s:0:"";i:1;s:0:"";i:2;s:0:"";i:3;s:0:"";i:4;s:0:"";}', '0.00', '0.00', '100', '100', '999', 0, 1, 1, 1, 1406784162, '', '', '', '', '', '', NULL, 7, '1406784162', '1407388962', '999.00', 0, '0.00', '0.00', '0.00', 0, 0, NULL, 0, 0, 0, 0, 0, 100, 0, 0, 0, 0, 1, 0, NULL, 0, '0.00', 0, 1, 0, 0, '999', 99),
(88, 'aaa', '999', 88, '环链电动葫芦', 25, 2, 0, 0, 1, 0, 'a:1:{i:1;s:6:"米数";}', '', 'a:5:{i:0;s:0:"";i:1;s:0:"";i:2;s:0:"";i:3;s:0:"";i:4;s:0:"";}', '0.00', '0.00', '300~1000', '300~1000', '999', 0, 1, 1, 1, 1406784191, '', '', '', '', '', 'a:1:{i:1;a:2:{i:44;s:1:"7";i:45;s:1:"8";}}', NULL, 7, '1406784191', '1407388991', '999.00', 0, '0.00', '0.00', '0.00', 0, 0, NULL, 0, 0, 0, 0, 0, 100, 0, 0, 0, 0, 1, 0, NULL, 0, '0.00', 0, 1, 0, 0, '999', 99);
INSERT INTO `db_goods` (`goods_id`, `goods_name`, `goods_english`, `gc_id`, `gc_name`, `brand_id`, `type_id`, `isjiajia`, `ispromotion`, `spec_open`, `spec_id`, `spec_name`, `goods_image`, `goods_image_more`, `goods_shop_price`, `goods_market_price`, `goods_shop_price_interval`, `goods_market_price_interval`, `goods_serial`, `goods_show`, `goods_click`, `goods_state`, `goods_commend`, `goods_add_time`, `goods_keywords`, `goods_description`, `goods_body`, `goods_tech`, `goods_attr`, `goods_spec`, `goods_col_img`, `goods_indate`, `goods_starttime`, `goods_endtime`, `goods_weight`, `transport_id`, `py_price`, `kd_price`, `es_price`, `city_id`, `province_id`, `goods_close_reason`, `goods_shop_state`, `commentnum`, `commentgood`, `commentgeneral`, `commentbad`, `commentscore`, `salenum`, `goods_collect`, `goods_goldnum`, `goods_isztc`, `goods_ztcstate`, `goods_ztcstartdate`, `goods_ztclastdate`, `group_flag`, `group_price`, `goods_transfee_charge`, `sts`, `goods_nofeesum`, `goods_sell`, `goods_words`, `goods_listorder`) VALUES
(89, 'HSZ-A710手拉葫芦(10t-30t)', '999', 100, '手动葫芦 > 手拉葫芦', 27, 2, 0, 0, 1, 990, 'a:1:{i:1;s:6:"米数";}', 'uploadfile/shops/0/2014/07/14067873688556s0.jpg', 'a:5:{i:0;s:47:"uploadfile/shops/0/2014/07/14067873688556s0.jpg";i:1;s:47:"uploadfile/shops/0/2014/07/14067873716761s0.jpg";i:2;s:0:"";i:3;s:0:"";i:4;s:0:"";}', '0.00', '0.00', '1796-42143', '0.00', '999', 1, 41, 0, 0, 1409301551, '手拉葫芦', '手拉葫芦', '<p>\r\n	<img src="http://shuangniao.hzchihu.com/statics/admin/js/kindeditor/attached/image/20140829/20140829083341_40857.jpg" alt="" /><img alt="" src="http://shuangniao.hzchihu.com/statics/admin/js/kindeditor/attached/image/20140728/20140728005358_48765.gif" /><img alt="" src="http://shuangniao.hzchihu.com/statics/admin/js/kindeditor/attached/image/20140728/20140728005406_14007.gif" /><img alt="" src="http://shuangniao.hzchihu.com/statics/admin/js/kindeditor/attached/image/20140728/20140728005413_37729.gif" /> \r\n</p>\r\n<p>\r\n	<br />\r\n</p>\r\n<p>\r\n	<strong>1.要保持连续和令人满意的操作，必须实施定期项目检查规程，更换磨损或损坏的零部件，以使其不成为非安全操作的隐患。</strong> \r\n</p>\r\n<p>\r\n	<strong>2.项目检查间隔依葫芦使用情况而定，并基于所使用的葫芦类型以及重要零部件的磨损程度、老化和故障程度来确定项目检查间隔。</strong> \r\n</p>\r\n<p>\r\n	<strong>3.不要使用处于维修状态的葫芦。</strong> \r\n</p>\r\n<p>\r\n	<strong>4.不要在吊有载荷的情况下储藏葫芦。</strong> \r\n</p>\r\n<p>\r\n	<strong>5.擦除葫芦上的污渍。</strong> \r\n</p>\r\n<p>\r\n	<strong>6.在干燥清洁的场所储藏葫芦。</strong> \r\n</p>\r\n<p>\r\n	<strong>7.应确保对起重链条，吊销、上钩轴、吊钩颈部等零部件的润滑。</strong> \r\n</p>\r\n<p>\r\n	<strong>8.应确保用于黄油相同的机械油对起重链条加以良好润滑。<img alt="" src="http://shuangniao.hzchihu.com/statics/admin/js/kindeditor/attached/image/20140728/20140728005447_28921.jpg" /></strong> \r\n</p>\r\n<p>\r\n	<strong>操作前注意事项：</strong> \r\n</p>\r\n<p>\r\n	<strong>1.铭牌内容是否清晰易读。</strong> \r\n</p>\r\n<p>\r\n	<strong>2.操作前，应确保实施过项目检查分类中的所有内容。</strong> \r\n</p>\r\n<p>\r\n	<strong>3.对提升或拉紧物需进行质量估算，再选用合适的起重葫芦。</strong> \r\n</p>\r\n<p>\r\n	<strong>4.提升应确保重物独立，勿同其他物体硬性连接。</strong> \r\n</p>\r\n<p>\r\n	<strong>5.确保检查下吊销有无变形或裂痕，并且工作稳定。</strong> \r\n</p>\r\n<p>\r\n	<strong>6.确保检查制动系统跟棘爪工作正常。</strong> \r\n</p>\r\n<p>\r\n	<strong>7.确保检查起重链条润滑状态良好。</strong> \r\n</p>\r\n<p>\r\n	<strong>8.起重链条是特殊合金钢制作并经过热处理，不能私自进行焊接或改装。</strong> \r\n</p>\r\n<p>\r\n	<strong>操作中注意事项：</strong> \r\n</p>\r\n<p>\r\n	<strong>1.勿使用带有变形或有裂痕的起重链条的葫芦。</strong> \r\n</p>\r\n<p>\r\n	<strong>2.勿将起重链条作为重载索具使用。</strong> \r\n</p>\r\n<p>\r\n	<strong>3.勿将该葫芦作为支撑使用。</strong> \r\n</p>\r\n<p>\r\n	<strong>4.勿将重物直接挂于吊钩尖端上支承。</strong> \r\n</p>\r\n<p>\r\n	<strong>5.勿将链条在阻碍物（如钢板）表面通过。</strong> \r\n</p>\r\n<p>\r\n	<strong>6.勿在悬吊的重物上面实施焊接或切割操作。</strong> \r\n</p>\r\n<p>\r\n	<strong>7.勿摇动提升货物。</strong> \r\n</p>\r\n<p>\r\n	<strong>8.勿使用起重链条作为焊接接地。</strong> \r\n</p>\r\n<p>\r\n	<strong>9.勿提升过度，致使下钩架与葫芦相接触。</strong> \r\n</p>\r\n<p>\r\n	<strong>10.勿下降过度，致使起重链条尾环架与葫芦相接触。</strong> \r\n</p>\r\n<p>\r\n	<strong>11.勿使用已损坏或使用时有异常声音的葫芦。</strong> \r\n</p>\r\n<p>\r\n	<strong>12.勿将提升的重物搁置，长时间无人监管。</strong> \r\n</p>\r\n<p>\r\n	<strong>13.应确保重载正确置于吊钩钩腔部位。</strong> \r\n</p>\r\n<p>\r\n	<strong>14.实施提升重物前，应确保消除起重链条间隙，以避免发生冲击负载现象。</strong> \r\n</p>\r\n<p>\r\n	<strong>操作完毕注意事项：</strong> \r\n</p>\r\n<p>\r\n	<strong>1.操作之后应确保将重物安全的降落下来，以避免重物掉落。</strong> \r\n</p>\r\n<p>\r\n	<strong>2.在手提葫芦时，不要拖曳或抛掷葫芦。</strong> \r\n</p>\r\n<p>\r\n	<strong>其他注意事项：</strong> \r\n</p>\r\n<p>\r\n	<strong>1.在特殊环境条件下使用时（如盐水、海水、酸性物质、碱性物质或易爆环境），请提前与你的经销商或本公司联系予以确认。</strong> \r\n</p>\r\n<p>\r\n	<strong>2.勿使用发生故障或维修状态下的葫芦。<img alt="" src="http://shuangniao.hzchihu.com/statics/admin/js/kindeditor/attached/image/20140728/20140728005516_34911.jpg" /></strong> \r\n</p>\r\n<div>\r\n	<strong><br />\r\n</strong> \r\n</div>', '', '', 'a:1:{i:1;a:9:{i:46;s:2:"12";i:43;s:1:"4";i:37;s:2:"10";i:36;s:1:"9";i:44;s:1:"7";i:34;s:1:"6";i:33;s:1:"5";i:32;s:1:"3";i:45;s:1:"8";}}', 'a:0:{}', 7, '1409301551', '1409906351', '999.00', 0, '0.00', '0.00', '0.00', 0, 0, NULL, 0, 0, 0, 0, 0, 100, 0, 0, 0, 0, 1, 0, NULL, 0, '0.00', 0, 0, 0, 0, '999', 56),
(90, 'HSZ-A710系列手拉葫芦(0.5t-5t)', '999', 100, '手动葫芦 > 手拉葫芦', 4, 2, 0, 0, 1, 991, 'a:1:{i:1;s:6:"米数";}', '', 'a:5:{i:0;s:0:"";i:1;s:0:"";i:2;s:0:"";i:3;s:0:"";i:4;s:0:"";}', '0.00', '0.00', '1796-42143', '0.00', '999', 0, 3, 1, 0, 1406786897, '', '', '', '', '', 'a:1:{i:1;a:9:{i:46;s:2:"12";i:43;s:1:"4";i:37;s:2:"10";i:36;s:1:"9";i:44;s:1:"7";i:34;s:1:"6";i:33;s:1:"5";i:32;s:1:"3";i:45;s:1:"8";}}', 'a:0:{}', 7, '1406786897', '1407391697', '999.00', 0, '0.00', '0.00', '0.00', 0, 0, NULL, 0, 0, 0, 0, 0, 100, 0, 0, 0, 0, 1, 0, NULL, 0, '0.00', 0, 1, 0, 0, '999', 12),
(91, 'HSZ-A620手拉葫芦(10t-50t)', '999', 100, '手动葫芦 > 手拉葫芦', 26, 2, 0, 0, 1, 992, 'a:1:{i:1;s:6:"米数";}', 'uploadfile/shops/0/2014/07/14067873220322s0.jpg', 'a:5:{i:0;s:47:"uploadfile/shops/0/2014/07/14067873220322s0.jpg";i:1;s:46:"uploadfile/shops/0/2014/07/1406787324702s0.jpg";i:2;s:0:"";i:3;s:0:"";i:4;s:0:"";}', '0.00', '0.00', '1796-42143', '0.00', '999', 1, 59, 0, 0, 1409301626, '手拉葫芦', '手拉葫芦', '<p>\r\n	<strong><img src="http://shuangniao.hzchihu.com/statics/admin/js/kindeditor/attached/image/20140829/20140829083341_40857.jpg" alt="" /><img alt="" src="http://shuangniao.hzchihu.com/statics/admin/js/kindeditor/attached/image/20140729/20140729051957_28797.jpg" /></strong> \r\n</p>\r\n<p>\r\n	<strong>1、依据《JB/T7334-2007》标准设计制造，主要零部件和整机性能均经严格的检查和测试，产品的可靠度大大提高，保证使用安全。</strong> \r\n</p>\r\n<p>\r\n	<strong>2、低合金结构钢板采用，安全可靠、经久耐用。</strong> \r\n</p>\r\n<p>\r\n	<strong>3、采用800Mpa高强度起重链条，锻打式的吊钩设计确保缓慢起升以防过载,安全系数高，使用寿命长。</strong> \r\n</p>\r\n<p>\r\n	<strong>4、转动平稳，效率高，手拉力小。</strong> \r\n</p>\r\n<p>\r\n	<strong>5、双棘爪、双导轮结构，更加安全可靠。</strong> \r\n</p>\r\n<p>\r\n	<strong>6、体积小、重量轻、携带方便。</strong> \r\n</p>\r\n<p>\r\n	<strong>7、结构紧凑合理、整机运行平稳、外形美观新颖。</strong> \r\n</p>\r\n<p>\r\n	<strong>8、超载装置（专利技术）专利技术供选用。</strong> \r\n</p>\r\n<p>\r\n	<strong>9、外壳材质是优质合金钢，坚固耐磨，安全性能高。</strong> \r\n</p>\r\n<p>\r\n	<strong><img alt="" src="http://shuangniao.hzchihu.com/statics/admin/js/kindeditor/attached/image/20140729/20140729052025_98972.gif" /><img alt="" src="http://shuangniao.hzchihu.com/statics/admin/js/kindeditor/attached/image/20140729/20140729052033_47254.gif" /><br />\r\n</strong> \r\n</p>\r\n<p>\r\n	<strong></strong> \r\n</p>\r\n<p>\r\n	<strong>1.要保持连续和令人满意的操作，必须实施定期项目检查规程，更换磨损或损坏的零部件，以使其不成为非安全操作的隐患。</strong> \r\n</p>\r\n<p>\r\n	<strong>2.项目检查间隔依葫芦使用情况而定，并基于所使用的葫芦类型以及重要零部件的磨损程度、老化和故障程度来确定项目检查间隔。</strong> \r\n</p>\r\n<p>\r\n	<strong>3.不要使用处于维修状态的葫芦。</strong> \r\n</p>\r\n<p>\r\n	<strong>4.不要在吊有载荷的情况下储藏葫芦。</strong> \r\n</p>\r\n<p>\r\n	<strong>5.擦除葫芦上的污渍。</strong> \r\n</p>\r\n<p>\r\n	<strong>6.在干燥清洁的场所储藏葫芦。</strong> \r\n</p>\r\n<p>\r\n	<strong>7.应确保对起重链条，吊销、上钩轴、吊钩颈部等零部件的润滑。</strong> \r\n</p>\r\n<p>\r\n	<strong>8.应确保用于黄油相同的机械油对起重链条加以良好润滑。</strong> \r\n</p>\r\n<strong><img alt="" src="http://shuangniao.hzchihu.com/statics/admin/js/kindeditor/attached/image/20140729/20140729052054_82800.jpg" /><br />\r\n</strong><span></span> \r\n<p>\r\n	<strong></strong> \r\n</p>\r\n<p>\r\n	<strong>操作前注意事项：</strong> \r\n</p>\r\n<p>\r\n	<strong>1.铭牌内容是否清晰易读。</strong> \r\n</p>\r\n<p>\r\n	<strong>2.操作前，应确保实施过项目检查分类中的所有内容。</strong> \r\n</p>\r\n<p>\r\n	<strong>对提升或拉紧物需进行质量估算，再选用合适的起重葫芦。</strong> \r\n</p>\r\n<p>\r\n	<strong>4.提升应确保重物独立，勿同其他物体硬性连接。</strong> \r\n</p>\r\n<p>\r\n	<strong>5.确保检查下吊销有无变形或裂痕，并且工作稳定。</strong> \r\n</p>\r\n<p>\r\n	<strong>6.确保检查制动系统跟棘爪工作正常。</strong> \r\n</p>\r\n<p>\r\n	<strong>7.确保检查起重链条润滑状态良好。</strong> \r\n</p>\r\n<p>\r\n	<strong>8.起重链条是特殊合金钢制作并经过热处理，不能私自进行焊接或改装。</strong> \r\n</p>\r\n<p>\r\n	<strong>操作中注意事项：</strong> \r\n</p>\r\n<p>\r\n	<strong>1.勿使用带有变形或有裂痕的起重链条的葫芦。</strong> \r\n</p>\r\n<p>\r\n	<strong>2.勿将起重链条作为重载索具使用。</strong> \r\n</p>\r\n<p>\r\n	<strong>3.勿将该葫芦作为支撑使用。</strong> \r\n</p>\r\n<p>\r\n	<strong>4.勿将重物直接挂于吊钩尖端上支承。</strong> \r\n</p>\r\n<p>\r\n	<strong>5.勿将链条在阻碍物（如钢板）表面通过。</strong> \r\n</p>\r\n<p>\r\n	<strong>6.勿在悬吊的重物上面实施焊接或切割操作。</strong> \r\n</p>\r\n<p>\r\n	<strong>7.勿摇动提升货物。</strong> \r\n</p>\r\n<p>\r\n	<strong>8.无使用起重链条作为焊接接地。</strong> \r\n</p>\r\n<p>\r\n	<strong>9.勿提升过度，致使下钩架与葫芦相接触。</strong> \r\n</p>\r\n<p>\r\n	<strong>10.勿下降过度，致使起重链条尾环架与葫芦相接触。</strong> \r\n</p>\r\n<p>\r\n	<strong>11.勿使用已损坏或使用时有异常声音的葫芦。</strong> \r\n</p>\r\n<p>\r\n	<strong>12.勿将提升的重物搁置，长时间无人监管。</strong> \r\n</p>\r\n<p>\r\n	<strong>13.应确保重载正确置于吊钩钩腔部位。</strong> \r\n</p>\r\n<p>\r\n	<strong>14.实施提升重物前，应确保消除起重链条间隙，以避免发生冲击负载现象。</strong> \r\n</p>\r\n<p>\r\n	<strong>操作完毕注意事项：</strong> \r\n</p>\r\n<p>\r\n	<strong>1.操作之后应确保将重物安全的降落下来，以避免重物掉落。</strong> \r\n</p>\r\n<p>\r\n	<strong>2.在手提葫芦时，不要拖曳或抛掷葫芦。</strong> \r\n</p>\r\n<p>\r\n	<strong>其他注意事项：</strong> \r\n</p>\r\n<p>\r\n	<strong>1.在特殊环境条件下使用时（如盐水、海水、酸性物质、碱性物质或易爆环境），请提前与你的经销商或本公司联系予以确认。</strong> \r\n</p>\r\n<p>\r\n	<strong>2.勿使用发生故障或维修状态下的葫芦。</strong> \r\n</p>\r\n<p>\r\n	<img alt="" src="http://shuangniao.hzchihu.com/statics/admin/js/kindeditor/attached/image/20140729/20140729052109_67642.jpg" /> \r\n</p>\r\n<div>\r\n	<br />\r\n</div>', '', '', 'a:1:{i:1;a:9:{i:46;s:2:"12";i:43;s:1:"4";i:37;s:2:"10";i:36;s:1:"9";i:44;s:1:"7";i:34;s:1:"6";i:33;s:1:"5";i:32;s:1:"3";i:45;s:1:"8";}}', 'a:0:{}', 7, '1409301626', '1409906426', '999.00', 0, '0.00', '0.00', '0.00', 0, 0, NULL, 0, 0, 0, 0, 0, 100, 0, 0, 0, 0, 1, 0, NULL, 0, '0.00', 0, 0, 0, 0, '999', 52);

-- --------------------------------------------------------

--
-- 表的结构 `db_goods_category`
--

CREATE TABLE IF NOT EXISTS `db_goods_category` (
  `gc_id` int(10) unsigned NOT NULL AUTO_INCREMENT COMMENT '索引ID',
  `gc_name` varchar(100) NOT NULL COMMENT '分类名称',
  `type_id` int(10) unsigned NOT NULL COMMENT '类型id',
  `type_name` varchar(100) NOT NULL COMMENT '类型名称',
  `store_id` int(10) unsigned NOT NULL DEFAULT '0' COMMENT '套装组合 0正常 1套装组合',
  `parent_id` int(10) unsigned NOT NULL DEFAULT '0' COMMENT '父ID',
  `listorder` tinyint(1) unsigned NOT NULL DEFAULT '0' COMMENT '排序',
  `isshow` tinyint(1) NOT NULL DEFAULT '1' COMMENT '前台显示，0为否，1为是，默认为1',
  `gc_index_show` tinyint(1) NOT NULL DEFAULT '1' COMMENT '首页显示 1：默认 显示 0：不显示',
  PRIMARY KEY (`gc_id`),
  KEY `store_id` (`store_id`,`parent_id`) USING BTREE
) ENGINE=MyISAM  DEFAULT CHARSET=utf8 COMMENT='商品分类表' AUTO_INCREMENT=102 ;

--
-- 转存表中的数据 `db_goods_category`
--

INSERT INTO `db_goods_category` (`gc_id`, `gc_name`, `type_id`, `type_name`, `store_id`, `parent_id`, `listorder`, `isshow`, `gc_index_show`) VALUES
(99, '核电', 0, '0', 0, 96, 3, 1, 0),
(98, '船用', 0, '0', 0, 96, 2, 1, 0),
(97, '电力', 0, '0', 0, 96, 1, 1, 0),
(96, '特种行业', 0, '', 0, 0, 6, 1, 1),
(95, '起重链条', 0, '', 0, 0, 5, 1, 1),
(94, '吊索具', 0, '', 0, 0, 4, 1, 1),
(93, '单轨行车', 0, '', 0, 0, 3, 1, 1),
(92, '钢丝绳电动葫芦', 0, '', 0, 0, 7, 1, 1),
(101, '手扳葫芦', 0, '', 0, 89, 2, 1, 1),
(100, '手拉葫芦', 0, '', 0, 89, 1, 1, 1),
(89, '手动葫芦', 0, '', 0, 0, 2, 1, 1),
(88, '环链电动葫芦', 0, '', 0, 0, 1, 1, 1);

-- --------------------------------------------------------

--
-- 表的结构 `db_goods_category_tag`
--

CREATE TABLE IF NOT EXISTS `db_goods_category_tag` (
  `gc_tag_id` int(10) unsigned NOT NULL AUTO_INCREMENT COMMENT 'TAGid',
  `gc_id_1` int(10) unsigned NOT NULL COMMENT '一级分类id',
  `gc_id_2` int(10) unsigned NOT NULL COMMENT '二级分类id',
  `gc_id_3` int(10) unsigned NOT NULL COMMENT '三级分类id',
  `gc_tag_name` varchar(255) NOT NULL COMMENT '分类TAG名称',
  `gc_tag_value` text NOT NULL COMMENT '分类TAG值',
  `gc_id` int(10) unsigned NOT NULL COMMENT '商品分类id',
  `type_id` int(10) unsigned NOT NULL COMMENT '类型id',
  PRIMARY KEY (`gc_tag_id`)
) ENGINE=MyISAM  DEFAULT CHARSET=utf8 COMMENT='商品分类TAG表' AUTO_INCREMENT=70 ;

--
-- 转存表中的数据 `db_goods_category_tag`
--

INSERT INTO `db_goods_category_tag` (`gc_tag_id`, `gc_id_1`, `gc_id_2`, `gc_id_3`, `gc_tag_name`, `gc_tag_value`, `gc_id`, `type_id`) VALUES
(69, 89, 100, 0, '手动葫芦&nbsp;&gt;&nbsp;手拉葫芦', '手动葫芦,手拉葫芦', 100, 0),
(68, 89, 101, 0, '手动葫芦&nbsp;&gt;&nbsp;手扳葫芦', '手动葫芦,手扳葫芦', 101, 0),
(67, 96, 97, 0, '特种行业&nbsp;&gt;&nbsp;电力', '特种行业,电力', 97, 0),
(66, 96, 98, 0, '特种行业&nbsp;&gt;&nbsp;船用', '特种行业,船用', 98, 0),
(65, 96, 99, 0, '特种行业&nbsp;&gt;&nbsp;核电', '特种行业,核电', 99, 0);

-- --------------------------------------------------------

--
-- 表的结构 `db_goods_price_library`
--

CREATE TABLE IF NOT EXISTS `db_goods_price_library` (
  `id` int(10) NOT NULL AUTO_INCREMENT COMMENT '自增长ID',
  `cateid` int(10) NOT NULL COMMENT '产品系列',
  `prod_spec` varchar(30) COLLATE utf8_unicode_ci DEFAULT NULL COMMENT '规格（吨）',
  `stand_height` decimal(12,2) DEFAULT NULL COMMENT '标准米数',
  `each_price` decimal(12,2) NOT NULL DEFAULT '0.00' COMMENT '每米价差',
  `price` decimal(12,2) NOT NULL COMMENT '标准价格',
  `listorder` int(10) NOT NULL DEFAULT '0' COMMENT '排序',
  PRIMARY KEY (`id`)
) ENGINE=MyISAM  DEFAULT CHARSET=utf8 COLLATE=utf8_unicode_ci COMMENT='产品价格库表' AUTO_INCREMENT=148 ;

-- --------------------------------------------------------

--
-- 表的结构 `db_goods_spec`
--

CREATE TABLE IF NOT EXISTS `db_goods_spec` (
  `spec_id` int(11) NOT NULL AUTO_INCREMENT COMMENT '商品规格索引id',
  `goods_id` int(11) NOT NULL COMMENT '商品id',
  `spec_name` varchar(255) NOT NULL COMMENT '规格名称',
  `spec_goods_price` decimal(10,2) NOT NULL COMMENT '规格商品价格',
  `spec_goods_market_price` decimal(10,2) DEFAULT NULL COMMENT '市场价格',
  `spec_goods_storage` int(11) NOT NULL COMMENT '规格商品库存',
  `spec_salenum` int(11) NOT NULL DEFAULT '0' COMMENT '售出数量',
  `sepc_commentnum` int(11) NOT NULL DEFAULT '0' COMMENT '评论人数',
  `spec_goods_color` varchar(20) DEFAULT NULL COMMENT '规格商品颜色',
  `spec_goods_serial` varchar(50) DEFAULT NULL COMMENT '规格商品编号',
  `spec_goods_spec` text NOT NULL COMMENT '商品规格序列化',
  `spec_goods_weight` decimal(10,2) DEFAULT NULL COMMENT '格规重量',
  `spec_goods_user_group_price` varchar(255) DEFAULT NULL,
  `xianshi_flag` int(1) NOT NULL DEFAULT '0' COMMENT '1:说明有折扣 0 没有',
  `xianshi_discount` decimal(2,1) NOT NULL DEFAULT '0.0' COMMENT '折扣率',
  PRIMARY KEY (`spec_id`)
) ENGINE=MyISAM  DEFAULT CHARSET=utf8 COMMENT='商品规格表' AUTO_INCREMENT=993 ;

--
-- 转存表中的数据 `db_goods_spec`
--

INSERT INTO `db_goods_spec` (`spec_id`, `goods_id`, `spec_name`, `spec_goods_price`, `spec_goods_market_price`, `spec_goods_storage`, `spec_salenum`, `sepc_commentnum`, `spec_goods_color`, `spec_goods_serial`, `spec_goods_spec`, `spec_goods_weight`, `spec_goods_user_group_price`, `xianshi_flag`, `xianshi_discount`) VALUES
(1, 1, 'a:2:{i:1;s:6:"年份";i:2;s:6:"毫升";}', '258.00', '258.00', 100, 0, 0, NULL, '10000', 'a:2:{i:1;s:4:"1980";i:4;s:3:"750";}', NULL, NULL, 0, '0.0'),
(899, 2, '', '336.00', NULL, 12, 0, 0, NULL, '10001', '', NULL, NULL, 0, '0.0'),
(900, 3, 'a:1:{i:1;s:6:"年份";}', '950.00', '1000.00', 11, 0, 0, NULL, 'bj000031', 'a:1:{i:1;s:4:"1980";}', NULL, 'N;', 0, '0.0'),
(901, 3, 'a:1:{i:1;s:6:"年份";}', '950.00', '1000.00', 11, 0, 0, NULL, 'bj000032', 'a:1:{i:2;s:4:"1981";}', NULL, 'N;', 0, '0.0'),
(902, 3, 'a:1:{i:1;s:6:"年份";}', '950.00', '1000.00', 0, 0, 0, NULL, 'bj000033', 'a:1:{i:3;s:4:"1982";}', NULL, 'N;', 0, '0.0'),
(903, 4, 'a:1:{i:1;s:6:"年份";}', '185.00', '0.00', 11, 0, 0, NULL, 'g000932', 'a:1:{i:1;s:4:"1980";}', NULL, 'N;', 0, '0.0'),
(904, 4, 'a:1:{i:1;s:6:"年份";}', '185.00', '0.00', 11, 0, 0, NULL, 'g000931', 'a:1:{i:2;s:4:"1981";}', NULL, 'N;', 0, '0.0'),
(905, 6, 'a:1:{i:1;s:6:"年份";}', '145.00', '0.00', 22, 0, 0, NULL, 'vd000036', 'a:1:{i:1;s:4:"1980";}', '0.43', 'N;', 0, '0.0'),
(906, 6, 'a:1:{i:1;s:6:"年份";}', '145.00', '0.00', 23, 0, 0, NULL, 'vd000046', 'a:1:{i:2;s:4:"1981";}', '0.43', 'N;', 0, '0.0'),
(907, 6, 'a:1:{i:1;s:6:"年份";}', '145.00', '0.00', 22, 0, 0, NULL, 'vd000056', 'a:1:{i:3;s:4:"1982";}', '0.43', 'N;', 0, '0.0'),
(908, 7, '', '1980.00', NULL, 200, 0, 0, NULL, 'fg000011', '', '25.10', NULL, 1, '0.0'),
(909, 8, 'a:1:{i:1;s:6:"年份";}', '108.00', '0.00', 22, 0, 0, NULL, 'rs000045', 'a:1:{i:1;s:4:"1980";}', '0.32', 'N;', 0, '0.0'),
(910, 8, 'a:1:{i:1;s:6:"年份";}', '108.00', '0.00', 23, 0, 0, NULL, 'rs000046', 'a:1:{i:2;s:4:"1981";}', '0.32', 'N;', 0, '0.0'),
(911, 8, 'a:1:{i:1;s:6:"年份";}', '108.00', '0.00', 22, 0, 0, NULL, 'rs000047', 'a:1:{i:3;s:4:"1982";}', '0.32', 'N;', 0, '0.0'),
(912, 9, '', '59.00', NULL, 1, 0, 0, NULL, '', '', '1.00', NULL, 0, '0.0'),
(913, 10, '', '59.00', NULL, 1, 0, 0, NULL, '', '', '1.00', NULL, 0, '0.0'),
(914, 11, '', '59.00', NULL, 1, 0, 0, NULL, '', '', '1.00', NULL, 0, '0.0'),
(915, 12, '', '22000.00', NULL, 1, 0, 0, NULL, '', '', '1.00', NULL, 0, '0.0'),
(916, 13, '', '99.00', NULL, 98, 0, 0, NULL, 'rg002106', '', '1.00', NULL, 0, '0.0'),
(917, 14, 'a:1:{i:1;s:6:"年份";}', '69.00', '100.00', 2, 0, 0, NULL, 'rg002451', 'a:1:{i:7;s:4:"2010";}', '1.00', 'N;', 0, '0.0'),
(918, 15, 'a:1:{i:1;s:6:"年份";}', '109.00', '200.00', 99, 0, 0, NULL, '', 'a:1:{i:7;s:4:"2010";}', '1.00', 'N;', 0, '0.0'),
(919, 16, 'a:1:{i:1;s:6:"年份";}', '89.00', '129.00', 100, 0, 0, NULL, 'rg002363', 'a:1:{i:3;s:4:"1982";}', '1.00', 'N;', 0, '0.0'),
(920, 17, 'a:1:{i:1;s:6:"年份";}', '1972.00', '2000.00', 10, 0, 0, NULL, '', 'a:1:{i:3;s:4:"1982";}', '1.00', 'N;', 0, '0.0'),
(921, 18, '', '189.00', NULL, 10, 0, 0, NULL, '', '', '1.00', NULL, 0, '0.0'),
(922, 19, '', '868.00', NULL, 100, 0, 0, NULL, '', '', '1.00', NULL, 0, '0.0'),
(923, 20, 'a:1:{i:1;s:6:"年份";}', '129.00', '189.00', 96, 0, 0, NULL, '', 'a:1:{i:2;s:4:"1981";}', '1.00', 'N;', 0, '0.0'),
(924, 21, '', '125.00', NULL, 2, 0, 0, NULL, '', '', '1.00', NULL, 0, '0.0'),
(925, 22, 'a:1:{i:1;s:6:"年份";}', '190.00', '300.00', 2000, 0, 0, NULL, '', 'a:1:{i:2;s:4:"1981";}', '1.00', 'N;', 0, '0.0'),
(926, 23, 'a:1:{i:1;s:6:"年份";}', '108.00', '127.00', 8, 0, 0, NULL, '', 'a:1:{i:2;s:4:"1981";}', '1.00', 'N;', 0, '0.0'),
(927, 24, 'a:1:{i:1;s:6:"年份";}', '98.00', '117.00', 10, 0, 0, NULL, '', 'a:1:{i:2;s:4:"1981";}', '1.00', 'N;', 0, '0.0'),
(928, 25, '', '98.00', NULL, 7, 0, 0, NULL, '', '', '1.00', NULL, 0, '0.0'),
(929, 26, 'a:1:{i:1;s:6:"年份";}', '105.00', '145.00', 9, 0, 0, NULL, '', 'a:1:{i:7;s:4:"2010";}', '1.00', 'N;', 0, '0.0'),
(930, 27, 'a:1:{i:1;s:6:"年份";}', '178.00', '190.00', 7, 0, 1, NULL, '', 'a:1:{i:2;s:4:"1981";}', '1.00', 'N;', 0, '0.0'),
(931, 28, 'a:1:{i:1;s:6:"年份";}', '99.00', '129.00', 9, 0, 0, NULL, '', 'a:1:{i:2;s:4:"1981";}', '1.00', 'N;', 0, '0.0'),
(945, 29, '', '439.00', '500.00', 0, 0, 0, NULL, '999', '', NULL, 'N;', 0, '0.0'),
(952, 45, '', '22.00', NULL, 0, 0, 0, NULL, '999', '', '999.00', NULL, 0, '0.0'),
(933, 30, 'a:1:{i:1;s:6:"年份";}', '879.00', '1000.00', 1, 0, 0, NULL, '', 'a:1:{i:2;s:4:"1981";}', '1.00', 'N;', 1, '9.0'),
(934, 31, '', '665.00', NULL, 2, 0, 0, NULL, '', '', '1.00', NULL, 0, '0.0'),
(935, 32, 'a:1:{i:1;s:6:"年份";}', '178.00', '200.00', 10, 0, 0, NULL, '', 'a:1:{i:2;s:4:"1981";}', '1.00', 'N;', 0, '0.0'),
(936, 33, '', '99.00', NULL, 100, 0, 0, NULL, '', '', '3.00', NULL, 0, '0.0'),
(937, 34, '', '1980.00', NULL, 10, 0, 0, NULL, '', '', '50.00', NULL, 0, '0.0'),
(938, 35, 'a:1:{i:1;s:6:"年份";}', '190.00', '200.00', 100, 0, 0, NULL, '', 'a:1:{i:1;s:4:"1980";}', '1.00', 'N;', 0, '0.0'),
(939, 35, 'a:1:{i:1;s:6:"年份";}', '179.00', '180.00', 100, 0, 0, NULL, '', 'a:1:{i:2;s:4:"1981";}', '1.00', 'N;', 0, '0.0'),
(940, 36, 'a:1:{i:1;s:6:"年份";}', '1.00', '0.00', 1, 0, 0, NULL, '', 'a:1:{i:1;s:4:"1980";}', '1.00', 'N;', 0, '0.0'),
(941, 37, 'a:1:{i:1;s:6:"年份";}', '111.00', '0.00', 12, 0, 0, NULL, 'abcddd', 'a:1:{i:1;s:4:"1980";}', '0.00', 'N;', 0, '0.0'),
(942, 38, 'a:1:{i:1;s:6:"年份";}', '40.00', '331.00', 1, 0, 0, NULL, '1', 'a:1:{i:1;s:4:"1980";}', '55.00', 'N;', 0, '0.0'),
(944, 38, 'a:1:{i:1;s:6:"年份";}', '41.00', '331.00', 0, 0, 0, NULL, '77', 'a:1:{i:3;s:4:"1982";}', '55.00', 'N;', 0, '0.0'),
(946, 40, '', '12.00', NULL, 0, 0, 0, NULL, '999', '', NULL, NULL, 0, '0.0'),
(947, 41, '', '12.00', NULL, 0, 0, 0, NULL, '999', '', '999.00', NULL, 0, '0.0'),
(948, 42, '', '12.00', NULL, 0, 0, 0, NULL, '999', '', '999.00', NULL, 0, '0.0'),
(949, 43, '', '11.00', NULL, 0, 0, 0, NULL, '999', '', '999.00', NULL, 0, '0.0'),
(950, 44, '', '14.00', NULL, 0, 0, 0, NULL, '999', '', '999.00', NULL, 0, '0.0'),
(951, 39, '', '12.00', NULL, 0, 0, 0, NULL, '999', '', NULL, NULL, 0, '0.0'),
(953, 46, '', '123.00', NULL, 0, 0, 0, NULL, '999', '', '999.00', NULL, 0, '0.0'),
(954, 47, '', '11.00', NULL, 0, 0, 0, NULL, '999', '', '999.00', NULL, 0, '0.0'),
(955, 48, '', '14.00', NULL, 0, 0, 0, NULL, '999', '', '999.00', NULL, 0, '0.0'),
(956, 49, '', '11.00', NULL, 0, 0, 0, NULL, '999', '', '999.00', NULL, 0, '0.0'),
(957, 50, '', '0.00', NULL, 0, 0, 0, NULL, '999', '', '999.00', NULL, 0, '0.0'),
(958, 51, '', '0.00', NULL, 0, 0, 0, NULL, '999', '', '999.00', NULL, 0, '0.0'),
(959, 52, '', '0.00', NULL, 0, 0, 0, NULL, '999', '', '999.00', NULL, 0, '0.0'),
(960, 53, '', '0.00', NULL, 0, 0, 0, NULL, '999', '', '999.00', NULL, 0, '0.0'),
(961, 54, '', '0.00', NULL, 0, 0, 0, NULL, '999', '', '999.00', NULL, 0, '0.0'),
(962, 57, '', '0.00', NULL, 0, 0, 0, NULL, '999', '', '999.00', NULL, 0, '0.0'),
(963, 58, '', '0.00', NULL, 0, 0, 0, NULL, '999', '', '999.00', NULL, 0, '0.0'),
(964, 59, '', '0.00', NULL, 0, 0, 0, NULL, '999', '', '999.00', NULL, 0, '0.0'),
(965, 60, '', '0.00', NULL, 0, 0, 0, NULL, '999', '', '999.00', NULL, 0, '0.0'),
(966, 61, '', '0.00', NULL, 0, 0, 0, NULL, '999', '', '999.00', NULL, 0, '0.0'),
(967, 62, '', '0.00', NULL, 0, 0, 0, NULL, '999', '', '999.00', NULL, 0, '0.0'),
(968, 63, '', '0.00', NULL, 0, 0, 0, NULL, '999', '', '999.00', NULL, 0, '0.0'),
(969, 64, '', '0.00', NULL, 0, 0, 0, NULL, '999', '', '999.00', NULL, 0, '0.0'),
(970, 65, '', '0.00', NULL, 0, 0, 0, NULL, '999', '', '999.00', NULL, 0, '0.0'),
(971, 66, '', '0.00', NULL, 0, 0, 0, NULL, '999', '', '999.00', NULL, 0, '0.0'),
(972, 67, '', '0.00', NULL, 0, 0, 0, NULL, '999', '', '999.00', NULL, 0, '0.0'),
(973, 68, '', '0.00', NULL, 0, 0, 0, NULL, '999', '', '999.00', NULL, 0, '0.0'),
(974, 69, '', '0.00', NULL, 0, 0, 0, NULL, '999', '', '999.00', NULL, 0, '0.0'),
(975, 70, '', '0.00', NULL, 0, 0, 0, NULL, '999', '', '999.00', NULL, 0, '0.0'),
(976, 71, '', '0.00', NULL, 0, 0, 0, NULL, '999', '', '999.00', NULL, 0, '0.0'),
(977, 72, '', '0.00', NULL, 0, 0, 0, NULL, '999', '', '999.00', NULL, 0, '0.0'),
(978, 73, '', '0.00', NULL, 0, 0, 0, NULL, '999', '', '999.00', NULL, 0, '0.0'),
(979, 74, '', '0.00', NULL, 0, 0, 0, NULL, '999', '', '999.00', NULL, 0, '0.0'),
(980, 75, '', '0.00', NULL, 0, 0, 0, NULL, '999', '', '999.00', NULL, 0, '0.0'),
(981, 76, '', '0.00', NULL, 0, 0, 0, NULL, '999', '', '999.00', NULL, 0, '0.0'),
(982, 77, '', '0.00', NULL, 0, 0, 0, NULL, '999', '', '999.00', NULL, 0, '0.0'),
(983, 78, '', '0.00', NULL, 0, 0, 0, NULL, '999', '', '999.00', NULL, 0, '0.0'),
(984, 79, '', '0.00', NULL, 0, 0, 0, NULL, '999', '', '999.00', NULL, 0, '0.0'),
(985, 55, '', '0.00', NULL, 0, 0, 0, NULL, '999', '', NULL, NULL, 0, '0.0'),
(986, 56, '', '0.00', NULL, 0, 0, 0, NULL, '999', '', NULL, NULL, 0, '0.0'),
(987, 84, '', '0.00', NULL, 0, 0, 0, NULL, '999', '', '999.00', NULL, 0, '0.0'),
(988, 87, '', '0.00', NULL, 0, 0, 0, NULL, '999', '', '999.00', NULL, 0, '0.0'),
(989, 82, '', '0.00', NULL, 0, 0, 0, NULL, '999', '', NULL, NULL, 0, '0.0'),
(990, 89, '', '0.00', NULL, 0, 0, 0, NULL, '999', '', NULL, NULL, 0, '0.0'),
(991, 90, '', '0.00', NULL, 0, 0, 0, NULL, '999', '', NULL, NULL, 0, '0.0'),
(992, 91, '', '0.00', NULL, 0, 0, 0, NULL, '999', '', NULL, NULL, 0, '0.0');

-- --------------------------------------------------------

--
-- 表的结构 `db_goods_spec_index`
--

CREATE TABLE IF NOT EXISTS `db_goods_spec_index` (
  `discount_id` int(10) unsigned NOT NULL AUTO_INCREMENT COMMENT '自增长id',
  `group_id` int(10) unsigned NOT NULL COMMENT '会员等级id',
  `serise_id` int(10) unsigned NOT NULL COMMENT '产品系列id',
  `discount` decimal(12,2) unsigned NOT NULL COMMENT '折扣',
  KEY `咋啊` (`discount_id`)
) ENGINE=MyISAM DEFAULT CHARSET=utf8 COMMENT='商品与规格对应表' AUTO_INCREMENT=1 ;

-- --------------------------------------------------------

--
-- 表的结构 `db_graphic`
--

CREATE TABLE IF NOT EXISTS `db_graphic` (
  `pic_id` int(10) unsigned NOT NULL AUTO_INCREMENT COMMENT '索引id',
  `pic_title` varchar(100) DEFAULT NULL COMMENT '标题',
  `pic_thumb` varchar(100) DEFAULT NULL COMMENT '图片',
  `pic_category` int(11) NOT NULL COMMENT '分类',
  `pic_info` varchar(500) NOT NULL COMMENT '网站介绍',
  `phone` varchar(30) CHARACTER SET utf8 COLLATE utf8_unicode_ci DEFAULT NULL COMMENT '手机号码',
  `qq` varchar(30) CHARACTER SET utf8 COLLATE utf8_unicode_ci DEFAULT NULL COMMENT 'QQ号码',
  `email` varchar(100) CHARACTER SET utf8 COLLATE utf8_unicode_ci DEFAULT NULL COMMENT '电子邮箱',
  `isshow` tinyint(1) NOT NULL DEFAULT '1' COMMENT '是否推荐：0是1否',
  `pic_time` int(10) NOT NULL COMMENT '发布时间',
  `listorder` tinyint(3) unsigned NOT NULL DEFAULT '255' COMMENT '排序',
  PRIMARY KEY (`pic_id`)
) ENGINE=MyISAM  DEFAULT CHARSET=utf8 COMMENT='友情链接表' AUTO_INCREMENT=65 ;

--
-- 转存表中的数据 `db_graphic`
--

INSERT INTO `db_graphic` (`pic_id`, `pic_title`, `pic_thumb`, `pic_category`, `pic_info`, `phone`, `qq`, `email`, `isshow`, `pic_time`, `listorder`) VALUES
(43, '张有钢', 'uploadfile/graphic/2014/11/09/14154698382476s1.jpg', 1, '华良财富产品经理.', '13989484358', '356483183', '356483183@qq.com', 0, 1406619716, 255);

-- --------------------------------------------------------

--
-- 表的结构 `db_graphic_category`
--

CREATE TABLE IF NOT EXISTS `db_graphic_category` (
  `lc_id` int(11) unsigned NOT NULL AUTO_INCREMENT COMMENT '类型id',
  `lc_name` varchar(255) CHARACTER SET utf8 COLLATE utf8_bin NOT NULL,
  `listorder` int(5) NOT NULL,
  `lc_time` int(11) NOT NULL,
  PRIMARY KEY (`lc_id`),
  UNIQUE KEY `lc_id` (`lc_id`) USING BTREE
) ENGINE=MyISAM  DEFAULT CHARSET=utf8 COMMENT='友情链接类型表' AUTO_INCREMENT=6 ;

--
-- 转存表中的数据 `db_graphic_category`
--

INSERT INTO `db_graphic_category` (`lc_id`, `lc_name`, `listorder`, `lc_time`) VALUES
(1, '默认分类', 255, 1415469178);

-- --------------------------------------------------------

--
-- 表的结构 `db_link`
--

CREATE TABLE IF NOT EXISTS `db_link` (
  `link_id` int(10) unsigned NOT NULL AUTO_INCREMENT COMMENT '索引id',
  `link_title` varchar(100) DEFAULT NULL COMMENT '标题',
  `link_url` varchar(100) DEFAULT NULL COMMENT '链接',
  `link_pic` varchar(100) DEFAULT NULL COMMENT '图片',
  `link_category` int(11) NOT NULL COMMENT '分类',
  `link_class` varchar(50) NOT NULL COMMENT '类型：文字或者logo',
  `link_info` varchar(500) NOT NULL COMMENT '网站介绍',
  `link_recommend` tinyint(1) NOT NULL DEFAULT '1' COMMENT '是否推荐：0是1否',
  `link_pass` tinyint(1) NOT NULL DEFAULT '1' COMMENT '是否通过：0是1否',
  `link_name` varchar(50) NOT NULL COMMENT '申请人',
  `listorder` tinyint(3) unsigned NOT NULL DEFAULT '255' COMMENT '排序',
  PRIMARY KEY (`link_id`)
) ENGINE=MyISAM  DEFAULT CHARSET=utf8 COMMENT='友情链接表' AUTO_INCREMENT=6 ;

--
-- 转存表中的数据 `db_link`
--

INSERT INTO `db_link` (`link_id`, `link_title`, `link_url`, `link_pic`, `link_category`, `link_class`, `link_info`, `link_recommend`, `link_pass`, `link_name`, `listorder`) VALUES
(1, '赤虎科技', 'http://www.hzchihu.com', NULL, 1, 'text', '', 0, 0, 'admin', 255),
(4, '华良财富', 'http://www.hualiangcaifu.com', NULL, 1, 'text', '', 0, 0, 'admin', 255),
(5, '网易新闻', 'http://www.163.com', NULL, 1, 'text', '', 0, 0, 'admin', 255);

-- --------------------------------------------------------

--
-- 表的结构 `db_link_category`
--

CREATE TABLE IF NOT EXISTS `db_link_category` (
  `lc_id` int(11) unsigned NOT NULL AUTO_INCREMENT COMMENT '类型id',
  `lc_name` varchar(255) CHARACTER SET utf8 COLLATE utf8_bin NOT NULL,
  `listorder` int(5) NOT NULL,
  `lc_time` int(11) NOT NULL,
  PRIMARY KEY (`lc_id`),
  UNIQUE KEY `lc_id` (`lc_id`) USING BTREE
) ENGINE=MyISAM  DEFAULT CHARSET=utf8 COMMENT='友情链接类型表' AUTO_INCREMENT=3 ;

--
-- 转存表中的数据 `db_link_category`
--

INSERT INTO `db_link_category` (`lc_id`, `lc_name`, `listorder`, `lc_time`) VALUES
(1, '默认分类', 255, 1400871527);

-- --------------------------------------------------------

--
-- 表的结构 `db_message`
--

CREATE TABLE IF NOT EXISTS `db_message` (
  `id` int(10) NOT NULL AUTO_INCREMENT COMMENT '自增长ID',
  `company` varchar(100) COLLATE utf8_unicode_ci NOT NULL COMMENT '行业',
  `contact` varchar(50) COLLATE utf8_unicode_ci NOT NULL COMMENT '联系人',
  `phone` varchar(50) COLLATE utf8_unicode_ci NOT NULL COMMENT '手机',
  `email` varchar(100) COLLATE utf8_unicode_ci NOT NULL COMMENT '邮箱',
  `fax` varchar(30) COLLATE utf8_unicode_ci DEFAULT NULL,
  `address` varchar(255) COLLATE utf8_unicode_ci DEFAULT NULL,
  `content` text COLLATE utf8_unicode_ci NOT NULL COMMENT '内容',
  `add_time` int(10) NOT NULL COMMENT '添加时间',
  PRIMARY KEY (`id`)
) ENGINE=MyISAM  DEFAULT CHARSET=utf8 COLLATE=utf8_unicode_ci COMMENT='公益招标' AUTO_INCREMENT=15 ;

--
-- 转存表中的数据 `db_message`
--

INSERT INTO `db_message` (`id`, `company`, `contact`, `phone`, `email`, `fax`, `address`, `content`, `add_time`) VALUES
(14, '', '徐永生', '', 'napier1204@yahoo.com', '', '', '啊啊啊', 1404276516),
(13, '杭州赤虎科技有限公司', '林学', '15812345678', '2562227279@qq.com', '0571-88333277', '祥园路38号1-515', '欢迎提问', 1401096207);

-- --------------------------------------------------------

--
-- 表的结构 `db_notice`
--

CREATE TABLE IF NOT EXISTS `db_notice` (
  `message_id` int(11) NOT NULL AUTO_INCREMENT COMMENT '主键',
  `message_parent_id` int(11) unsigned NOT NULL DEFAULT '0' COMMENT '回复消息的id',
  `from_user_id` int(11) DEFAULT NULL COMMENT '发消息好友id',
  `to_user_id` varchar(1000) DEFAULT NULL COMMENT '消息接收id',
  `message_title` varchar(50) DEFAULT NULL COMMENT '消息标题',
  `message_body` varchar(255) DEFAULT NULL COMMENT '消息内容',
  `message_time` varchar(10) DEFAULT NULL COMMENT '短消息发送时间',
  `message_update_time` varchar(10) DEFAULT NULL COMMENT '消息回复更新时间',
  `message_open` tinyint(1) NOT NULL DEFAULT '0' COMMENT '消息打开状态，0未打开，1打开',
  `message_state` tinyint(1) NOT NULL DEFAULT '0' COMMENT '状态，0为正常，1为发送人删除，2为接收人删除',
  `message_type` tinyint(1) NOT NULL DEFAULT '0' COMMENT '消息类型，0普通，1为系统，2为crm消息',
  `read_user_id` varchar(1000) DEFAULT NULL COMMENT '已读取消息的用户id',
  `del_user_id` varchar(1000) DEFAULT NULL COMMENT '已经删除该消息用户id',
  `message_ismore` tinyint(1) NOT NULL DEFAULT '0' COMMENT '短消息发送多用户，0为否，1为是',
  `from_user_name` varchar(100) DEFAULT NULL COMMENT '发消息好友昵称',
  `to_user_name` varchar(1000) DEFAULT NULL COMMENT '收到消息好友昵称',
  `sts` tinyint(1) NOT NULL DEFAULT '0' COMMENT '逻辑删除，0正常，1删除',
  PRIMARY KEY (`message_id`)
) ENGINE=MyISAM  DEFAULT CHARSET=utf8 COMMENT='短消息表' AUTO_INCREMENT=5 ;

--
-- 转存表中的数据 `db_notice`
--

INSERT INTO `db_notice` (`message_id`, `message_parent_id`, `from_user_id`, `to_user_id`, `message_title`, `message_body`, `message_time`, `message_update_time`, `message_open`, `message_state`, `message_type`, `read_user_id`, `del_user_id`, `message_ismore`, `from_user_name`, `to_user_name`, `sts`) VALUES
(1, 0, 0, '29', NULL, '赠送九阳榨汁机一台。', '1401305728', NULL, 0, 0, 1, NULL, NULL, 0, '系统', NULL, 0),
(2, 0, 0, '29', NULL, '啊啊啊啊', '1401305797', NULL, 0, 0, 1, NULL, '32,29', 0, '系统', '', 0),
(3, 0, 0, '29,34', NULL, '测试礼物1445', '1404801958', NULL, 0, 0, 1, NULL, NULL, 1, '系统', '许则林,许三多', 0),
(4, 0, 0, NULL, NULL, '测试礼物全部', '1404802186', NULL, 0, 0, 1, NULL, NULL, 0, '系统', NULL, 0);

-- --------------------------------------------------------

--
-- 表的结构 `db_noticesys`
--

CREATE TABLE IF NOT EXISTS `db_noticesys` (
  `message_id` int(11) NOT NULL AUTO_INCREMENT COMMENT '主键',
  `message_parent_id` int(11) unsigned NOT NULL DEFAULT '0' COMMENT '回复消息的id',
  `from_user_id` int(11) DEFAULT NULL COMMENT '发消息好友id',
  `to_user_id` varchar(1000) DEFAULT NULL COMMENT '消息接收id',
  `message_title` varchar(50) DEFAULT NULL COMMENT '消息标题',
  `message_body` varchar(255) DEFAULT NULL COMMENT '消息内容',
  `message_time` varchar(10) DEFAULT NULL COMMENT '短消息发送时间',
  `message_update_time` varchar(10) DEFAULT NULL COMMENT '消息回复更新时间',
  `message_open` tinyint(1) NOT NULL DEFAULT '0' COMMENT '消息打开状态，0未打开，1打开',
  `message_state` tinyint(1) NOT NULL DEFAULT '0' COMMENT '状态，0为正常，1为发送人删除，2为接收人删除',
  `message_type` tinyint(1) NOT NULL DEFAULT '0' COMMENT '消息类型，0普通，1为系统，2为crm消息',
  `read_user_id` varchar(1000) DEFAULT NULL COMMENT '已读取消息的用户id',
  `del_user_id` varchar(1000) DEFAULT NULL COMMENT '已经删除该消息用户id',
  `message_ismore` tinyint(1) NOT NULL DEFAULT '0' COMMENT '短消息发送多用户，0为否，1为是',
  `from_user_name` varchar(100) DEFAULT NULL COMMENT '发消息好友昵称',
  `to_user_name` varchar(1000) DEFAULT NULL COMMENT '收到消息好友昵称',
  `sts` tinyint(1) NOT NULL DEFAULT '0' COMMENT '逻辑删除，0正常，1删除',
  PRIMARY KEY (`message_id`)
) ENGINE=MyISAM  DEFAULT CHARSET=utf8 COMMENT='短消息表' AUTO_INCREMENT=11 ;

--
-- 转存表中的数据 `db_noticesys`
--

INSERT INTO `db_noticesys` (`message_id`, `message_parent_id`, `from_user_id`, `to_user_id`, `message_title`, `message_body`, `message_time`, `message_update_time`, `message_open`, `message_state`, `message_type`, `read_user_id`, `del_user_id`, `message_ismore`, `from_user_name`, `to_user_name`, `sts`) VALUES
(8, 0, 0, NULL, '测试333', '阿呆沙发', '1404811675', NULL, 0, 0, 1, '29,32', NULL, 0, '系统', NULL, 0),
(10, 0, 0, NULL, '测试555', '阿德发', '1404812577', NULL, 0, 0, 1, '29,32,36,42,43', '29', 0, '系统', NULL, 0),
(9, 0, 0, NULL, '测试 444', '撒旦发', '1404811802', NULL, 0, 0, 1, '29,32', '29,32', 0, '系统', NULL, 0);

-- --------------------------------------------------------

--
-- 表的结构 `db_order`
--

CREATE TABLE IF NOT EXISTS `db_order` (
  `order_id` int(11) NOT NULL AUTO_INCREMENT COMMENT '订单索引id',
  `order_sn` varchar(100) NOT NULL COMMENT '订单编号，商城内部使用',
  `buyer_id` int(11) NOT NULL COMMENT '买家id',
  `buyer_name` varchar(50) NOT NULL COMMENT '买家姓名',
  `buyer_email` varchar(100) NOT NULL COMMENT '买家电子邮箱',
  `province_id` int(11) DEFAULT NULL COMMENT '所在区域',
  `cate_ids` varchar(50) DEFAULT NULL COMMENT '产品分类',
  `add_time` varchar(20) NOT NULL COMMENT '订单生成时间',
  `order_type` tinyint(1) NOT NULL DEFAULT '0' COMMENT '订单类型 0.普通 1.团购',
  `payment_id` int(11) NOT NULL COMMENT '支付方式id',
  `payment_name` varchar(50) NOT NULL COMMENT '支付方式名称',
  `payment_code` varchar(50) NOT NULL COMMENT '支付方式名称代码',
  `payment_direct` char(1) DEFAULT '1' COMMENT '支付类型:1是即时到帐,2是担保交易',
  `out_sn` varchar(100) NOT NULL COMMENT '订单编号，外部支付时使用，有些外部支付系统要求特定的订单编号',
  `payment_time` varchar(10) DEFAULT NULL COMMENT '支付(付款)时间',
  `pay_message` varchar(300) DEFAULT NULL COMMENT '支付留言',
  `shipping_time` varchar(10) DEFAULT NULL COMMENT '配送时间',
  `shipping_code` varchar(50) DEFAULT NULL COMMENT '物流单号',
  `shipping_company` varchar(100) DEFAULT NULL COMMENT '物流公司',
  `shipping_remark` varchar(255) DEFAULT NULL COMMENT '发货备忘',
  `out_payment_code` varchar(255) DEFAULT NULL COMMENT '外部交易平台单独使用的标识字符串',
  `finnshed_time` varchar(10) DEFAULT NULL COMMENT '订单完成时间',
  `predeposit_id` int(11) NOT NULL DEFAULT '0' COMMENT '预存款的日志id',
  `predeposit_flag` tinyint(1) NOT NULL DEFAULT '0' COMMENT '0不使用预存款 1优先使用预存款',
  `invoice` text COMMENT '发票信息',
  `goods_amount` decimal(10,2) NOT NULL COMMENT '商品总价格',
  `discount` decimal(10,2) DEFAULT '0.00' COMMENT '折扣价格',
  `order_amount` decimal(10,2) NOT NULL COMMENT '订单总价格',
  `evaluation_status` tinyint(1) DEFAULT NULL COMMENT '用户对商铺评价状态 0为评价，1已评价',
  `evaluation_time` varchar(10) DEFAULT NULL COMMENT '评价时间',
  `evalshop_status` tinyint(1) DEFAULT NULL COMMENT '商铺对用户的评价0未评价1已评价',
  `evalshop_time` varchar(10) DEFAULT NULL COMMENT '评价时间',
  `order_message` varchar(300) DEFAULT NULL COMMENT '订单留言',
  `order_state` int(11) NOT NULL DEFAULT '10' COMMENT '订单状态：10(默认):未付款;20:已付款;30:已发货;40:已收货;50:取消;60已确认;',
  `order_pointscount` int(11) NOT NULL DEFAULT '0' COMMENT '订单赠送积分',
  `voucher_id` int(11) DEFAULT NULL COMMENT '代金券id',
  `voucher_price` int(11) DEFAULT NULL COMMENT '代金券面额',
  `voucher_code` varchar(32) DEFAULT NULL COMMENT '代金券编码',
  `refund_state` tinyint(1) unsigned DEFAULT '0' COMMENT '退款状态:0是无退款,1是部分退款,2是全部退款',
  `return_state` tinyint(1) unsigned DEFAULT '0' COMMENT '退货状态:0是无退货,1是部分退货,2是全部退货',
  `fix_state` tinyint(1) unsigned DEFAULT '0' COMMENT '返修状态:0是无返修,1是部分返修,2是全部返修',
  `re_state` tinyint(4) DEFAULT NULL COMMENT '退款、退货是否完成',
  `refund_amount` decimal(10,2) DEFAULT '0.00' COMMENT '退款金额',
  `return_num` int(10) unsigned DEFAULT '0' COMMENT '退货数量',
  `fix_num` int(10) unsigned DEFAULT '0' COMMENT '返修数量',
  `group_id` int(10) unsigned DEFAULT '0' COMMENT '团购编号(非团购订单为0)',
  `group_count` int(10) unsigned NOT NULL DEFAULT '0' COMMENT '团购数量',
  `sts` tinyint(1) NOT NULL DEFAULT '0' COMMENT '状态',
  PRIMARY KEY (`order_id`)
) ENGINE=MyISAM  DEFAULT CHARSET=utf8 COMMENT='订单表' AUTO_INCREMENT=307 ;

--
-- 转存表中的数据 `db_order`
--

INSERT INTO `db_order` (`order_id`, `order_sn`, `buyer_id`, `buyer_name`, `buyer_email`, `province_id`, `cate_ids`, `add_time`, `order_type`, `payment_id`, `payment_name`, `payment_code`, `payment_direct`, `out_sn`, `payment_time`, `pay_message`, `shipping_time`, `shipping_code`, `shipping_company`, `shipping_remark`, `out_payment_code`, `finnshed_time`, `predeposit_id`, `predeposit_flag`, `invoice`, `goods_amount`, `discount`, `order_amount`, `evaluation_status`, `evaluation_time`, `evalshop_status`, `evalshop_time`, `order_message`, `order_state`, `order_pointscount`, `voucher_id`, `voucher_price`, `voucher_code`, `refund_state`, `return_state`, `fix_state`, `re_state`, `refund_amount`, `return_num`, `fix_num`, `group_id`, `group_count`, `sts`) VALUES
(4, '2951d1f1f1', 1, '544501195@qq.com', '544501195@qq.com', NULL, NULL, '1386147720', 0, 0, '', '', '1', '2951d1f1f1', '', '', '', '', '', '', '', '', 0, 0, '', '1260.00', '0.00', '0.00', NULL, NULL, NULL, NULL, '', 10, 1260, 0, 0, '', 0, 0, 0, NULL, '0.00', 0, 0, 0, 0, 1),
(7, 'd52464d8a8', 1, '544501195@qq.com', '544501195@qq.com', NULL, NULL, '1386207562', 0, 1, '在线支付', '10000', '1', 'd52464d8a8', '', '', '1387763577', 'JS2743556434', 'EMS', '', '', '', 0, 0, '', '108.00', '0.00', '118.00', NULL, NULL, NULL, NULL, '', 60, 108, 0, 0, '', 0, 0, 0, NULL, '0.00', 0, 0, 0, 0, 0),
(8, '797a7c4769', 1, '544501195@qq.com', '544501195@qq.com', NULL, NULL, '1386208669', 0, 1, '在线支付', '10000', '1', '797a7c4769', '', '', '', '', '', '', '', '', 0, 0, '', '190.00', '0.00', '200.00', NULL, NULL, NULL, NULL, '', 60, 190, 0, 0, '', 0, 0, 0, NULL, '0.00', 0, 0, 0, 0, 0),
(22, '949ce486e1', 29, '437555258@qq.com', '437555258@qq.com', NULL, NULL, '1386213961', 0, 4, '预存款支付', '10003', '1', '949ce486e1', '', '', '', '', '', '', '', '', 0, 1, '', '1050.00', '0.00', '1078.00', NULL, NULL, NULL, NULL, '', 50, 1050, 0, 0, '', 0, 0, 0, NULL, '0.00', 0, 0, 0, 0, 1),
(24, '4b1e49581b', 2, '437555258@qq.com', '437555258@qq.com', NULL, NULL, '1386214269', 0, 1, '在线支付', '10000', '1', '4b1e49581b', '', '', '', '', '', '', '', '', 0, 0, '', '1050.00', '0.00', '1078.00', NULL, NULL, NULL, NULL, '', 50, 1050, 0, 0, '', 0, 0, 0, NULL, '0.00', 0, 0, 0, 0, 0),
(28, '0ac8c42d21', 2, '437555258@qq.com', '437555258@qq.com', NULL, NULL, '1386214460', 0, 0, '', '', '1', '0ac8c42d21', '', '', '1387763577', 'JS2743556434', 'EMS', '', '', '', 0, 0, '', '210.00', '0.00', '0.00', NULL, NULL, NULL, NULL, '', 60, 210, 0, 0, '', 0, 0, 0, NULL, '0.00', 0, 0, 0, 0, 1),
(40, '6c77add334', 2, '437555258@qq.com', '437555258@qq.com', NULL, NULL, '1386214681', 0, 0, '', '', '1', '6c77add334', '', '', '', '', '', '', '', '', 0, 0, '', '1050.00', '0.00', '0.00', NULL, NULL, NULL, NULL, '', 10, 1050, 0, 0, '', 0, 0, 0, NULL, '0.00', 0, 0, 0, 0, 1),
(36, 'b5f6b6221b', 1, '544501195@qq.com', '544501195@qq.com', NULL, NULL, '1386214616', 0, 0, '', '', '1', 'b5f6b6221b', '', '', '1387763577', 'JS2743556434', 'EMS', '', '', '', 0, 0, '', '8900.00', '0.00', '0.00', NULL, NULL, NULL, NULL, '', 60, 8900, 0, 0, '', 0, 0, 0, NULL, '0.00', 0, 0, 0, 0, 1),
(43, '82a7a4a461', 2, '437555258@qq.com', '437555258@qq.com', NULL, NULL, '1386214684', 0, 0, '', '', '1', '82a7a4a461', '', '', '', '', '', '', '', '', 0, 0, '', '1050.00', '0.00', '0.00', NULL, NULL, NULL, NULL, '', 10, 1050, 0, 0, '', 0, 0, 0, NULL, '0.00', 0, 0, 0, 0, 1),
(44, '2338462d9b', 2, '437555258@qq.com', '437555258@qq.com', NULL, NULL, '1386214684', 0, 0, '', '', '1', '2338462d9b', '', '', '', '', '', '', '', '', 0, 0, '', '1050.00', '0.00', '0.00', NULL, NULL, NULL, NULL, '', 10, 1050, 0, 0, '', 0, 0, 0, NULL, '0.00', 0, 0, 0, 0, 1),
(50, 'e556665c55', 1, '544501195@qq.com', '544501195@qq.com', NULL, NULL, '1386231490', 0, 0, '', '', '1', 'e556665c55', '', '', '1387763577', 'JS2743556434', 'EMS', '', '', '', 0, 0, '', '1602.00', '0.00', '0.00', NULL, NULL, NULL, NULL, '', 60, 1602, 0, 0, '', 0, 0, 0, NULL, '0.00', 0, 0, 0, 0, 1),
(66, 'fb11e81bcb', 1, '544501195@qq.com', '544501195@qq.com', NULL, NULL, '1386234741', 0, 0, '', '', '1', 'fb11e81bcb', '', '', '1387763577', 'JS2743556434', 'EMS', '', '', '', 0, 0, '', '1424.00', '0.00', '0.00', NULL, NULL, NULL, NULL, '', 60, 1424, 0, 0, '', 0, 0, 0, NULL, '0.00', 0, 0, 0, 0, 1),
(116, '0cd9960345', 1, '544501195@qq.com', '544501195@qq.com', NULL, NULL, '1386296717', 0, 1, '在线支付', '10000', '1', '0cd9960345', '', '', '1387763577', 'JS2743556434', 'EMS', '', '', '', 0, 0, '', '89257.00', '0.00', '0.00', NULL, NULL, NULL, NULL, '', 60, 89257, 0, 0, '', 0, 0, 0, NULL, '0.00', 0, 0, 0, 0, 1),
(117, '7f28abd284', 1, '544501195@qq.com', '544501195@qq.com', NULL, NULL, '1386310580', 0, 0, '', '', '1', '7f28abd284', '', '', '', '', '', '', '', '', 0, 0, '', '60787.00', '0.00', '0.00', NULL, NULL, NULL, NULL, '', 10, 60787, 0, 0, '', 0, 0, 0, NULL, '0.00', 0, 0, 0, 0, 1),
(119, 'ae0eee348e', 1, '544501195@qq.com', '544501195@qq.com', NULL, NULL, '1386558228', 0, 0, '', '', '1', 'ae0eee348e', '', '', '1387763577', 'JS2743556434', 'EMS', '', '', '', 0, 0, '', '0.00', '0.00', '0.00', NULL, NULL, NULL, NULL, '', 60, 0, 0, 0, '', 0, 0, 0, NULL, '0.00', 0, 0, 0, 0, 1),
(120, 'e2cabbe2c6', 1, '544501195@qq.com', '544501195@qq.com', NULL, NULL, '1386899136', 0, 0, '', '', '1', 'e2cabbe2c6', '', '', '1387763577', 'JS2743556434', 'EMS', '', '', '', 0, 0, '', '0.00', '0.00', '0.00', NULL, NULL, NULL, NULL, '', 60, 0, 0, 0, '', 0, 0, 0, NULL, '0.00', 0, 0, 0, 0, 1),
(121, 'a0a284c835', 1, '544501195@qq.com', '544501195@qq.com', NULL, NULL, '1386899173', 0, 0, '', '', '1', 'a0a284c835', '', '', '1387763577', 'JS2743556434', 'EMS', '', '', '', 0, 0, '', '0.00', '0.00', '0.00', NULL, NULL, NULL, NULL, '', 60, 0, 0, 0, '', 0, 0, 0, NULL, '0.00', 0, 0, 0, 0, 1),
(122, 'e2467c77d6', 1, '544501195@qq.com', '544501195@qq.com', NULL, NULL, '1386903319', 0, 0, '', '', '1', 'e2467c77d6', '', '', '1387763577', 'JS2743556434', 'EMS', '', '', '', 0, 0, '', '2772.00', '0.00', '0.00', NULL, NULL, NULL, NULL, '', 60, 2772, 0, 0, '', 0, 0, 0, NULL, '0.00', 0, 0, 0, 0, 1),
(124, 'e99108804d', 1, '544501195@qq.com', '544501195@qq.com', NULL, NULL, '1386924980', 0, 0, '', '', '1', 'e99108804d', '', '', '1387763577', 'JS2743556434', 'EMS', '', '', '', 0, 0, '', '2877.00', '0.00', '0.00', NULL, NULL, NULL, NULL, '', 60, 2877, 0, 0, '', 0, 0, 0, NULL, '0.00', 0, 0, 0, 0, 1),
(125, '4f9fbe1cc9', 1, '544501195@qq.com', '544501195@qq.com', NULL, NULL, '1387175902', 0, 1, '在线支付', '10000', '1', '4f9fbe1cc9', '', '', '', '', '', '', '', '', 0, 0, '增值税发票:0:杭州鑫泰', '621.00', '0.00', '639.00', NULL, NULL, NULL, NULL, '发达省份试点', 10, 621, 0, 0, '', 0, 0, 0, NULL, '0.00', 0, 0, 0, 0, 0),
(133, '4419e1eefe', 3, '304228921@qq.com', '304228921@qq.com', NULL, NULL, '1387504321', 0, 1, '在线支付', '10000', '1', '4419e1eefe', '', '', '', '', '', '', '', '', 0, 0, '', '82.00', '0.00', '94.00', NULL, NULL, NULL, NULL, '', 50, 82, 0, 0, '', 0, 0, 0, NULL, '0.00', 0, 0, 0, 0, 0),
(139, '66a32fffa8', 3, '304228921@qq.com', '304228921@qq.com', NULL, NULL, '1387506700', 0, 2, '货到付款', '10001', '1', '66a32fffa8', '', '', '', '', '', '', '', '', 0, 0, '', '789.00', '0.00', '799.00', NULL, NULL, NULL, NULL, '', 50, 789, 0, 0, '', 0, 0, 0, NULL, '0.00', 0, 0, 0, 0, 0),
(141, 'ec230585b8', 3, '304228921@qq.com', '304228921@qq.com', NULL, NULL, '1387506874', 0, 2, '货到付款', '10001', '1', 'ec230585b8', '', '', '1387763577', 'JS2743556434', 'EMS', '', '', '', 0, 0, '', '108.00', '0.00', '118.00', NULL, NULL, NULL, NULL, '', 60, 108, 0, 0, '', 0, 0, 0, NULL, '0.00', 0, 0, 0, 0, 0),
(142, '9655646962', 3, '304228921@qq.com', '304228921@qq.com', NULL, NULL, '1387507099', 0, 2, '货到付款', '10001', '1', '9655646962', '', '', '', '', '', '', '', '', 0, 0, '', '108.00', '0.00', '118.00', NULL, NULL, NULL, NULL, '', 50, 108, 0, 0, '', 0, 0, 0, NULL, '0.00', 0, 0, 0, 0, 0),
(162, '602a0b98de', 3, '304228921@qq.com', '304228921@qq.com', NULL, NULL, '1387508370', 0, 0, '', '', '1', '602a0b98de', '', '', '', '', '', '', '', '', 0, 0, '', '196.00', '0.00', '0.00', NULL, NULL, NULL, NULL, '', 10, 196, 0, 0, '', 0, 0, 0, NULL, '0.00', 0, 0, 0, 0, 1),
(167, 'a313dd099a', 1, '544501195@qq.com', '544501195@qq.com', NULL, NULL, '1387519419', 0, 0, '', '', '1', 'a313dd099a', '', '', '1387763577', 'JS2743556434', 'EMS', '', '', '', 0, 0, '', '2367.00', '0.00', '0.00', NULL, NULL, NULL, NULL, '', 60, 2367, 0, 0, '', 0, 0, 0, NULL, '0.00', 0, 0, 0, 0, 1),
(169, 'ffeff6bc55', 1, '544501195@qq.com', '544501195@qq.com', NULL, NULL, '1387519420', 0, 1, '在线支付', '10000', '1', 'ffeff6bc55', '', '', '1387763577', 'JS2743556434', 'EMS', '', '', '', 0, 0, '', '3156.00', '0.00', '0.00', NULL, NULL, NULL, NULL, '', 60, 3156, 0, 0, '', 0, 0, 0, NULL, '0.00', 0, 0, 0, 0, 1),
(174, '3c7d6a9171', 3, '304228921@qq.com', '304228921@qq.com', NULL, NULL, '1387520798', 0, 1, '在线支付', '10000', '1', '3c7d6a9171', '', '', '', '', '', '', '', '', 0, 1, '', '198.00', '0.00', '210.00', NULL, NULL, NULL, NULL, '', 10, 198, 0, 0, '', 0, 0, 0, NULL, '0.00', 0, 0, 0, 0, 0),
(183, '5fae435c1f', 3, '304228921@qq.com', '304228921@qq.com', NULL, NULL, '1387523316', 0, 0, '', '', '1', '5fae435c1f', '', '', '', '', '', '', '', '', 0, 0, '', '0.00', '0.00', '0.00', NULL, NULL, NULL, NULL, '', 10, 0, 0, 0, '', 0, 0, 0, NULL, '0.00', 0, 0, 0, 0, 1),
(178, '319327b87b', 1, '544501195@qq.com', '544501195@qq.com', NULL, NULL, '1387521297', 0, 0, '', '', '1', '319327b87b', '', '', '', '', '', '', '', '', 0, 0, '', '0.00', '0.00', '0.00', NULL, NULL, NULL, NULL, '', 10, 0, 0, 0, '', 0, 0, 0, NULL, '0.00', 0, 0, 0, 0, 1),
(184, 'df13396407', 2, '437555258@qq.com', '437555258@qq.com', NULL, NULL, '1387762880', 0, 1, '在线支付', '10000', '1', 'df13396407', '', '', '1387763577', 'JS2743556434', 'EMS', '', '', '', 0, 0, '', '178.00', '0.00', '188.00', NULL, NULL, NULL, NULL, '', 60, 178, 0, 0, '', 0, 0, 0, NULL, '0.00', 0, 0, 0, 0, 0),
(186, '23d4a44b82', 2, '437555258@qq.com', '437555258@qq.com', NULL, NULL, '1387762917', 0, 1, '在线支付', '10000', '1', '23d4a44b82', '', '', '', '', '', '', '', '', 0, 0, '', '178.00', '0.00', '188.00', NULL, NULL, NULL, NULL, '', 20, 178, 0, 0, '', 0, 0, 0, NULL, '0.00', 0, 0, 0, 0, 0),
(187, 'f4eb37cefc', 2, '437555258@qq.com', '437555258@qq.com', NULL, NULL, '1387767022', 0, 1, '在线支付', '10000', '1', 'f4eb37cefc', '', '', '', '', '', '', '', '', 0, 0, '', '98.00', '0.00', '108.00', NULL, NULL, NULL, NULL, '', 20, 98, 0, 0, '', 0, 0, 0, NULL, '0.00', 0, 0, 0, 0, 1),
(191, 'c470261a1c', 2, '437555258@qq.com', '437555258@qq.com', NULL, NULL, '1387786109', 0, 1, '在线支付', '10000', '1', 'c470261a1c', '', '', '', '', '', '', '', '', 0, 0, '', '789.00', '0.00', '799.00', NULL, NULL, NULL, NULL, '', 20, 789, 0, 0, '', 0, 0, 0, NULL, '0.00', 0, 0, 0, 0, 1),
(194, '4cdbc10d16', 2, '437555258@qq.com', '437555258@qq.com', NULL, NULL, '1387787690', 0, 1, '在线支付', '10000', '1', '4cdbc10d16', '', '', '', '', '', '', '', '', 0, 0, '', '197.00', '0.00', '209.00', NULL, NULL, NULL, NULL, '', 10, 197, 6, 5, 'T07450222', 0, 0, 0, NULL, '0.00', 0, 0, 0, 0, 1),
(197, 'f9841ba6b7', 2, '437555258@qq.com', '437555258@qq.com', NULL, NULL, '1387787907', 0, 1, '在线支付', '10000', '1', 'f9841ba6b7', '', '', '', '', '', '', '', '', 0, 0, '', '178.00', '0.00', '188.00', NULL, NULL, NULL, NULL, '', 10, 178, 6, 5, 'T07450222', 0, 0, 0, NULL, '0.00', 0, 0, 0, 0, 1),
(199, 'd60dd10ffa', 3, '304228921@qq.com', '304228921@qq.com', NULL, NULL, '1387788213', 0, 1, '在线支付', '10000', '1', 'd60dd10ffa', '', '', '', '', '', '', '', '', 0, 0, '', '789.00', '0.00', '794.00', NULL, NULL, NULL, NULL, '', 10, 789, 8, 5, 'T40036067', 0, 0, 0, NULL, '0.00', 0, 0, 0, 0, 1),
(202, 'c42425cf6f', 3, '304228921@qq.com', '304228921@qq.com', NULL, NULL, '1387789912', 0, 1, '在线支付', '10000', '1', 'c42425cf6f', '', '', '', '', '', '', '', '', 0, 1, '', '887.00', '0.00', '0.00', NULL, NULL, NULL, NULL, '', 20, 887, 0, 0, '', 0, 0, 0, NULL, '0.00', 0, 0, 0, 0, 1),
(201, '2a8133aa54', 2, '437555258@qq.com', '437555258@qq.com', NULL, NULL, '1387788599', 0, 1, '在线支付', '10000', '1', '2a8133aa54', '', '', '', '', '', '', '', '', 0, 0, '', '109.00', '0.00', '114.00', NULL, NULL, NULL, NULL, '', 50, 109, 2, 5, 'T97712289', 0, 0, 0, NULL, '0.00', 0, 0, 0, 0, 1),
(204, '6d939599a1', 3, '304228921@qq.com', '304228921@qq.com', NULL, NULL, '1387791456', 0, 1, '在线支付', '10000', '1', '6d939599a1', '', '', '', '', '', '', '', '', 0, 0, '', '789.00', '0.00', '799.00', NULL, NULL, NULL, NULL, '', 10, 789, 0, 0, '', 0, 0, 0, NULL, '0.00', 0, 0, 0, 0, 1),
(216, 'a1f110fac3', 1, '544501195@qq.com', '544501195@qq.com', NULL, NULL, '1387852436', 0, 0, '', '', '1', 'a1f110fac3', '', '', '', '', '', '', '', '', 0, 0, '', '2604.00', '0.00', '0.00', NULL, NULL, NULL, NULL, '', 10, 2604, 0, 0, '', 0, 0, 0, NULL, '0.00', 0, 0, 0, 0, 1),
(218, 'e1d6d17cc9', 2, '437555258@qq.com', '437555258@qq.com', NULL, NULL, '1387853820', 0, 1, '在线支付', '10000', '1', 'e1d6d17cc9', '', '', '', '', '', '', '', '', 0, 0, '', '1578.00', '0.00', '799.00', NULL, NULL, NULL, NULL, '', 20, 1578, 0, 0, '', 0, 0, 0, NULL, '0.00', 0, 0, 0, 0, 1),
(219, 'f77e4de177', 2, '437555258@qq.com', '437555258@qq.com', NULL, NULL, '1387853915', 0, 0, '', '', '1', 'f77e4de177', '', '', '', '', '', '', '', '', 0, 0, '', '0.00', '0.00', '0.00', NULL, NULL, NULL, NULL, '', 10, 0, 0, 0, '', 0, 0, 0, NULL, '0.00', 0, 0, 0, 0, 1),
(220, '303eefc801', 1, '544501195@qq.com', '544501195@qq.com', NULL, NULL, '1387942330', 0, 0, '', '', '1', '303eefc801', '', '', '', '', '', '', '', '', 0, 0, '', '3393.00', '0.00', '0.00', NULL, NULL, NULL, NULL, '', 10, 3393, 0, 0, '', 0, 0, 0, NULL, '0.00', 0, 0, 0, 0, 1),
(221, '2014062534592825', 29, '许则林', '29', NULL, NULL, '1403663459', 0, 0, '', '', '0', '0', '0', NULL, NULL, '', '', '', NULL, NULL, 0, 0, NULL, '0.00', '0.95', '0.00', NULL, NULL, NULL, NULL, '', 10, 0, NULL, NULL, NULL, 0, 0, 0, NULL, '0.00', 0, 0, 0, 0, 1),
(222, '2014062535327411', 29, '许则林', '29', NULL, NULL, '1403663531', 0, 0, '', '', '0', '0', '0', NULL, NULL, '', '', '', NULL, NULL, 0, 0, NULL, '1104.85', '0.95', '0.00', NULL, NULL, NULL, NULL, '', 20, 0, NULL, NULL, NULL, 0, 0, 0, NULL, '0.00', 0, 0, 0, 0, 1),
(223, '2014062535932390', 29, '许则林', '29', NULL, NULL, '1403663593', 0, 0, '', '', '0', '0', '0', NULL, NULL, '', '', '', NULL, NULL, 0, 0, NULL, '2873.75', '0.95', '0.00', NULL, NULL, NULL, NULL, '', 10, 0, NULL, NULL, NULL, 0, 0, 0, NULL, '0.00', 0, 0, 0, 0, 1),
(224, '2014062536924333', 29, '许则林', '29', NULL, NULL, '1403663692', 0, 0, '', '', '0', '0', '0', NULL, NULL, '', '', '', NULL, NULL, 0, 0, NULL, '1520.00', '0.95', '0.00', NULL, NULL, NULL, NULL, '', 10, 0, NULL, NULL, NULL, 0, 0, 0, NULL, '0.00', 0, 0, 0, 0, 1),
(225, '2014062538069185', 29, '许则林', '29', NULL, NULL, '1403663806', 0, 0, '', '', '0', '0', '0', NULL, NULL, '', '', '', NULL, NULL, 0, 0, NULL, '8569.00', '0.95', '0.00', NULL, NULL, NULL, NULL, '', 10, 0, NULL, NULL, NULL, 0, 0, 0, NULL, '0.00', 0, 0, 0, 0, 1),
(226, '2014070218319384', 29, '许则林', '29', NULL, NULL, '1404291831', 0, 0, '', '', '0', '0', '0', NULL, NULL, '', '', '', NULL, NULL, 0, 0, NULL, '3697.40', '0.95', '0.00', NULL, NULL, NULL, NULL, '', 10, 0, NULL, NULL, NULL, 0, 0, 0, NULL, '0.00', 0, 0, 0, 0, 1),
(227, '2014070464939644', 29, '许则林', '1297032745@qq.com', NULL, NULL, '1404456493', 0, 0, '', '', '0', '0', '0', NULL, NULL, '', '', '', NULL, NULL, 0, 0, NULL, '1611.20', '0.95', '0.00', NULL, NULL, NULL, NULL, '', 10, 0, NULL, NULL, NULL, 0, 0, 0, NULL, '0.00', 0, 0, 0, 0, 1),
(228, '2014070465982110', 29, '许则林', '1297032745@qq.com', NULL, NULL, '1404456598', 0, 0, '', '', '0', '0', '0', NULL, NULL, '', '', '', NULL, NULL, 0, 0, NULL, '0.00', '0.95', '0.00', NULL, NULL, NULL, NULL, '', 10, 0, NULL, NULL, NULL, 0, 0, 0, NULL, '0.00', 0, 0, 0, 0, 1),
(229, '2014070467541029', 29, '许则林', '1297032745@qq.com', NULL, NULL, '1404456754', 0, 0, '', '', '0', '0', '0', NULL, NULL, '', '', '', NULL, NULL, 0, 0, NULL, '754.30', '0.95', '0.00', NULL, NULL, NULL, NULL, '', 10, 0, NULL, NULL, NULL, 0, 0, 0, NULL, '0.00', 0, 0, 0, 0, 1),
(230, '2014070473628374', 29, '许则林', '1297032745@qq.com', NULL, NULL, '1404457362', 0, 0, '', '', '0', '0', '0', NULL, NULL, '', '', '', NULL, NULL, 0, 0, NULL, '0.00', '0.95', '0.00', NULL, NULL, NULL, NULL, '', 10, 0, NULL, NULL, NULL, 0, 0, 0, NULL, '0.00', 0, 0, 0, 0, 1),
(231, '2014070476485275', 29, '许则林', '1297032745@qq.com', NULL, NULL, '1404457648', 0, 0, '', '', '0', '0', '0', NULL, NULL, '', '', '', NULL, NULL, 0, 0, NULL, '1508.60', '0.95', '0.00', NULL, NULL, NULL, NULL, '', 10, 0, NULL, NULL, NULL, 0, 0, 0, NULL, '0.00', 0, 0, 0, 0, 1),
(232, '2014070491262971', 29, '许则林', '1297032745@qq.com', NULL, NULL, '1404459126', 0, 0, '', '', '0', '0', '0', NULL, NULL, '', '', '', NULL, NULL, 0, 0, NULL, '1508.60', '0.95', '0.00', NULL, NULL, NULL, NULL, '', 10, 0, NULL, NULL, NULL, 0, 0, 0, NULL, '0.00', 0, 0, 0, 0, 1),
(233, '2014070766256689', 29, '许则林', '1297032745@qq.com', NULL, NULL, '1404736625', 0, 0, '', '', '0', '0', '0', NULL, NULL, '', '', '', NULL, NULL, 0, 0, NULL, '1090.60', '0.95', '0.00', NULL, NULL, NULL, NULL, '', 10, 0, NULL, NULL, NULL, 0, 0, 0, NULL, '0.00', 0, 0, 0, 0, 1),
(234, '2014070734714842', 29, '许则林', '1297032745@qq.com', NULL, NULL, '1404743471', 0, 0, '', '', '0', '0', '1405907192', NULL, NULL, '', '', '', NULL, NULL, 0, 0, NULL, '364.80', '0.95', '0.00', NULL, NULL, NULL, NULL, '', 20, 0, NULL, NULL, NULL, 0, 0, 0, NULL, '0.00', 0, 0, 0, 0, 1),
(235, '2014070957754721', 29, '许则林', '1297032745@qq.com', NULL, NULL, '1404895775', 0, 0, '', '', '0', '0', '0', NULL, NULL, '', '', '', NULL, NULL, 0, 0, NULL, '1288.20', '0.95', '0.00', NULL, NULL, NULL, NULL, '', 40, 0, NULL, NULL, NULL, 0, 0, 0, NULL, '0.00', 0, 0, 0, 0, 1),
(236, '2014070988596632', 29, '许则林', '1297032745@qq.com', NULL, NULL, '1404898858', 0, 0, '', '', '0', '0', '0', NULL, NULL, '', '', '', NULL, NULL, 0, 0, NULL, '1136.20', '0.95', '0.00', NULL, NULL, NULL, NULL, '', 60, 0, NULL, NULL, NULL, 0, 0, 0, NULL, '0.00', 0, 0, 0, 0, 1),
(237, '2014070995351301', 29, '许则林', '1297032745@qq.com', NULL, NULL, '1404899535', 0, 0, '', '', '0', '0', '1405675273', NULL, '1405675301', '', '', '', NULL, '1405675334', 0, 0, NULL, '521.55', '0.95', '0.00', NULL, '1405675311', NULL, NULL, '', 60, 0, NULL, NULL, NULL, 0, 0, 0, NULL, '0.00', 0, 0, 0, 0, 1),
(238, '2014070995761347', 29, '许则林', '1297032745@qq.com', NULL, NULL, '1386207562', 0, 0, '', '', '0', '0', '0', NULL, NULL, '', '', '', NULL, NULL, 0, 0, NULL, '928.58', '0.95', '0.00', NULL, NULL, NULL, NULL, '', 20, 0, NULL, NULL, NULL, 0, 0, 0, NULL, '0.00', 0, 0, 0, 0, 1),
(239, '2014071024322650', 29, '许则林', '1297032745@qq.com', NULL, NULL, '1404962432', 0, 0, '', '', '0', '0', '0', NULL, NULL, '', '', '', NULL, NULL, 0, 0, NULL, '364.80', '0.95', '0.00', NULL, NULL, NULL, NULL, '', 20, 0, NULL, NULL, NULL, 0, 0, 0, NULL, '0.00', 0, 0, 0, 0, 1),
(240, '2014071580350289', 29, '许则林', '1297032745@qq.com', NULL, NULL, '1405388035', 0, 0, '', '', '0', '0', '0', NULL, NULL, '', '', '', NULL, NULL, 0, 0, NULL, '364.80', '0.95', '0.00', NULL, NULL, NULL, NULL, '', 10, 0, NULL, NULL, NULL, 0, 0, 0, NULL, '0.00', 0, 0, 0, 0, 1),
(241, '2014071839564949', 29, '许则林', '1297032745@qq.com', NULL, NULL, '1405663956', 0, 0, '', '', '0', '0', '0', NULL, NULL, '', '', '', NULL, NULL, 0, 0, NULL, '428.45', '0.95', '0.00', NULL, NULL, NULL, NULL, '', 60, 0, NULL, NULL, NULL, 0, 0, 0, NULL, '0.00', 0, 0, 0, 0, 1),
(242, '2014071846298735', 29, '许则林', '1297032745@qq.com', NULL, NULL, '1405664629', 0, 0, '', '', '0', '0', '0', NULL, NULL, '', '', '', NULL, NULL, 0, 0, NULL, '428.45', '0.95', '0.00', NULL, NULL, NULL, NULL, '', 60, 0, NULL, NULL, NULL, 0, 0, 0, NULL, '0.00', 0, 0, 0, 0, 1),
(243, '2014072175584873', 29, '许则林', '1297032745@qq.com', NULL, NULL, '1405907558', 0, 0, '', '', '0', '0', '0', NULL, NULL, '', '', '', NULL, NULL, 0, 0, NULL, '521.55', '0.95', '0.00', NULL, NULL, NULL, NULL, '', 10, 0, NULL, NULL, NULL, 0, 0, 0, NULL, '0.00', 0, 0, 0, 0, 1),
(244, '2014072175738683', 29, '许则林', '1297032745@qq.com', NULL, NULL, '1405907573', 0, 0, '', '', '0', '0', '0', NULL, NULL, '', '', '', NULL, NULL, 0, 0, NULL, '1285.35', '0.95', '0.00', NULL, NULL, NULL, NULL, '', 10, 0, NULL, NULL, NULL, 0, 0, 0, NULL, '0.00', 0, 0, 0, 0, 1),
(245, '2014072116532065', 29, '许则林', '1297032745@qq.com', NULL, NULL, '1405911653', 0, 0, '', '', '0', '0', '0', NULL, NULL, '', '', '', NULL, NULL, 0, 0, NULL, '346.40', '0.40', '0.00', NULL, NULL, NULL, NULL, '', 10, 0, NULL, NULL, NULL, 0, 0, 0, NULL, '0.00', 0, 0, 0, 0, 1),
(246, '2014072121494299', 29, '许则林', '1297032745@qq.com', NULL, NULL, '1405912149', 0, 0, '', '', '0', '0', '0', NULL, NULL, '', '', '', NULL, NULL, 0, 0, NULL, '1984.40', '0.40', '0.00', NULL, NULL, NULL, NULL, '', 10, 0, NULL, NULL, NULL, 0, 0, 0, NULL, '0.00', 0, 0, 0, 0, 1),
(247, '2014072123419361', 29, '许则林', '1297032745@qq.com', NULL, NULL, '1405912341', 0, 0, '', '', '0', '0', '0', NULL, NULL, '', '', '', NULL, NULL, 0, 0, NULL, '1804.00', '0.40', '0.00', NULL, NULL, NULL, NULL, '', 10, 0, NULL, NULL, NULL, 0, 0, 0, NULL, '0.00', 0, 0, 0, 0, 1),
(248, '2014072126038766', 29, '许则林', '1297032745@qq.com', NULL, NULL, '1405912603', 0, 0, '', '', '0', '0', '0', NULL, NULL, '', '', '', NULL, NULL, 0, 0, NULL, '1804.00', '0.40', '0.00', NULL, NULL, NULL, NULL, '', 10, 0, NULL, NULL, NULL, 0, 0, 0, NULL, '0.00', 0, 0, 0, 0, 1),
(249, '2014072126322765', 29, '许则林', '1297032745@qq.com', NULL, NULL, '1405912632', 0, 0, '', '', '0', '0', '0', NULL, NULL, '', '', '', NULL, NULL, 0, 0, NULL, '1804.00', '0.40', '0.00', NULL, NULL, NULL, NULL, '', 10, 0, NULL, NULL, NULL, 0, 0, 0, NULL, '0.00', 0, 0, 0, 0, 1),
(250, '2014072127729853', 29, '许则林', '1297032745@qq.com', NULL, NULL, '1405912772', 0, 0, '', '', '0', '0', '0', NULL, NULL, '', '', '', NULL, NULL, 0, 0, NULL, '635.20', '0.40', '1588.00', NULL, NULL, NULL, NULL, '', 10, 0, NULL, NULL, NULL, 0, 0, 0, NULL, '0.00', 0, 0, 0, 0, 1),
(251, '2014072133144936', 29, '许则林', '1297032745@qq.com', NULL, NULL, '1405913314', 0, 0, '', '', '0', '0', '0', NULL, NULL, '', '', '', NULL, NULL, 0, 0, NULL, '439.20', '0.40', '1098.00', NULL, NULL, NULL, NULL, '', 10, 0, NULL, NULL, NULL, 0, 0, 0, NULL, '0.00', 0, 0, 0, 0, 1),
(252, '2014072139393711', 29, '许则林', '1297032745@qq.com', NULL, NULL, '1405913938', 0, 0, '', '', '0', '0', '1406510097', NULL, '1406510114', '', '', '', NULL, NULL, 0, 0, NULL, '856.90', '0.95', '0.00', NULL, NULL, NULL, NULL, '', 30, 0, NULL, NULL, NULL, 0, 0, 0, NULL, '0.00', 0, 0, 0, 0, 1),
(253, '2014072142403342', 29, '许则林', '1297032745@qq.com', NULL, NULL, '1405914240', 0, 0, '', '', '0', '0', '1406475341', NULL, '1406475349', '', '', '', NULL, '1406475369', 0, 0, NULL, '360.80', '0.40', '0.00', NULL, '1406475357', NULL, NULL, '', 60, 0, NULL, NULL, NULL, 0, 0, 0, NULL, '0.00', 0, 0, 0, 0, 1),
(254, '2014072810079376', 38, '北京', 'wsf654@qq.com', NULL, NULL, '1406511006', 0, 0, '', '', '0', '0', '1406597341', NULL, NULL, '', '', '', NULL, NULL, 0, 0, NULL, '549.00', '1.00', '0.00', NULL, NULL, NULL, NULL, '', 20, 0, NULL, NULL, NULL, 0, 0, 0, NULL, '0.00', 0, 0, 0, 0, 1),
(255, '2014072831510893', 36, '山东', 'sdfsjdfl@12.com', NULL, NULL, '1406533151', 0, 0, '', '', '0', '0', '1406533234', NULL, '1406533244', '', '', '', NULL, NULL, 0, 0, NULL, '166320.00', '0.99', '0.00', NULL, '1406597289', NULL, NULL, '', 40, 0, NULL, NULL, NULL, 0, 0, 0, NULL, '0.00', 0, 0, 0, 0, 0),
(256, '2014072834003730', 36, '山东', 'sdfsjdfl@12.com', NULL, NULL, '1406533400', 0, 0, '', '', '0', '0', '1406594916', NULL, '1406594933', '', '', '', NULL, '1406594979', 0, 0, NULL, '2102.80', '0.33', '0.00', NULL, '1406594942', NULL, NULL, '', 60, 0, NULL, NULL, NULL, 0, 0, 0, NULL, '0.00', 0, 0, 0, 0, 1),
(257, '2014072958342227', 36, '山东', 'sdfsjdfl@12.com', NULL, NULL, '1406595834', 0, 0, '', '', '0', '0', '1406595856', NULL, '1406595862', '', '', '', NULL, '1406597308', 0, 0, NULL, '1488.30', '0.33', '0.00', NULL, '1406595899', NULL, NULL, '', 60, 0, NULL, NULL, NULL, 0, 0, 0, NULL, '0.00', 0, 0, 0, 0, 0),
(258, '2014072953850192', 36, '山东', 'sdfsjdfl@12.com', NULL, NULL, '1406605385', 0, 0, '', '', '0', '0', '0', NULL, NULL, '', '', '', NULL, NULL, 0, 0, NULL, '41654.80', '0.88', '0.00', NULL, NULL, NULL, NULL, '', 10, 0, NULL, NULL, NULL, 0, 0, 0, NULL, '0.00', 0, 0, 0, 0, 0),
(259, '2014072954296400', 36, '山东', 'sdfsjdfl@12.com', NULL, NULL, '1406605429', 0, 0, '', '', '0', '0', '0', NULL, NULL, '', '', '', NULL, NULL, 0, 0, NULL, '7964.00', '0.44', '0.00', NULL, NULL, NULL, NULL, '', 10, 0, NULL, NULL, NULL, 0, 0, 0, NULL, '0.00', 0, 0, 0, 0, 0),
(260, '2014072908376783', 39, '大连', 'DINGCY66@163.COM', NULL, NULL, '1406610837', 0, 0, '', '', '0', '0', '0', NULL, NULL, '', '', '', NULL, NULL, 0, 0, NULL, '1380.50', '0.11', '0.00', NULL, NULL, NULL, NULL, '', 10, 0, NULL, NULL, NULL, 0, 0, 0, NULL, '0.00', 0, 0, 0, 0, 0),
(261, '2014072910069170', 39, '大连', 'DINGCY66@163.COM', NULL, NULL, '1406611006', 0, 0, '', '', '0', '0', '1406611215', NULL, NULL, '', '', '', NULL, NULL, 0, 0, NULL, '4752.00', '0.88', '0.00', NULL, NULL, NULL, NULL, '', 50, 0, NULL, NULL, NULL, 0, 0, 0, NULL, '0.00', 0, 0, 0, 0, 0),
(262, '2014072912559295', 36, '山东', 'sdfsjdfl@12.com', NULL, NULL, '1406641255', 0, 0, '', '', '0', '0', '0', NULL, NULL, '', '', '', NULL, NULL, 0, 0, NULL, '28165.88', '0.98', '27299.00', NULL, NULL, NULL, NULL, '', 10, 0, NULL, NULL, NULL, 0, 0, 0, NULL, '0.00', 0, 0, 0, 0, 1),
(263, '2014073097650070', 42, '合肥', '15742556165454@qq.com', NULL, NULL, '1406679765', 0, 0, '', '', '0', '0', '1406679972', NULL, NULL, '', '', '', NULL, NULL, 0, 0, NULL, '25143.86', '0.96', '66168.00', NULL, NULL, NULL, NULL, '', 20, 0, NULL, NULL, NULL, 0, 0, 0, NULL, '0.00', 0, 0, 0, 0, 1),
(264, '2014073083477500', 43, '辽宁', 'liaoning@163.com', NULL, NULL, '1406708347', 0, 0, '', '', '0', '0', '1406708433', NULL, '1406708493', '', '', '', NULL, NULL, 0, 0, NULL, '11527.00', '1.00', '9035.00', NULL, '1406708536', NULL, NULL, '', 40, 0, NULL, NULL, NULL, 0, 0, 0, NULL, '0.00', 0, 0, 0, 0, 0),
(265, '2014073088929345', 43, '辽宁', 'liaoning@163.com', NULL, NULL, '1406708892', 0, 0, '', '', '0', '0', '0', NULL, NULL, '', '', '', NULL, NULL, 0, 0, NULL, '77985.00', '1.00', '0.00', NULL, NULL, NULL, NULL, '', 10, 0, NULL, NULL, NULL, 0, 0, 0, NULL, '0.00', 0, 0, 0, 0, 0),
(266, '2014073178558525', 42, '合肥', '15742556165454@qq.com', NULL, NULL, '1406767855', 0, 0, '', '', '0', '0', '0', NULL, NULL, '', '', '', NULL, NULL, 0, 0, NULL, '351.36', '0.64', '549.00', NULL, NULL, NULL, NULL, '', 10, 0, NULL, NULL, NULL, 0, 0, 0, NULL, '0.00', 0, 0, 0, 0, 0),
(267, '2014073179657195', 42, '合肥', '15742556165454@qq.com', NULL, NULL, '1406767965', 0, 0, '', '', '0', '0', '0', NULL, NULL, '', '', '', NULL, NULL, 0, 0, NULL, '578.72', '0.64', '0.00', NULL, NULL, NULL, NULL, '', 10, 0, NULL, NULL, NULL, 0, 0, 0, NULL, '0.00', 0, 0, 0, 0, 0),
(268, '2014073180786226', 46, '张云静', '81616404@qq.com', NULL, NULL, '1406768078', 0, 0, '', '', '0', '0', '1406768168', NULL, '1406768339', '', '', '', NULL, '1406768437', 0, 0, NULL, '1623.60', '0.60', '6765.00', NULL, '1406768363', NULL, NULL, '', 60, 0, NULL, NULL, NULL, 0, 0, 0, NULL, '0.00', 0, 0, 0, 0, 0),
(269, '2014073103499663', 49, '马坤', '2456236006@QQ.com', NULL, NULL, '1406770349', 0, 0, '', '', '0', '0', '0', NULL, NULL, '', '', '', NULL, NULL, 0, 0, NULL, '23601.00', '0.52', '0.00', NULL, NULL, NULL, NULL, '', 10, 0, NULL, NULL, NULL, 0, 0, 0, NULL, '0.00', 0, 0, 0, 0, 0),
(270, '2014073103847506', 49, '马坤', '2456236006@QQ.com', NULL, NULL, '1406770384', 0, 0, '', '', '0', '0', '0', NULL, NULL, '', '', '', NULL, NULL, 0, 0, NULL, '16150.00', '0.52', '0.00', NULL, NULL, NULL, NULL, '', 10, 0, NULL, NULL, NULL, 0, 0, 0, NULL, '0.00', 0, 0, 0, 0, 0),
(271, '2014073104231110', 49, '马坤', '2456236006@QQ.com', NULL, NULL, '1406770423', 0, 0, '', '', '0', '0', '0', NULL, NULL, '', '', '', NULL, NULL, 0, 0, NULL, '3548.00', '0.80', '0.00', NULL, NULL, NULL, NULL, '', 10, 0, NULL, NULL, NULL, 0, 0, 0, NULL, '0.00', 0, 0, 0, 0, 0),
(272, '2014073104989437', 49, '马坤', '2456236006@QQ.com', NULL, NULL, '1406770497', 0, 0, '', '', '0', '0', '0', NULL, NULL, '', '', '', NULL, NULL, 0, 0, NULL, '7690.00', '1.00', '0.00', NULL, NULL, NULL, NULL, '', 10, 0, NULL, NULL, NULL, 0, 0, 0, NULL, '0.00', 0, 0, 0, 0, 0),
(273, '2014073105518631', 49, '马坤', '2456236006@QQ.com', NULL, NULL, '1406770550', 0, 0, '', '', '0', '0', '0', NULL, NULL, '', '', '', NULL, NULL, 0, 0, NULL, '195.00', '1.00', '0.00', NULL, NULL, NULL, NULL, '', 10, 0, NULL, NULL, NULL, 0, 0, 0, NULL, '0.00', 0, 0, 0, 0, 0),
(274, '2014073125666527', 54, '福建广鑫', '15927931@qq.com', NULL, NULL, '1406772566', 0, 0, '', '', '0', '0', '0', NULL, NULL, '', '', '', NULL, NULL, 0, 0, NULL, '14367.00', '1.00', '0.00', NULL, NULL, NULL, NULL, '', 10, 0, NULL, NULL, NULL, 0, 0, 0, NULL, '0.00', 0, 0, 0, 0, 0),
(275, '2014080426817197', 55, '王舒', '13429393189@qq.com', NULL, NULL, '1407112681', 0, 0, '', '', '0', '0', '0', NULL, NULL, '', '', '', NULL, NULL, 0, 0, NULL, '32331.00', '0.65', '0.00', NULL, NULL, NULL, NULL, '', 10, 0, NULL, NULL, NULL, 0, 0, 0, NULL, '0.00', 0, 0, 0, 0, 0),
(276, '2014082538800877', 57, '何炽良', '842578586@qq.com', 3133, NULL, '1408933880', 0, 0, '', '', '0', '0', '0', NULL, NULL, '', '', '', NULL, NULL, 0, 0, 'a:7:{s:11:"kaipiaotype";i:2;s:8:"compname";s:0:"";s:8:"compcode";s:0:"";s:7:"address";s:0:"";s:3:"tel";s:0:"";s:4:"bank";s:0:"";s:8:"bankcode";s:0:"";}', '59190.20', '0.61', '96930.00', NULL, NULL, NULL, NULL, '', 10, 0, NULL, NULL, NULL, 0, 0, 0, NULL, '0.00', 0, 0, 0, 0, 0),
(277, '2014082538803977', 57, '何炽良', '842578586@qq.com', 3133, NULL, '1408933880', 0, 0, '', '', '0', '0', '0', NULL, NULL, '', '', '', NULL, NULL, 0, 0, 'a:7:{s:11:"kaipiaotype";i:2;s:8:"compname";s:0:"";s:8:"compcode";s:0:"";s:7:"address";s:0:"";s:3:"tel";s:0:"";s:4:"bank";s:0:"";s:8:"bankcode";s:0:"";}', '0.00', '0.00', '0.00', NULL, NULL, NULL, NULL, '', 10, 0, NULL, NULL, NULL, 0, 0, 0, NULL, '0.00', 0, 0, 0, 0, 0),
(278, '2014082555789612', 54, '福建广鑫', '15927931@qq.com', 3133, NULL, '1408935578', 0, 0, '', '', '0', '0', '0', NULL, NULL, '', '', '', NULL, NULL, 0, 0, 'a:7:{s:11:"kaipiaotype";i:2;s:8:"compname";s:0:"";s:8:"compcode";s:0:"";s:7:"address";s:0:"";s:3:"tel";s:0:"";s:4:"bank";s:0:"";s:8:"bankcode";s:0:"";}', '7756.75', '0.60', '12904.00', NULL, NULL, NULL, NULL, '', 10, 0, NULL, NULL, NULL, 0, 0, 0, NULL, '0.00', 0, 0, 0, 0, 0),
(279, '2014082555789212', 54, '福建广鑫', '15927931@qq.com', 3133, NULL, '1408935578', 0, 0, '', '', '0', '0', '0', NULL, NULL, '', '', '', NULL, NULL, 0, 0, 'a:7:{s:11:"kaipiaotype";i:2;s:8:"compname";s:0:"";s:8:"compcode";s:0:"";s:7:"address";s:0:"";s:3:"tel";s:0:"";s:4:"bank";s:0:"";s:8:"bankcode";s:0:"";}', '0.00', '0.00', '0.00', NULL, NULL, NULL, NULL, '', 10, 0, NULL, NULL, NULL, 0, 0, 0, NULL, '0.00', 0, 0, 0, 0, 0),
(280, '2014082560708663', 57, '何炽良', '842578586@qq.com', 3133, NULL, '1408936070', 0, 0, '', '', '0', '0', '0', NULL, NULL, '', '', '', NULL, NULL, 0, 0, NULL, '235.65', '0.52', '0.00', NULL, NULL, NULL, NULL, '后台操作员【刘文明】操作', 10, 0, NULL, NULL, NULL, 0, 0, 0, NULL, '0.00', 0, 0, 0, 0, 0),
(281, '2014082566240494', 57, '何炽良', '842578586@qq.com', 423, NULL, '1408936624', 0, 0, '', '', '0', '0', '0', NULL, NULL, '', '', '', NULL, NULL, 0, 0, NULL, '211.58', '0.55', '0.00', NULL, NULL, NULL, NULL, '后台操作员【刘文明】操作', 10, 0, NULL, NULL, NULL, 0, 0, 0, NULL, '0.00', 0, 0, 0, 0, 0),
(282, '2014082536280407', 54, '福建广鑫', '15927931@qq.com', 227, NULL, '1408943628', 0, 0, '', '', '0', '0', '0', NULL, NULL, '', '', '', NULL, NULL, 0, 0, 'a:7:{s:11:"kaipiaotype";i:2;s:8:"compname";s:0:"";s:8:"compcode";s:0:"";s:7:"address";s:0:"";s:3:"tel";s:0:"";s:4:"bank";s:0:"";s:8:"bankcode";s:0:"";}', '26996.70', '0.60', '44718.00', NULL, NULL, NULL, NULL, '', 10, 0, NULL, NULL, NULL, 0, 0, 0, NULL, '0.00', 0, 0, 0, 0, 0),
(283, '2014082536289007', 54, '福建广鑫', '15927931@qq.com', 227, NULL, '1408943628', 0, 0, '', '', '0', '0', '0', NULL, NULL, '', '', '', NULL, NULL, 0, 0, 'a:7:{s:11:"kaipiaotype";i:2;s:8:"compname";s:0:"";s:8:"compcode";s:0:"";s:7:"address";s:0:"";s:3:"tel";s:0:"";s:4:"bank";s:0:"";s:8:"bankcode";s:0:"";}', '0.00', '0.00', '0.00', NULL, NULL, NULL, NULL, '', 10, 0, NULL, NULL, NULL, 0, 0, 0, NULL, '0.00', 0, 0, 0, 0, 0),
(284, '2014082542953269', 58, '2525', '148274006@qq.com', 1763, NULL, '1408944295', 0, 0, '', '', '0', '0', '0', NULL, NULL, '', '', '', NULL, NULL, 0, 0, 'a:7:{s:11:"kaipiaotype";i:2;s:8:"compname";s:0:"";s:8:"compcode";s:0:"";s:7:"address";s:0:"";s:3:"tel";s:0:"";s:4:"bank";s:0:"";s:8:"bankcode";s:0:"";}', '8152.00', '1.00', '7202.00', NULL, NULL, NULL, NULL, '', 10, 0, NULL, NULL, NULL, 0, 0, 0, NULL, '0.00', 0, 0, 0, 0, 0),
(285, '2014082542956869', 58, '2525', '148274006@qq.com', 1763, NULL, '1408944295', 0, 0, '', '', '0', '0', '0', NULL, NULL, '', '', '', NULL, NULL, 0, 0, 'a:7:{s:11:"kaipiaotype";i:2;s:8:"compname";s:0:"";s:8:"compcode";s:0:"";s:7:"address";s:0:"";s:3:"tel";s:0:"";s:4:"bank";s:0:"";s:8:"bankcode";s:0:"";}', '0.00', '0.00', '0.00', NULL, NULL, NULL, NULL, '', 10, 0, NULL, NULL, NULL, 0, 0, 0, NULL, '0.00', 0, 0, 0, 0, 0),
(286, '2014082576103167', 57, '何炽良', '842578586@qq.com', 423, NULL, '1408947610', 0, 0, '', '', '0', '0', '0', NULL, NULL, '', '', '', NULL, NULL, 0, 0, 'a:7:{s:11:"kaipiaotype";i:2;s:8:"compname";s:0:"";s:8:"compcode";s:0:"";s:7:"address";s:0:"";s:3:"tel";s:0:"";s:4:"bank";s:0:"";s:8:"bankcode";s:0:"";}', '14240.75', '0.60', '23550.00', NULL, NULL, NULL, NULL, '', 10, 0, NULL, NULL, NULL, 0, 0, 0, NULL, '0.00', 0, 0, 0, 0, 0),
(287, '2014082576104567', 57, '何炽良', '842578586@qq.com', 423, NULL, '1408947610', 0, 0, '', '', '0', '0', '0', NULL, NULL, '', '', '', NULL, NULL, 0, 0, 'a:7:{s:11:"kaipiaotype";i:2;s:8:"compname";s:0:"";s:8:"compcode";s:0:"";s:7:"address";s:0:"";s:3:"tel";s:0:"";s:4:"bank";s:0:"";s:8:"bankcode";s:0:"";}', '0.00', '0.00', '0.00', NULL, NULL, NULL, NULL, '', 10, 0, NULL, NULL, NULL, 0, 0, 0, NULL, '0.00', 0, 0, 0, 0, 0),
(288, '2014082576462310', 47, '张小辉', '496089992@QQ.com', 2987, NULL, '1408947646', 0, 0, '', '', '0', '0', '0', NULL, NULL, '', '', '', NULL, NULL, 0, 0, 'a:7:{s:11:"kaipiaotype";i:2;s:8:"compname";s:0:"";s:8:"compcode";s:0:"";s:7:"address";s:0:"";s:3:"tel";s:0:"";s:4:"bank";s:0:"";s:8:"bankcode";s:0:"";}', '9410.08', '0.53', '17884.00', NULL, NULL, NULL, NULL, '', 10, 0, NULL, NULL, NULL, 0, 0, 0, NULL, '0.00', 0, 0, 0, 0, 0),
(289, '2014082576467810', 47, '张小辉', '496089992@QQ.com', 2987, NULL, '1408947646', 0, 0, '', '', '0', '0', '0', NULL, NULL, '', '', '', NULL, NULL, 0, 0, 'a:7:{s:11:"kaipiaotype";i:2;s:8:"compname";s:0:"";s:8:"compcode";s:0:"";s:7:"address";s:0:"";s:3:"tel";s:0:"";s:4:"bank";s:0:"";s:8:"bankcode";s:0:"";}', '9410.08', '0.53', '17884.00', NULL, NULL, NULL, NULL, '', 10, 0, NULL, NULL, NULL, 0, 0, 0, NULL, '0.00', 0, 0, 0, 0, 0),
(290, '2014082726756725', 43, '辽宁', 'liaoning@163.com', 1874, NULL, '1409072675', 0, 0, '', '', '0', '0', '0', NULL, NULL, '', '', '', NULL, NULL, 0, 0, 'a:7:{s:11:"kaipiaotype";i:2;s:8:"compname";s:0:"";s:8:"compcode";s:0:"";s:7:"address";s:0:"";s:3:"tel";s:0:"";s:4:"bank";s:0:"";s:8:"bankcode";s:0:"";}', '433.00', '1.00', '433.00', NULL, NULL, NULL, NULL, '', 10, 0, NULL, NULL, NULL, 0, 0, 0, NULL, '0.00', 0, 0, 0, 0, 0),
(291, '2014082759868241', 43, '辽宁', 'liaoning@163.com', 1874, NULL, '1409075986', 0, 0, '', '', '0', '0', '0', NULL, NULL, '', '', '', NULL, NULL, 0, 0, NULL, '451.00', '1.00', '0.00', NULL, NULL, NULL, NULL, '后台操作员【admin】操作', 10, 0, NULL, NULL, NULL, 0, 0, 0, NULL, '0.00', 0, 0, 0, 0, 0),
(292, '2014082762747583', 43, '辽宁', 'liaoning@163.com', 1874, NULL, '1409076274', 0, 0, '', '', '0', '0', '0', NULL, NULL, '', '', '', NULL, NULL, 0, 0, 'a:7:{s:11:"kaipiaotype";i:2;s:8:"compname";s:0:"";s:8:"compcode";s:0:"";s:7:"address";s:0:"";s:3:"tel";s:0:"";s:4:"bank";s:0:"";s:8:"bankcode";s:0:"";}', '615.00', '1.00', '615.00', NULL, NULL, NULL, NULL, '', 10, 0, NULL, NULL, NULL, 0, 0, 0, NULL, '0.00', 0, 0, 0, 0, 0),
(293, '2014082764534756', 43, '辽宁', 'liaoning@163.com', 1874, NULL, '1409076453', 0, 0, '', '', '0', '0', '0', NULL, NULL, '', '', '', NULL, NULL, 0, 0, NULL, '432.00', '1.00', '0.00', NULL, NULL, NULL, NULL, '后台操作员【admin】操作', 10, 0, NULL, NULL, NULL, 0, 0, 0, NULL, '0.00', 0, 0, 0, 0, 0),
(294, '2014082738754973', 54, '福建广鑫', '15927931@qq.com', 227, NULL, '1409103875', 0, 0, '', '', '0', '0', '1409104418', NULL, '1409104477', '', '', '', NULL, '1409104534', 0, 0, 'a:7:{s:11:"kaipiaotype";i:2;s:8:"compname";s:0:"";s:8:"compcode";s:0:"";s:7:"address";s:0:"";s:3:"tel";s:0:"";s:4:"bank";s:0:"";s:8:"bankcode";s:0:"";}', '13841.19', '0.55', '25285.00', NULL, '1409104512', NULL, NULL, '', 60, 0, NULL, NULL, NULL, 0, 0, 0, NULL, '0.00', 0, 0, 0, 0, 0),
(295, '2014082799216928', 53, '谢明齐', '356565656@qq.com', 21, NULL, '1409119920', 0, 0, '', '', '0', '0', '0', NULL, NULL, '', '', '', NULL, NULL, 0, 0, NULL, '32000.00', '1.00', '0.00', NULL, NULL, NULL, NULL, '后台操作员【郑增辉】操作', 10, 0, NULL, NULL, NULL, 0, 0, 0, NULL, '0.00', 0, 0, 0, 0, 0),
(296, '2014082704799341', 46, '张云静', '81616404@qq.com', 1, NULL, '1409120478', 0, 0, '', '', '0', '0', '0', NULL, NULL, '', '', '', NULL, NULL, 0, 0, NULL, '18469.75', '0.65', '0.00', NULL, NULL, NULL, NULL, '后台操作员【丁春永】操作', 10, 0, NULL, NULL, NULL, 0, 0, 0, NULL, '0.00', 0, 0, 0, 0, 0),
(297, '2014082705194367', 38, '北京', 'wsf654@qq.com', 1, NULL, '1409120519', 0, 0, '', '', '0', '0', '0', NULL, NULL, '', '', '', NULL, NULL, 0, 0, NULL, '27030.00', '0.60', '0.00', NULL, NULL, NULL, NULL, '后台操作员【丁春永】操作', 10, 0, NULL, NULL, NULL, 0, 0, 0, NULL, '0.00', 0, 0, 0, 0, 0),
(298, '2014082747769122', 43, '辽宁', 'liaoning@163.com', 1874, NULL, '1409124776', 0, 0, '', '', '0', '0', '0', NULL, NULL, '', '', '', NULL, NULL, 0, 0, 'a:7:{s:11:"kaipiaotype";i:2;s:8:"compname";s:0:"";s:8:"compcode";s:0:"";s:7:"address";s:0:"";s:3:"tel";s:0:"";s:4:"bank";s:0:"";s:8:"bankcode";s:0:"";}', '500.00', '1.00', '500.00', NULL, NULL, NULL, NULL, '', 10, 0, NULL, NULL, NULL, 0, 0, 0, NULL, '0.00', 0, 0, 0, 0, 0),
(299, '2014082748014938', 43, '辽宁', 'liaoning@163.com', 1874, NULL, '1409124801', 0, 0, '', '', '0', '0', '0', NULL, NULL, '', '', '', NULL, NULL, 0, 0, NULL, '3917.00', '1.00', '0.00', NULL, NULL, NULL, NULL, '后台操作员【admin】操作', 10, 0, NULL, NULL, NULL, 0, 0, 0, NULL, '0.00', 0, 0, 0, 0, 0),
(300, '2014082748552852', 43, '辽宁', 'liaoning@163.com', 1874, NULL, '1409124855', 0, 0, '', '', '0', '0', '0', NULL, NULL, '', '', '', NULL, NULL, 0, 0, NULL, '0.00', '1.00', '0.00', NULL, NULL, NULL, NULL, '后台操作员【admin】操作', 10, 0, NULL, NULL, NULL, 0, 0, 0, NULL, '0.00', 0, 0, 0, 0, 0),
(301, '2014082748774306', 43, '辽宁', 'liaoning@163.com', 1874, NULL, '1409124877', 0, 0, '', '', '0', '0', '0', NULL, NULL, '', '', '', NULL, NULL, 0, 0, NULL, '5230.00', '1.00', '0.00', NULL, NULL, NULL, NULL, '后台操作员【admin】操作', 10, 0, NULL, NULL, NULL, 0, 0, 0, NULL, '0.00', 0, 0, 0, 0, 0),
(302, '2014090154208330', 43, '辽宁', 'liaoning@163.com', 1874, NULL, '1409575420', 0, 0, '', '', '0', '0', '0', NULL, NULL, '', '', '', NULL, NULL, 0, 0, 'a:7:{s:11:"kaipiaotype";i:2;s:8:"compname";s:0:"";s:8:"compcode";s:0:"";s:7:"address";s:0:"";s:3:"tel";s:0:"";s:4:"bank";s:0:"";s:8:"bankcode";s:0:"";}', '902.00', '1.00', '902.00', NULL, NULL, NULL, NULL, '', 10, 0, NULL, NULL, NULL, 0, 0, 0, NULL, '0.00', 0, 0, 0, 0, 0),
(303, '2014090156792653', 43, '辽宁', 'liaoning@163.com', 1874, NULL, '1409575679', 0, 0, '', '', '0', '0', '0', NULL, NULL, '', '', '', NULL, NULL, 0, 0, 'a:0:{}', '1450.00', '1.00', '1450.00', NULL, NULL, NULL, NULL, '', 10, 0, NULL, NULL, NULL, 0, 0, 0, NULL, '0.00', 0, 0, 0, 0, 0),
(304, '2014090660773042', 61, 'qianhaiyou', 'qianhaiyou@163.com', 3133, NULL, '1409936077', 0, 0, '', '', '0', '0', '1409936447', NULL, '1409936472', '', '', '', NULL, NULL, 0, 0, 'a:2:{s:11:"kaipiaotype";i:1;s:8:"compname";s:9:"钱海有";}', '6417.00', '1.00', '6417.00', NULL, NULL, NULL, NULL, '', 30, 0, NULL, NULL, NULL, 0, 0, 0, 3, '0.00', 0, 0, 0, 0, 1),
(305, '2014090697794125', 61, 'qianhaiyou', 'qianhaiyou@163.com', 3133, NULL, '1409939779', 0, 0, '', '', '0', '0', '0', NULL, NULL, '', '', '', NULL, NULL, 0, 0, 'a:7:{s:11:"kaipiaotype";i:2;s:8:"compname";s:12:"今日科技";s:8:"compcode";s:5:"11222";s:7:"address";s:4:"2222";s:3:"tel";s:11:"18766663333";s:4:"bank";s:6:"广东";s:8:"bankcode";s:5:"11111";}', '1593.00', '1.00', '1593.00', NULL, NULL, NULL, NULL, '', 10, 0, NULL, NULL, NULL, 0, 0, 0, NULL, '0.00', 0, 0, 0, 0, 1),
(306, '2014090699658863', 43, '辽宁', 'liaoning@163.com', 1874, NULL, '1409939965', 0, 0, '', '', '0', '0', '0', NULL, NULL, '', '', '', NULL, NULL, 0, 0, NULL, '0.00', '0.00', '0.00', NULL, NULL, NULL, NULL, '后台操作员【admin】操作', 10, 0, NULL, NULL, NULL, 0, 0, 0, NULL, '0.00', 0, 0, 0, 0, 1);

-- --------------------------------------------------------

--
-- 表的结构 `db_order_address`
--

CREATE TABLE IF NOT EXISTS `db_order_address` (
  `oadd_id` int(11) NOT NULL AUTO_INCREMENT COMMENT '订单id',
  `true_name` varchar(50) NOT NULL COMMENT '收货人姓名',
  `area_id` int(11) NOT NULL COMMENT '地区id',
  `area_info` varchar(100) NOT NULL COMMENT '地区内容',
  `address` varchar(200) NOT NULL COMMENT '详细地址',
  `zip_code` varchar(20) NOT NULL COMMENT '邮政编码',
  `tel_phone` varchar(20) NOT NULL COMMENT '电话号码',
  `mob_phone` varchar(20) NOT NULL COMMENT '手机号码',
  `shipping_fee` decimal(10,2) NOT NULL COMMENT '配送费用',
  `shipping_id` int(11) NOT NULL COMMENT '配送方式id',
  `shipping_name` varchar(50) NOT NULL COMMENT '配送方式名称',
  `ship_id` int(11) NOT NULL COMMENT '送货时间的id ',
  `ship_time_name` varchar(50) NOT NULL COMMENT '送货时间 ',
  `order_id` int(11) DEFAULT NULL COMMENT '订单索引ID',
  PRIMARY KEY (`oadd_id`)
) ENGINE=MyISAM  DEFAULT CHARSET=utf8 COMMENT='订单配送信息表' AUTO_INCREMENT=307 ;

--
-- 转存表中的数据 `db_order_address`
--

INSERT INTO `db_order_address` (`oadd_id`, `true_name`, `area_id`, `area_info`, `address`, `zip_code`, `tel_phone`, `mob_phone`, `shipping_fee`, `shipping_id`, `shipping_name`, `ship_id`, `ship_time_name`, `order_id`) VALUES
(2, 'jean', 3134, '浙江	杭州市	滨江区', '彩虹城41栋2004室', '310053', '15807499054', '', '10.00', 1, '运费模块', 2, '周一至周五', 7),
(3, 'jean', 3134, '浙江	杭州市	滨江区', '彩虹城41栋2004室', '310053', '15807499054', '', '10.00', 1, '运费模块', 2, '周一至周五', 8),
(4, '测试数据', 2, '北京	北京市	密云县', '测试数据', '132302', '12345678901', '', '28.00', 1, '运费模块', 1, '时间不限', 22),
(5, '测试数据', 2, '北京	北京市	密云县', '测试数据', '132302', '12345678901', '', '28.00', 1, '运费模块', 2, '周一至周五', 24),
(13, 'jean', 3134, '浙江	杭州市	滨江区', '彩虹城41栋2004室', '310053', '15807499054', '', '384.00', 1, '运费模块', 2, '周一至周五', 116),
(14, 'jean', 3134, '浙江	杭州市	滨江区', '彩虹城41栋2004室', '310053', '15807499054', '', '18.00', 1, '运费模块', 2, '周一至周五', 125),
(16, '洪刚', 3201, '浙江	绍兴市	诸暨市', '店口镇解放路三新科技创业园一号楼', '311835', '15180699636', '', '12.00', 1, '运费模块', 2, '周一至周五', 133),
(17, '洪刚', 3201, '浙江	绍兴市	诸暨市', '店口镇解放路三新科技创业园一号楼', '311835', '15180699636', '', '10.00', 1, '运费模块', 2, '周一至周五', 139),
(18, '洪刚', 3201, '浙江	绍兴市	诸暨市', '店口镇解放路三新科技创业园一号楼', '311835', '15180699636', '', '10.00', 1, '运费模块', 2, '周一至周五', 141),
(19, '洪刚', 3201, '浙江	绍兴市	诸暨市', '店口镇解放路三新科技创业园一号楼', '311835', '15180699636', '', '10.00', 1, '运费模块', 2, '周一至周五', 142),
(29, 'jean', 2083, '内蒙古	锡林郭勒盟	正镶白旗', '彩虹城41栋2004室', '310053', '15807499054', '', '40.00', 1, '运费模块', 2, '周一至周五', 169),
(30, '洪刚', 3201, '浙江	绍兴市	诸暨市', '店口镇解放路三新科技创业园一号楼', '311835', '15180699636', '', '12.00', 1, '运费模块', 2, '周一至周五', 174),
(32, '测试数据', 2, '北京	北京市	密云县', '测试数据', '132302', '12345678901', '', '10.00', 1, '运费模块', 2, '周一至周五', 184),
(33, '测试数据', 2, '北京	北京市	密云县', '测试数据', '132302', '12345678901', '', '10.00', 1, '运费模块', 2, '周一至周五', 186),
(34, '测试数据', 2, '北京	北京市	密云县', '测试数据', '132302', '12345678901', '', '10.00', 1, '运费模块', 2, '周一至周五', 187),
(35, '测试数据', 2, '北京	北京市	密云县', '测试数据', '132302', '12345678901', '', '10.00', 1, '运费模块', 2, '周一至周五', 191),
(37, '测试数据', 2, '北京	北京市	密云县', '测试数据', '132302', '12345678901', '', '12.00', 1, '运费模块', 2, '周一至周五', 194),
(39, '测试数据', 2, '北京	北京市	密云县', '测试数据', '132302', '12345678901', '', '10.00', 1, '运费模块', 2, '周一至周五', 197),
(41, '洪刚', 3201, '浙江	绍兴市	诸暨市', '店口镇解放路三新科技创业园一号楼', '311835', '15180699636', '', '10.00', 1, '运费模块', 2, '周一至周五', 199),
(44, '洪刚', 3201, '浙江	绍兴市	诸暨市', '店口镇解放路三新科技创业园一号楼', '311835', '15180699636', '', '12.00', 1, '运费模块', 2, '周一至周五', 202),
(43, '测试数据', 2, '北京	北京市	密云县', '测试数据', '132302', '12345678901', '', '10.00', 1, '运费模块', 2, '周一至周五', 201),
(45, '洪刚', 3201, '浙江	绍兴市	诸暨市', '店口镇解放路三新科技创业园一号楼', '311835', '15180699636', '', '10.00', 1, '运费模块', 2, '周一至周五', 204),
(48, '李政', 1859, '江西	宜春市	樟树市', '洼地', '123243', '24354653452', '', '10.00', 1, '运费模块', 2, '周一至周五', 218),
(230, '许则林', 3137, '浙江	杭州市	江干区', '笕桥路168号', '330000', '88228833', '13336141522', '0.00', 0, '', 0, '', 2147483647),
(231, '许则林', 3137, '浙江	杭州市	江干区', '笕桥路168号', '330000', '88228833', '13336141522', '0.00', 0, '', 0, '', 2147483647),
(232, '许则林', 3137, '浙江	杭州市	江干区', '笕桥路168号', '330000', '88228833', '13336141522', '0.00', 0, '', 0, '', 2147483647),
(233, '许则林', 3137, '浙江	杭州市	江干区', '笕桥路168号', '330000', '88228833', '13336141522', '0.00', 0, '', 0, '', 2147483647),
(234, '许则林', 3137, '浙江	杭州市	江干区', '笕桥路168号', '330000', '88228833', '13336141522', '0.00', 0, '', 0, '', 2147483647),
(235, '许则林', 3137, '浙江	杭州市	江干区', '笕桥路168号', '330000', '88228833', '13336141522', '0.00', 0, '', 0, '', 2147483647),
(236, '桓桓', 2217, '山东	东营市	垦利县', '啊阿 233啊阿', '', '', '13336141529', '0.00', 0, '', 0, '', 2147483647),
(237, '洪刚', 3205, '浙江	绍兴市	诸暨市', '店口镇解放路三新科技创业园一号楼', '311835', '', '15180699636', '0.00', 0, '', 0, '', 2147483647),
(239, '桓桓', 2217, '山东	东营市	垦利县', '啊阿 233啊阿', '', '', '13336141529', '0.00', 0, '', 0, '', 2147483647),
(241, '许则林', 3137, '浙江	杭州市	江干区', '笕桥路168号', '330000', '88228833', '13336141522', '0.00', 0, '', 0, '', 2147483647),
(242, '许则林', 3137, '浙江	杭州市	江干区', '笕桥路168号', '330000', '88228833', '13336141522', '0.00', 0, '', 0, '', 2147483647),
(244, '洪刚', 3205, '浙江	绍兴市	诸暨市', '店口镇解放路三新科技创业园一号楼', '311835', '', '15180699636', '0.00', 0, '', 0, '', 2147483647),
(245, '许则林', 3137, '浙江	杭州市	江干区', '笕桥路168号', '330000', '88228833', '13336141522', '0.00', 0, '', 0, '', 2147483647),
(249, '许则林', 3137, '浙江	杭州市	江干区', '笕桥路168号', '330000', '88228833', '13336141522', '0.00', 0, '', 0, '', 2147483647),
(250, '许则林', 3137, '浙江	杭州市	江干区', '笕桥路168号', '330000', '88228833', '13336141522', '0.00', 0, '', 0, '', 2147483647),
(251, '许则林', 3137, '浙江	杭州市	江干区', '笕桥路168号', '330000', '88228833', '13336141522', '0.00', 0, '', 0, '', 2147483647),
(252, '洪刚', 3205, '浙江	绍兴市	诸暨市', '店口镇解放路三新科技创业园一号楼', '311835', '', '15180699636', '0.00', 0, '', 0, '', 2147483647),
(253, '洪刚', 3205, '浙江	绍兴市	诸暨市', '店口镇解放路三新科技创业园一号楼', '311835', '', '15180699636', '0.00', 0, '', 0, '', 2147483647),
(254, '123', 1868, '江西	宜春市	樟树市', '123153123', '', '', '13865982356', '0.00', 0, '', 0, '', 2147483647),
(255, 'XXX', 2294, '山东	威海市	环翠区', 'XXXXX', '312542', '058888888888', '13888888888', '0.00', 0, '', 0, '', 2147483647),
(256, 'XXX', 2294, '山东	威海市	环翠区', 'XXXXX', '312542', '058888888888', '13888888888', '0.00', 0, '', 0, '', 2147483647),
(257, 'XXX', 2294, '山东	威海市	环翠区', 'XXXXX', '312542', '058888888888', '13888888888', '0.00', 0, '', 0, '', 2147483647),
(258, 'XXX', 2294, '山东	威海市	环翠区', 'XXXXX', '312542', '058888888888', '13888888888', '0.00', 0, '', 0, '', 2147483647),
(259, 'XXX', 2294, '山东	威海市	环翠区', 'XXXXX', '312542', '058888888888', '13888888888', '0.00', 0, '', 0, '', 2147483647),
(260, 'XXX', 1915, '辽宁	大连市	沙河口区', 'XXXXXXXXXXXX', '3465456', '83145689', '13889895656', '0.00', 0, '', 0, '', 2147483647),
(261, 'XXX', 1915, '辽宁	大连市	沙河口区', 'XXXXXXXXXXXX', '3465456', '83145689', '13889895656', '0.00', 0, '', 0, '', 2147483647),
(262, 'XXX', 2294, '山东	威海市	环翠区', 'XXXXX', '312542', '058888888888', '13888888888', '0.00', 0, '', 0, '', 2147483647),
(263, '划算', 2069, '内蒙古	乌海市	海南区', '宏达手机网额', '', '', '13666666666', '0.00', 0, '', 0, '', 2147483647),
(264, '许志', 2279, '山东	青岛市	胶南市', '祥园路38号', '', '', '13336141527', '0.00', 0, '', 0, '', 2147483647),
(265, '许志', 2279, '山东	青岛市	胶南市', '祥园路38号', '', '', '13336141527', '0.00', 0, '', 0, '', 2147483647),
(266, '划算', 2069, '内蒙古	乌海市	海南区', '宏达手机网额', '', '', '13666666666', '0.00', 0, '', 0, '', 2147483647),
(267, '划算', 2069, '内蒙古	乌海市	海南区', '宏达手机网额', '', '', '13666666666', '0.00', 0, '', 0, '', 2147483647),
(268, '张云静', 8, '北京	北京市	丰台区', '玉泉营京开市场', '', '', '13521613039', '0.00', 0, '', 0, '', 2147483647),
(269, '马坤', 0, '贵州	贵阳市', '花果园太升五金机电老市场1楼A11', '', '0851-5664029', '13984168768', '0.00', 0, '', 0, '', 2147483647),
(270, '马坤', 0, '贵州	贵阳市', '花果园太升五金机电老市场1楼A11', '', '0851-5664029', '13984168768', '0.00', 0, '', 0, '', 2147483647),
(271, '马坤', 0, '贵州	贵阳市', '花果园太升五金机电老市场1楼A11', '', '0851-5664029', '13984168768', '0.00', 0, '', 0, '', 2147483647),
(272, '马坤', 0, '贵州	贵阳市', '花果园太升五金机电老市场1楼A11', '', '0851-5664029', '13984168768', '0.00', 0, '', 0, '', 2147483647),
(273, '马坤', 0, '贵州	贵阳市', '花果园太升五金机电老市场1楼A11', '', '0851-5664029', '13984168768', '0.00', 0, '', 0, '', 2147483647),
(274, '王美莲', 307, '福建	厦门市	集美区', '灌南路', '', '', '13858567600', '0.00', 0, '', 0, '', 2147483647),
(275, '王舒', 3184, '浙江	宁波市	江东区', '惊驾路857号', '', '0574-87930218', '13429393189', '0.00', 0, '', 0, '', 2147483647),
(276, '何炽良', 0, '广东	东莞市', '莞城区元岭路123号', '', '0769-22813228', '13602332102', '0.00', 0, '', 0, '', 2147483647),
(277, '何炽良', 0, '广东	东莞市', '莞城区元岭路123号', '', '0769-22813228', '13602332102', '0.00', 0, '', 0, '', 2147483647),
(278, '王美莲', 307, '福建	厦门市	集美区', '灌南路', '', '', '13858567600', '0.00', 0, '', 0, '', 2147483647),
(279, '王美莲', 307, '福建	厦门市	集美区', '灌南路', '', '', '13858567600', '0.00', 0, '', 0, '', 2147483647),
(280, '何炽良', 0, '广东	东莞市', '莞城区元岭路123号', '', '0769-22813228', '13602332102', '0.00', 0, '', 0, '', 2147483647),
(281, '何炽良', 0, '广东	东莞市', '莞城区元岭路123号', '', '0769-22813228', '13602332102', '0.00', 0, '', 0, '', 2147483647),
(282, '王美莲', 307, '福建	厦门市	集美区', '灌南路', '', '', '13858567600', '0.00', 0, '', 0, '', 2147483647),
(283, '王美莲', 307, '福建	厦门市	集美区', '灌南路', '', '', '13858567600', '0.00', 0, '', 0, '', 2147483647),
(284, '周莹莹', 1797, '江西	赣州市	宁都县', '人民路1号', '', '', '18767519806', '0.00', 0, '', 0, '', 2147483647),
(285, '周莹莹', 1797, '江西	赣州市	宁都县', '人民路1号', '', '', '18767519806', '0.00', 0, '', 0, '', 2147483647),
(286, '何炽良', 0, '广东	东莞市', '莞城区元岭路123号', '', '0769-22813228', '13602332102', '0.00', 0, '', 0, '', 2147483647),
(287, '何炽良', 0, '广东	东莞市', '莞城区元岭路123号', '', '0769-22813228', '13602332102', '0.00', 0, '', 0, '', 2147483647),
(288, '张小辉', 2994, '云南	昆明市	呈贡县', '会员等级：一级经销商', '', '', '13155202411', '0.00', 0, '', 0, '', 2147483647),
(289, '张小辉', 2994, '云南	昆明市	呈贡县', '会员等级：一级经销商', '', '', '13155202411', '0.00', 0, '', 0, '', 2147483647),
(290, '许志', 2279, '山东	青岛市	胶南市', '祥园路38号', '', '', '13336141527', '0.00', 0, '', 0, '', 2147483647),
(291, '许志', 2279, '山东	青岛市	胶南市', '祥园路38号', '', '', '13336141527', '0.00', 0, '', 0, '', 2147483647),
(292, '许志', 2279, '山东	青岛市	胶南市', '祥园路38号', '', '', '13336141527', '0.00', 0, '', 0, '', 2147483647),
(293, '许志', 2279, '山东	青岛市	胶南市', '祥园路38号', '', '', '13336141527', '0.00', 0, '', 0, '', 2147483647),
(294, '王美莲', 307, '福建	厦门市	集美区', '灌南路', '', '', '13858567600', '0.00', 0, '', 0, '', 2147483647),
(296, '张云静', 8, '北京	北京市	丰台区', '玉泉营京开市场', '', '', '13521613039', '0.00', 0, '', 0, '', 2147483647),
(298, '许志', 2279, '山东	青岛市	胶南市', '祥园路38号', '', '', '13336141527', '0.00', 0, '', 0, '', 2147483647),
(299, '许志', 2279, '山东	青岛市	胶南市', '祥园路38号', '', '', '13336141527', '0.00', 0, '', 0, '', 2147483647),
(300, '许志', 2279, '山东	青岛市	胶南市', '祥园路38号', '', '', '13336141527', '0.00', 0, '', 0, '', 2147483647),
(301, '许志', 2279, '山东	青岛市	胶南市', '祥园路38号', '', '', '13336141527', '0.00', 0, '', 0, '', 2147483647),
(302, '许志', 2279, '山东	青岛市	胶南市', '祥园路38号', '', '', '13336141527', '0.00', 0, '', 0, '', 2147483647),
(303, '许志', 2279, '山东	青岛市	胶南市', '祥园路38号', '', '', '13336141527', '0.00', 0, '', 0, '', 2147483647),
(304, '钱海有', 3139, '浙江	杭州市	西湖区', '文一西路', '310014', '', '18667005051', '0.00', 0, '', 0, '', 2147483647),
(305, '钱海有', 3139, '浙江	杭州市	西湖区', '文一西路', '310014', '', '18667005051', '0.00', 0, '', 0, '', 2147483647),
(306, '许志', 2279, '山东	青岛市	胶南市', '祥园路38号', '', '', '13336141527', '0.00', 0, '', 0, '', 2147483647);

-- --------------------------------------------------------

--
-- 表的结构 `db_order_goods`
--

CREATE TABLE IF NOT EXISTS `db_order_goods` (
  `rec_id` int(11) NOT NULL AUTO_INCREMENT COMMENT '订单商品表索引id',
  `user_id` int(11) NOT NULL,
  `order_id` int(11) NOT NULL COMMENT '订单id',
  `goods_id` int(11) NOT NULL COMMENT '商品id',
  `cate_id` int(11) NOT NULL DEFAULT '0' COMMENT '分类ID',
  `subcate_id` int(11) DEFAULT '0' COMMENT '二级分类ID',
  `goods_name` varchar(100) NOT NULL COMMENT '商品名称',
  `promotion_id` int(11) NOT NULL COMMENT '限时抢购的id',
  `spec_id` int(11) NOT NULL COMMENT '规格id',
  `spec_info` varchar(50) DEFAULT NULL COMMENT '规格描述',
  `spec_mishu` decimal(12,2) NOT NULL COMMENT '米数',
  `goods_price` decimal(10,2) NOT NULL COMMENT '商品价格',
  `pre_price` decimal(10,2) NOT NULL COMMENT '原价格',
  `goods_num` int(11) NOT NULL COMMENT '商品数量',
  `goods_image` varchar(100) DEFAULT NULL COMMENT '商品图片',
  `evaluation` tinyint(1) NOT NULL DEFAULT '0' COMMENT '评价类型: 1好评 2中评 3差评',
  `comment` varchar(255) DEFAULT NULL COMMENT '评论',
  `evaluation_state` tinyint(1) DEFAULT '1' COMMENT '评价信息的状态 0为正常 1为禁止显示(购买不支付) 2 为取消评价 3后台删除',
  `evaluation_remark` varchar(500) DEFAULT NULL COMMENT '管理员对评价的处理备注',
  `returns_state` int(2) DEFAULT '0' COMMENT '0无退货1部分退货2全部退货',
  `returns_num` int(10) DEFAULT '0' COMMENT '退货数量',
  `goods_returnnum` int(10) unsigned DEFAULT '0' COMMENT '退货数量',
  PRIMARY KEY (`rec_id`)
) ENGINE=MyISAM  DEFAULT CHARSET=utf8 COMMENT='订单商品表' AUTO_INCREMENT=129 ;

--
-- 转存表中的数据 `db_order_goods`
--

INSERT INTO `db_order_goods` (`rec_id`, `user_id`, `order_id`, `goods_id`, `cate_id`, `subcate_id`, `goods_name`, `promotion_id`, `spec_id`, `spec_info`, `spec_mishu`, `goods_price`, `pre_price`, `goods_num`, `goods_image`, `evaluation`, `comment`, `evaluation_state`, `evaluation_remark`, `returns_state`, `returns_num`, `goods_returnnum`) VALUES
(1, 1, 7, 23, 0, 0, '意大利绿雾蓝波斯克微泡甜红葡萄酒', 0, 926, '年份:1981&nbsp;', '0.00', '108.00', '0.00', 1, 'uploadfile/shops/0/2013/12/1386124960564s0.jpg', 0, NULL, 0, NULL, 0, 0, 0),
(2, 1, 8, 22, 0, 0, '酒廊锐珍2000半干红', 0, 925, '年份:1981&nbsp;', '0.00', '190.00', '0.00', 1, 'uploadfile/shops/0/2013/12/13861246542068s0.jpg', 0, '', 0, NULL, 2, 1, 0),
(3, 2, 22, 26, 0, 0, '智利中央山谷圣卡罗美景2010半干红葡萄酒', 0, 929, '年份:2010&nbsp;', '0.00', '105.00', '0.00', 10, 'uploadfile/shops/0/2013/12/13861253955511s0.jpg', 0, NULL, 1, NULL, 0, 0, 0),
(4, 2, 24, 26, 0, 0, '智利中央山谷圣卡罗美景2010半干红葡萄酒', 0, 929, '年份:2010&nbsp;', '0.00', '105.00', '0.00', 10, 'uploadfile/shops/0/2013/12/13861253955511s0.jpg', 0, NULL, 1, NULL, 0, 0, 0),
(5, 1, 125, 26, 0, 0, '智利中央山谷圣卡罗美景2010半干红葡萄酒', 0, 929, '年份:2010&nbsp;', '0.00', '105.00', '0.00', 1, 'uploadfile/shops/0/2013/12/13861253955511s0.jpg', 0, NULL, 1, NULL, 0, 0, 0),
(6, 1, 125, 20, 0, 0, '德国巴登半干红葡萄酒 ', 0, 923, '年份:1981&nbsp;', '0.00', '129.00', '0.00', 4, 'uploadfile/shops/0/2013/12/13861244310379s0.jpg', 0, NULL, 1, NULL, 0, 0, 0),
(7, 3, 133, 38, 0, 0, '111', 0, 944, '年份:1982&nbsp;', '0.00', '41.00', '0.00', 2, 'uploadfile/shops/0/2013/12/13863135100168s0.jpg', 0, NULL, 1, NULL, 0, 0, 0),
(8, 3, 139, 30, 0, 0, '天特加本力苏维翁干红', 11, 933, '年份:1981&nbsp;', '0.00', '789.00', '0.00', 1, 'uploadfile/shops/0/2013/12/13861262020072s0.jpg', 0, NULL, 1, NULL, 0, 0, 0),
(9, 3, 141, 23, 0, 0, '意大利绿雾蓝波斯克微泡甜红葡萄酒', 0, 926, '年份:1981&nbsp;', '0.00', '108.00', '0.00', 1, 'uploadfile/shops/0/2013/12/1386124960564s0.jpg', 0, NULL, 1, NULL, 2, 1, 0),
(10, 3, 142, 23, 0, 0, '意大利绿雾蓝波斯克微泡甜红葡萄酒', 0, 926, '年份:1981&nbsp;', '0.00', '108.00', '0.00', 1, 'uploadfile/shops/0/2013/12/1386124960564s0.jpg', 0, NULL, 1, NULL, 0, 0, 0),
(11, 3, 174, 13, 0, 0, '法国波尔多欧露利翁2010干红葡萄酒', 0, 916, ' ', '0.00', '99.00', '0.00', 2, 'uploadfile/shops/0/2013/12/1386121705556s0.jpg', 0, NULL, 1, NULL, 0, 0, 0),
(12, 2, 184, 27, 0, 0, '法国波尔多花儿2010干白葡萄酒', 0, 930, '年份:1981&nbsp;', '0.00', '178.00', '0.00', 1, 'uploadfile/shops/0/2013/12/1386125592328s0.jpg', 1, '商品不错', 0, NULL, 2, 1, 0),
(13, 2, 186, 27, 0, 0, '法国波尔多花儿2010干白葡萄酒', 0, 930, '年份:1981&nbsp;', '0.00', '178.00', '0.00', 1, 'uploadfile/shops/0/2013/12/1386125592328s0.jpg', 0, NULL, 1, NULL, 0, 0, 0),
(14, 2, 187, 25, 0, 0, '绿雾甜红葡萄酒', 0, 928, ' ', '0.00', '98.00', '0.00', 1, 'uploadfile/shops/0/2013/12/13861252413612s0.jpg', 0, NULL, 1, NULL, 0, 0, 0),
(15, 2, 191, 30, 0, 0, '天特加本力苏维翁干红', 11, 933, '年份:1981&nbsp;', '0.00', '789.00', '0.00', 1, 'uploadfile/shops/0/2013/12/13861262020072s0.jpg', 0, NULL, 1, NULL, 0, 0, 0),
(16, 2, 194, 25, 0, 0, '绿雾甜红葡萄酒', 0, 928, ' ', '0.00', '98.00', '0.00', 1, 'uploadfile/shops/0/2013/12/13861252413612s0.jpg', 0, NULL, 1, NULL, 0, 0, 0),
(17, 2, 194, 28, 0, 0, '德国蓝色多瑙河1号白葡萄酒', 0, 931, '年份:1981&nbsp;', '0.00', '99.00', '0.00', 1, 'uploadfile/shops/0/2013/12/13861256845837s0.jpg', 0, NULL, 1, NULL, 0, 0, 0),
(18, 2, 197, 27, 0, 0, '法国波尔多花儿2010干白葡萄酒', 0, 930, '年份:1981&nbsp;', '0.00', '178.00', '0.00', 1, 'uploadfile/shops/0/2013/12/1386125592328s0.jpg', 0, NULL, 1, NULL, 0, 0, 0),
(19, 3, 199, 30, 0, 0, '天特加本力苏维翁干红', 11, 933, '年份:1981&nbsp;', '0.00', '789.00', '0.00', 1, 'uploadfile/shops/0/2013/12/13861262020072s0.jpg', 0, NULL, 1, NULL, 0, 0, 0),
(20, 2, 201, 15, 0, 0, '法国八龙阁优等波尔多红葡萄酒', 0, 918, '年份:2010&nbsp;', '0.00', '109.00', '0.00', 1, 'uploadfile/shops/0/2013/12/1386122466037s0.jpg', 0, NULL, 1, NULL, 0, 0, 0),
(21, 3, 202, 25, 0, 0, '绿雾甜红葡萄酒', 0, 928, ' ', '0.00', '98.00', '0.00', 1, 'uploadfile/shops/0/2013/12/13861252413612s0.jpg', 0, NULL, 1, NULL, 0, 0, 0),
(22, 3, 202, 30, 0, 0, '天特加本力苏维翁干红', 11, 933, '年份:1981&nbsp;', '0.00', '789.00', '0.00', 1, 'uploadfile/shops/0/2013/12/13861262020072s0.jpg', 0, NULL, 1, NULL, 0, 0, 0),
(23, 3, 204, 30, 0, 0, '天特加本力苏维翁干红', 11, 933, '年份:1981&nbsp;', '0.00', '789.00', '0.00', 1, 'uploadfile/shops/0/2013/12/13861262020072s0.jpg', 0, NULL, 1, NULL, 0, 0, 0),
(24, 2, 218, 30, 0, 0, '天特加本力苏维翁干红', 11, 933, '年份:1981&nbsp;', '0.00', '789.00', '0.00', 1, 'uploadfile/shops/0/2013/12/13861262020072s0.jpg', 0, NULL, 1, NULL, 0, 0, 0),
(25, 0, 221, 48, 0, 0, 'onemore', 0, 2, '', '0.00', '0.00', '0.00', 6, 'uploadfile/shops/0/2014/06/14029084937359s0.png', 0, '亲，早点发货哦', 0, '', 0, 0, 0),
(26, 0, 221, 46, 0, 0, 'ceshi222', 0, 5, '', '0.00', '0.00', '0.00', 4, 'uploadfile/shops/0/2014/06/14029056862429s0.png', 0, '', 0, '', 0, 0, 0),
(27, 0, 221, 29, 0, 0, '舞台环链电动葫芦', 0, 2, '', '0.00', '0.00', '0.00', 4, 'uploadfile/shops/0/2014/05/1401036511818s0.jpg', 0, '', 0, '', 0, 0, 0),
(28, 0, 222, 46, 0, 0, 'ceshi222', 0, 5, '', '0.00', '116.85', '0.00', 3, 'uploadfile/shops/0/2014/06/14029056862429s0.png', 0, '亲，早点发货啊', 0, '', 0, 0, 0),
(29, 0, 222, 48, 0, 0, 'onemore', 0, 2, '', '0.00', '754.30', '0.00', 1, 'uploadfile/shops/0/2014/06/14029084937359s0.png', 0, '', 0, '', 0, 0, 0),
(30, 0, 223, 46, 0, 0, 'ceshi222', 0, 5, '', '0.00', '116.85', '0.00', 5, 'uploadfile/shops/0/2014/06/14029056862429s0.png', 0, '快点发货', 0, '', 0, 0, 0),
(31, 0, 223, 48, 0, 0, 'onemore', 0, 1, '', '0.00', '457.90', '0.00', 5, 'uploadfile/shops/0/2014/06/14029084937359s0.png', 0, '', 0, '', 0, 0, 0),
(32, 0, 224, 47, 0, 0, '阿呆沙发的', 0, 5, '', '0.00', '152.00', '0.00', 10, '', 0, '', 0, '', 1, 0, 0),
(33, 0, 225, 40, 0, 0, 'SHH816 型新款环链电动葫芦', 0, 2, '', '0.00', '428.45', '0.00', 20, 'uploadfile/shops/0/2014/05/14010214633202s0.jpg', 0, '', 0, '', 0, 0, 0),
(34, 0, 226, 48, 0, 0, 'onemore', 0, 2, '', '0.00', '690.65', '0.00', 4, 'uploadfile/shops/0/2014/06/14029084937359s0.png', 0, '11111aaa', 0, '', 0, 0, 0),
(35, 0, 226, 46, 0, 0, 'ceshi222', 0, 0, '', '0.00', '116.85', '0.00', 8, 'uploadfile/shops/0/2014/06/14029056862429s0.png', 0, '2222bbb', 0, '', 0, 0, 0),
(36, 0, 227, 48, 0, 0, 'onemore', 0, 2, '', '0.00', '754.30', '0.00', 1, 'uploadfile/shops/0/2014/06/14029084937359s0.png', 0, '别搞错哦', 0, '', 1, 0, 0),
(37, 0, 227, 40, 0, 0, 'SHH816 型新款环链电动葫芦', 0, 2, '', '0.00', '428.45', '0.00', 2, 'uploadfile/shops/0/2014/05/14010214633202s0.jpg', 0, '记得尺寸', 0, '', 1, 0, 0),
(38, 0, 228, 48, 0, 0, 'onemore', 0, 1, '', '0.00', '0.00', '0.00', 2, 'uploadfile/shops/0/2014/06/14029084937359s0.png', 0, 'CCC', 0, '', 0, 0, 0),
(39, 0, 229, 48, 0, 0, 'onemore', 0, 2, '', '0.00', '754.30', '0.00', 1, 'uploadfile/shops/0/2014/06/14029084937359s0.png', 0, '', 0, '', 0, 0, 0),
(40, 0, 230, 48, 0, 0, 'onemore', 0, 2, '', '0.00', '0.00', '0.00', 8, 'uploadfile/shops/0/2014/06/14029084937359s0.png', 0, '', 0, '', 0, 0, 0),
(41, 0, 231, 48, 0, 0, 'onemore', 0, 2, '', '0.00', '754.30', '0.00', 2, 'uploadfile/shops/0/2014/06/14029084937359s0.png', 0, 'ccc', 0, '', 0, 0, 0),
(42, 0, 232, 48, 0, 0, 'onemore', 0, 2, '', '10.00', '754.30', '0.00', 2, 'uploadfile/shops/0/2014/06/14029084937359s0.png', 0, '', 0, '', 1, 0, 0),
(43, 0, 233, 46, 0, 0, 'ceshi222', 0, 5, '', '0.00', '116.85', '0.00', 2, 'uploadfile/shops/0/2014/06/14029056862429s0.png', 0, '', 0, '', 1, 0, 0),
(44, 0, 233, 48, 0, 0, 'onemore', 0, 2, '', '2.50', '428.45', '0.00', 2, 'uploadfile/shops/0/2014/06/14029084937359s0.png', 0, '', 0, '', 0, 0, 0),
(45, 0, 234, 29, 0, 0, '舞台环链电动葫芦', 0, 1, '', '0.00', '364.80', '0.00', 1, 'uploadfile/shops/0/2014/05/1401036511818s0.jpg', 0, '', 0, '', 1, 0, 0),
(46, 0, 235, 48, 0, 0, 'onemore', 0, 1, '', '9.00', '644.10', '0.00', 2, 'uploadfile/shops/0/2014/06/14029084937359s0.png', 0, '', 0, '', 0, 0, 0),
(47, 0, 236, 29, 0, 0, '舞台环链电动葫芦', 0, 2, '', '6.00', '568.10', '0.00', 2, NULL, 0, '', 0, '', 0, 0, 0),
(48, 0, 237, 40, 0, 0, 'SHH816 型新款环链电动葫芦', 0, 3, '', '3.00', '521.55', '0.00', 1, 'uploadfile/shops/0/2014/05/14010214633202s0.jpg', 0, '', 0, '', 0, 0, 0),
(49, 0, 238, 40, 0, 0, 'SHH816 型新款环链电动葫芦', 0, 2, '', '3.77', '464.29', '0.00', 2, 'uploadfile/shops/0/2014/05/14010214633202s0.jpg', 0, '', 0, '', 0, 0, 0),
(50, 0, 239, 29, 0, 0, '舞台环链电动葫芦', 0, 1, '', '3.00', '364.80', '0.00', 1, 'uploadfile/shops/0/2014/05/1401036511818s0.jpg', 0, '', 0, '', 0, 0, 0),
(51, 0, 240, 40, 0, 0, 'SHH816 型新款环链电动葫芦', 0, 1, '', '3.00', '364.80', '0.00', 1, 'uploadfile/shops/0/2014/05/14010214633202s0.jpg', 0, '', 0, '', 0, 0, 0),
(52, 0, 241, 40, 0, 0, 'SHH816 型新款环链电动葫芦', 0, 2, '', '3.00', '428.45', '0.00', 1, 'uploadfile/shops/0/2014/05/14010214633202s0.jpg', 0, '', 0, '', 0, 0, 0),
(53, 0, 242, 29, 0, 0, '舞台环链电动葫芦', 0, 2, '', '3.00', '428.45', '0.00', 1, 'uploadfile/shops/0/2014/05/1401036511818s0.jpg', 0, '', 0, '', 0, 0, 0),
(54, 0, 243, 40, 0, 0, 'SHH816 型新款环链电动葫芦', 0, 3, '', '3.00', '521.55', '0.00', 1, 'uploadfile/shops/0/2014/05/14010214633202s0.jpg', 0, '', 0, '', 0, 0, 0),
(55, 0, 244, 40, 0, 0, 'SHH816 型新款环链电动葫芦', 0, 2, '', '3.00', '428.45', '0.00', 3, 'uploadfile/shops/0/2014/05/14010214633202s0.jpg', 0, '', 0, '', 0, 0, 0),
(56, 0, 245, 54, 0, 0, 'qujian22', 0, 1, '', '4.00', '173.20', '0.00', 2, '', 0, '', 0, '', 0, 0, 0),
(57, 0, 249, 40, 0, 0, 'SHH816 型新款环链电动葫芦', 0, 1, '', '0.00', '180.40', '0.00', 10, 'uploadfile/shops/0/2014/05/14010214633202s0.jpg', 0, '', 0, '', 0, 0, 0),
(58, 0, 250, 54, 0, 0, 'qujian22', 0, 2, '', '10.00', '317.60', '0.00', 2, '', 0, '', 0, '', 0, 0, 0),
(59, 0, 251, 54, 0, 0, 'qujian22', 0, 2, '', '5.00', '219.60', '0.00', 2, '', 0, '', 0, '', 0, 0, 0),
(60, 0, 252, 54, 0, 0, 'qujian22', 0, 2, '', '3.00', '428.45', '0.00', 2, '', 0, '', 0, '', 0, 0, 0),
(61, 0, 253, 54, 0, 0, 'qujian22', 0, 2, '', '3.00', '180.40', '0.00', 2, '', 0, '', 0, '', 0, 0, 0),
(62, 0, 254, 55, 0, 0, 'HSZ-A619手拉葫芦', 0, 3, '', '3.00', '549.00', '0.00', 1, 'uploadfile/shops/0/2014/07/14060820114361s0.jpg', 0, '', 0, '', 0, 0, 0),
(63, 0, 255, 65, 0, 0, 'HHXG-A固定式环链电动葫芦', 0, 10, '', '6.00', '8316.00', '0.00', 20, 'uploadfile/shops/0/2014/07/14065106574954s0.jpg', 0, '', 0, '', 0, 0, 0),
(64, 0, 256, 55, 0, 0, 'HSZ-A619手拉葫芦', 0, 16, '', '6.80', '210.28', '0.00', 10, 'uploadfile/shops/0/2014/07/14060820114361s0.jpg', 0, '', 0, '', 0, 0, 0),
(65, 0, 257, 55, 0, 0, 'HSZ-A619手拉葫芦', 0, 2, '', '3.00', '148.83', '0.00', 10, 'uploadfile/shops/0/2014/07/14060820114361s0.jpg', 0, '', 0, '', 1, 0, 0),
(66, 0, 258, 66, 0, 0, 'HHXG-AM运行式环链电动葫芦', 0, 13, '', '9.00', '8330.96', '0.00', 5, 'uploadfile/shops/0/2014/07/14065111535441s0.jpg', 0, '', 0, '', 0, 0, 0),
(67, 0, 259, 56, 0, 0, 'HSZ-A620手拉葫芦', 0, 29, '', '12.00', '796.40', '0.00', 10, 'uploadfile/shops/0/2014/07/14060950470587s0.jpg', 0, '', 0, '', 0, 0, 0),
(68, 0, 260, 55, 0, 0, 'HSZ-A619手拉葫芦', 0, 19, '', '7.00', '138.05', '0.00', 10, 'uploadfile/shops/0/2014/07/14060820114361s0.jpg', 0, '', 0, '', 0, 0, 0),
(69, 0, 261, 65, 0, 0, 'HHXG-A固定式环链电动葫芦', 0, 9, '', '3.00', '4752.00', '0.00', 1, 'uploadfile/shops/0/2014/07/14065106574954s0.jpg', 0, '', 0, '', 0, 0, 0),
(70, 0, 262, 61, 0, 0, 'HSH-A619手扳葫芦', 0, 35, '', '1.50', '250.44', '0.00', 5, 'uploadfile/shops/0/2014/07/14065093946843s0.jpg', 0, '只要机头，不要链子', 0, '', 0, 0, 0),
(71, 0, 262, 56, 0, 0, 'HSZ-A620手拉葫芦', 0, 29, '', '0.00', '356.84', '0.00', 2, 'uploadfile/shops/0/2014/07/14060950470587s0.jpg', 0, '只要机头，不要链条', 0, '', 0, 0, 0),
(72, 0, 262, 67, 0, 0, 'SHH-A固定式环链电动葫芦', 0, 101, '', '7.00', '26200.00', '0.00', 1, 'uploadfile/shops/0/2014/07/14066120829019s0.jpg', 0, '运行式不带跑车...', 0, '', 0, 0, 0),
(73, 0, 263, 55, 0, 0, 'HSZ-A619手拉葫芦', 0, 20, '', '10.00', '343.86', '0.00', 1, 'uploadfile/shops/0/2014/07/14066108560002s0.jpg', 0, '', 0, '', 0, 0, 0),
(74, 0, 263, 67, 0, 0, 'SHH-A固定式环链电动葫芦', 0, 91, '', '5.00', '12400.00', '0.00', 2, 'uploadfile/shops/0/2014/07/14066120829019s0.jpg', 0, '手电门8米', 0, '', 0, 0, 0),
(75, 0, 264, 56, 0, 0, 'HSZ-A620手拉葫芦', 0, 26, '', '4.00', '499.00', '500.00', 8, 'uploadfile/shops/0/2014/07/14066111570481s0.jpg', 0, '不要链条', 0, '', 0, 0, 0),
(76, 0, 264, 66, 0, 0, 'HHXG-AM运行式环链电动葫芦', 0, 12, '', '6.00', '6669.00', '6669.00', 1, 'uploadfile/shops/0/2014/07/14066118988055s0.jpg', 0, '电压480V', 0, '', 0, 0, 0),
(77, 0, 264, 55, 0, 0, 'HSZ-A619手拉葫芦', 0, 15, '', '4.00', '433.00', '433.00', 2, 'uploadfile/shops/0/2014/07/14066108560002s0.jpg', 0, '', 0, '', 0, 0, 0),
(78, 0, 265, 56, 0, 0, 'HSZ-A620手拉葫芦', 0, 29, '', '3.50', '866.50', '0.00', 90, 'uploadfile/shops/0/2014/07/14066111570481s0.jpg', 0, '要机头，不要链条', 0, '', 1, 0, 0),
(79, 0, 266, 55, 0, 0, 'HSZ-A619手拉葫芦', 0, 16, '', '5.00', '351.36', '351.36', 1, 'uploadfile/shops/0/2014/07/14066108560002s0.jpg', 0, '', 0, '', 0, 0, 0),
(80, 0, 267, 55, 0, 0, 'HSZ-A619手拉葫芦', 0, 16, '', '12.25', '578.72', '0.00', 1, 'uploadfile/shops/0/2014/07/14066108560002s0.jpg', 0, '非洲链条', 0, '', 1, 0, 0),
(81, 0, 268, 56, 0, 0, 'HSZ-A620手拉葫芦', 0, 30, '', '3.00', '270.60', '270.60', 6, 'uploadfile/shops/0/2014/07/14066111570481s0.jpg', 0, '', 0, '', 0, 0, 0),
(82, 0, 269, 56, 0, 0, 'HSZ-A620手拉葫芦', 0, 26, '', '3.00', '236.01', '0.00', 100, 'uploadfile/shops/0/2014/07/14066111570481s0.jpg', 0, '', 0, '', 0, 0, 0),
(83, 0, 270, 56, 0, 0, 'HSZ-A620手拉葫芦', 0, 28, '', '3.00', '323.00', '0.00', 50, 'uploadfile/shops/0/2014/07/14066111570481s0.jpg', 0, '', 0, '', 0, 0, 0),
(84, 0, 271, 65, 0, 0, 'HHXG-A固定式环链电动葫芦', 0, 8, '', '5.00', '3548.00', '0.00', 1, 'uploadfile/shops/0/2014/07/14066118724783s0.jpg', 0, '', 0, '', 0, 0, 0),
(85, 0, 272, 77, 0, 0, 'GCL 610手拉小车', 0, 47, '', '3.00', '769.00', '0.00', 10, 'uploadfile/shops/0/2014/07/14065140161621s0.jpg', 0, '', 0, '', 0, 0, 0),
(86, 0, 273, 78, 0, 0, 'GCT 610手推小车', 0, 53, '', '0.00', '195.00', '0.00', 1, 'uploadfile/shops/0/2014/07/14065140890348s0.jpg', 0, '', 0, '', 0, 0, 0),
(87, 0, 274, 66, 0, 0, 'HHXG-AM运行式环链电动葫芦', 0, 14, '', '12.00', '14367.00', '0.00', 1, 'uploadfile/shops/0/2014/07/14066118988055s0.jpg', 0, '带大车运行', 0, '', 0, 0, 0),
(88, 0, 275, 61, 0, 0, 'HSH-A619手扳葫芦', 0, 41, '', '3.00', '538.85', '0.00', 60, 'uploadfile/shops/0/2014/07/14065093946843s0.jpg', 0, '', 0, '', 0, 0, 0),
(89, 0, 276, 67, 0, 0, 'SHH-A固定式环链电动葫芦', 0, 97, '', '10.00', '9726.00', '9726.00', 5, 'uploadfile/shops/0/2014/07/14066120829019s0.jpg', 0, '380V-50HZ-3P,36V', 0, '', 0, 0, 0),
(90, 0, 276, 91, 0, 0, 'HSZ-A620手拉葫芦(10t-50t)', 0, 31, '', '9.00', '2112.04', '2112.04', 5, 'uploadfile/shops/0/2014/07/14067873220322s0.jpg', 0, '', 0, '', 0, 0, 0),
(91, 0, 278, 66, 0, 0, 'HHXG-AM运行式环链电动葫芦', 0, 14, '', '3.00', '6190.20', '6190.20', 1, 'uploadfile/shops/0/2014/07/14066118988055s0.jpg', 0, '', 0, '', 0, 0, 0),
(92, 0, 278, 77, 0, 0, 'GCL 610手拉小车', 0, 45, '', '3.00', '219.05', '219.05', 5, 'uploadfile/shops/0/2014/07/14065140161621s0.jpg', 0, '', 0, '', 0, 0, 0),
(93, 0, 278, 56, 0, 0, 'HSZ-A620手拉葫芦(0.5t-5t)', 0, 26, '', '3.00', '235.65', '235.65', 2, 'uploadfile/shops/0/2014/07/14066111570481s0.jpg', 0, '', 0, '', 0, 0, 0),
(94, 0, 280, 56, 0, 0, 'HSZ-A620手拉葫芦(0.5t-5t)', 0, 26, '', '3.00', '235.65', '0.00', 1, 'uploadfile/shops/0/2014/07/14066111570481s0.jpg', 0, '啊啊', 0, '', 0, 0, 0),
(95, 0, 281, 55, 0, 0, 'HSZ-A619手拉葫芦(0.5t-5t)', 0, 15, '', '3.00', '211.58', '0.00', 1, 'uploadfile/shops/0/2014/07/14066108560002s0.jpg', 0, '啊', 0, '', 0, 0, 0),
(96, 0, 282, 67, 0, 0, 'SHH-A固定式环链电动葫芦', 0, 80, '', '3.00', '4968.00', '4968.00', 5, 'uploadfile/shops/0/2014/07/14066120829019s0.jpg', 0, '', 0, '', 0, 0, 0),
(97, 0, 282, 77, 0, 0, 'GCL 610手拉小车', 0, 48, '', '3.00', '718.90', '718.90', 3, 'uploadfile/shops/0/2014/07/14065140161621s0.jpg', 0, '', 0, '', 0, 0, 0),
(98, 0, 284, 65, 0, 0, 'HHXG-A固定式环链电动葫芦', 0, 8, '', '3.00', '4267.00', '4267.00', 1, 'uploadfile/shops/0/2014/07/14066118724783s0.jpg', 0, '', 0, '', 0, 0, 0),
(99, 0, 284, 56, 0, 0, 'HSZ-A620手拉葫芦(0.5t-5t)', 0, 28, '', '3.00', '777.00', '587.00', 5, 'uploadfile/shops/0/2014/07/14066111570481s0.jpg', 0, '', 0, '', 0, 0, 0),
(100, 0, 286, 77, 0, 0, 'GCL 610手拉小车', 0, 46, '', '3.00', '287.95', '287.95', 5, 'uploadfile/shops/0/2014/07/14065140161621s0.jpg', 0, '', 0, '', 0, 0, 0),
(101, 0, 286, 65, 0, 0, 'HHXG-A固定式环链电动葫芦', 0, 8, '', '3.00', '2560.20', '2560.20', 5, 'uploadfile/shops/0/2014/07/14066118724783s0.jpg', 0, '', 0, '', 0, 0, 0),
(102, 0, 288, 55, 0, 0, 'HSZ-A619手拉葫芦(0.5t-5t)', 0, 15, '', '0.00', '211.58', '211.58', 6, 'uploadfile/shops/0/2014/07/14066108560002s0.jpg', 0, '', 0, '', 0, 0, 0),
(103, 0, 288, 56, 0, 0, 'HSZ-A620手拉葫芦(0.5t-5t)', 0, 28, '', '3.00', '306.71', '306.71', 20, 'uploadfile/shops/0/2014/07/14066111570481s0.jpg', 0, '', 0, '', 0, 0, 0),
(104, 0, 289, 55, 0, 0, 'HSZ-A619手拉葫芦(0.5t-5t)', 0, 15, '', '0.00', '211.58', '211.58', 6, 'uploadfile/shops/0/2014/07/14066108560002s0.jpg', 0, '', 0, '', 0, 0, 0),
(105, 0, 288, 56, 0, 0, 'HSZ-A620手拉葫芦(0.5t-5t)', 0, 25, '', '3.00', '200.64', '200.64', 10, 'uploadfile/shops/0/2014/07/14066111570481s0.jpg', 0, '', 0, '', 0, 0, 0),
(106, 0, 289, 56, 0, 0, 'HSZ-A620手拉葫芦(0.5t-5t)', 0, 28, '', '3.00', '306.71', '306.71', 20, 'uploadfile/shops/0/2014/07/14066111570481s0.jpg', 0, '', 0, '', 0, 0, 0),
(107, 0, 289, 56, 0, 0, 'HSZ-A620手拉葫芦(0.5t-5t)', 0, 25, '', '3.00', '200.64', '200.64', 10, 'uploadfile/shops/0/2014/07/14066111570481s0.jpg', 0, '', 0, '', 0, 0, 0),
(108, 0, 290, 55, 0, 0, 'HSZ-A619手拉葫芦(0.5t-5t)', 0, 15, '', '4.00', '433.00', '433.00', 1, 'uploadfile/shops/0/2014/07/14066108560002s0.jpg', 0, '', 0, '', 0, 0, 0),
(109, 0, 291, 56, 89, 100, 'HSZ-A620手拉葫芦(0.5t-5t)', 0, 26, '', '3.00', '451.00', '0.00', 1, 'uploadfile/shops/0/2014/07/14066111570481s0.jpg', 0, '', 0, '', 0, 0, 0),
(110, 0, 292, 58, 89, 100, ' HSZ-A710手拉葫芦(0.5t-5t)', 0, 60, '', '3.00', '615.00', '615.00', 1, 'uploadfile/shops/0/2014/07/14066110111384s0.jpg', 0, '', 0, '', 0, 0, 0),
(111, 0, 293, 61, 89, 101, 'HSH-A619手扳葫芦', 0, 38, '', '1.50', '432.00', '0.00', 1, 'uploadfile/shops/0/2014/07/14065093946843s0.jpg', 0, '', 0, '', 0, 0, 0),
(112, 0, 294, 78, 93, 0, 'GCT 610手推小车', 0, 55, '', '0.00', '330.85', '330.85', 1, 'uploadfile/shops/0/2014/07/14065140890348s0.jpg', 0, '', 0, '', 0, 0, 0),
(113, 0, 294, 78, 93, 0, 'GCT 610手推小车', 0, 54, '', '0.00', '189.80', '189.80', 11, 'uploadfile/shops/0/2014/07/14065140890348s0.jpg', 0, '', 0, '', 0, 0, 0),
(114, 0, 294, 59, 89, 100, 'HSZ-A620舞台式手拉葫芦', 0, 28, '', '3.00', '306.71', '306.71', 34, 'uploadfile/shops/0/2014/07/14066109731546s0.jpg', 0, '', 0, '', 0, 0, 0),
(115, 0, 294, 77, 93, 0, 'GCL 610手拉小车', 0, 48, '', '3.00', '718.90', '718.90', 1, 'uploadfile/shops/0/2014/07/14065140161621s0.jpg', 0, '', 0, '', 0, 0, 0),
(116, 0, 294, 55, 89, 100, 'HSZ-A619手拉葫芦(0.5t-5t)', 0, 16, '', '4.00', '275.50', '275.50', 1, 'uploadfile/shops/0/2014/07/14066108560002s0.jpg', 0, '', 0, '', 0, 0, 0),
(117, 0, 295, 73, 89, 101, 'SNT-A铝合金紧线器', 0, 77, '', '7.30', '8000.00', '0.00', 4, 'uploadfile/shops/0/2014/07/14065128340883s0.jpg', 0, '刷成绿漆', 0, '', 0, 0, 0),
(118, 0, 296, 77, 93, 0, 'GCL 610手拉小车', 0, 50, '', '13.00', '3693.95', '0.00', 5, 'uploadfile/shops/0/2014/07/14065140161621s0.jpg', 0, '', 0, '', 0, 0, 0),
(119, 0, 297, 65, 88, 0, 'HHXG-A固定式环链电动葫芦', 0, 7, '', '10.00', '2703.00', '0.00', 10, 'uploadfile/shops/0/2014/07/14066118724783s0.jpg', 0, '123123123', 0, '', 0, 0, 0),
(120, 0, 298, 55, 89, 100, 'HSZ-A619手拉葫芦(0.5t-5t)', 0, 16, '', '4.00', '500.00', '500.00', 1, 'uploadfile/shops/0/2014/07/14066108560002s0.jpg', 0, '', 0, '', 0, 0, 0),
(121, 0, 299, 65, 88, 0, 'HHXG-A固定式环链电动葫芦', 0, 7, '', '3.00', '3917.00', '0.00', 1, 'uploadfile/shops/0/2014/07/14066118724783s0.jpg', 0, '', 0, '', 0, 0, 0),
(122, 0, 300, 79, 95, 0, 'G80级 起重链条', 0, 0, '', '0.00', '0.00', '0.00', 1, 'uploadfile/shops/0/2014/07/14065144162501s0.jpg', 0, '', 0, '', 0, 0, 0),
(123, 0, 301, 67, 88, 0, 'SHH-A固定式环链电动葫芦', 0, 81, '', '3.00', '5230.00', '5230.00', 1, 'uploadfile/shops/0/2014/07/14066120829019s0.jpg', 0, '', 0, '', 0, 0, 0),
(124, 0, 302, 55, 89, 100, 'HSZ-A619手拉葫芦(0.5t-5t)', 0, 16, '', '3.00', '451.00', '451.00', 2, 'uploadfile/shops/0/2014/07/14066108560002s0.jpg', 0, '', 0, '', 0, 0, 0),
(125, 0, 303, 58, 89, 100, ' HSZ-A710手拉葫芦(0.5t-5t)', 0, 58, '', '7.00', '725.00', '725.00', 2, 'uploadfile/shops/0/2014/07/14066110111384s0.jpg', 0, '', 0, '', 0, 0, 0),
(126, 0, 304, 66, 88, 0, 'HHXG-AM运行式环链电动葫芦', 0, 12, '', '3.00', '6417.00', '6417.00', 0, 'uploadfile/shops/0/2014/07/14066118988055s0.jpg', 0, '', 0, '', 2, 0, 0),
(127, 0, 305, 55, 89, 100, 'HSZ-A619手拉葫芦(0.5t-5t)', 0, 15, '', '6.00', '531.00', '531.00', 3, 'uploadfile/shops/0/2014/07/14066108560002s0.jpg', 0, '', 0, '', 1, 0, 0),
(128, 0, 306, 0, 0, 0, 'ss', 0, 0, '', '0.00', '0.00', '0.00', 1, '', 0, 'ss', 0, '', 0, 0, 0);

-- --------------------------------------------------------

--
-- 表的结构 `db_order_log`
--

CREATE TABLE IF NOT EXISTS `db_order_log` (
  `log_id` int(11) NOT NULL AUTO_INCREMENT COMMENT '订单处理历史索引id',
  `order_id` int(11) NOT NULL COMMENT '订单id',
  `order_state` varchar(20) NOT NULL COMMENT '订单状态信息',
  `change_state` varchar(20) NOT NULL COMMENT '下一步订单状态信息',
  `state_info` varchar(20) NOT NULL COMMENT '订单状态描述',
  `log_time` varchar(10) NOT NULL COMMENT '处理时间',
  `operator` varchar(50) NOT NULL COMMENT '操作人',
  PRIMARY KEY (`log_id`)
) ENGINE=MyISAM  DEFAULT CHARSET=utf8 COMMENT='订单处理历史表' AUTO_INCREMENT=84 ;

--
-- 转存表中的数据 `db_order_log`
--

INSERT INTO `db_order_log` (`log_id`, `order_id`, `order_state`, `change_state`, `state_info`, `log_time`, `operator`) VALUES
(1, 221, '已提交', '待付款', '', '1403663459', '29'),
(2, 222, '已提交', '待付款', '', '1403663531', '29'),
(3, 223, '已提交', '待付款', '', '1403663593', '29'),
(4, 224, '已提交', '待付款', '', '1403663692', '29'),
(5, 225, '已提交', '待付款', '', '1403663806', '29'),
(6, 226, '已提交', '待付款', '', '1404291831', '29'),
(7, 227, '已提交', '待付款', '', '1404456493', '29'),
(8, 228, '已提交', '待付款', '', '1404456598', '29'),
(9, 229, '已提交', '待付款', '', '1404456754', '29'),
(10, 230, '已提交', '待付款', '', '1404457362', '29'),
(11, 231, '已提交', '待付款', '', '1404457648', '29'),
(12, 232, '已提交', '待付款', '', '1404459126', '29'),
(13, 233, '已提交', '待付款', '', '1404736625', '29'),
(14, 234, '已提交', '待付款', '', '1404743471', '29'),
(15, 235, '已提交', '待付款', '', '1404895775', '29'),
(16, 236, '已提交', '待付款', '', '1404898858', '29'),
(17, 237, '已提交', '待付款', '', '1404899535', '29'),
(18, 238, '已提交', '待付款', '', '1404899576', '29'),
(19, 239, '已提交', '待付款', '', '1404962432', '29'),
(20, 240, '已提交', '待付款', '', '1405388035', '29'),
(21, 241, '已提交', '待付款', '', '1405663956', '29'),
(22, 242, '已提交', '待付款', '', '1405664629', '29'),
(23, 243, '已提交', '待付款', '', '1405907558', '29'),
(24, 244, '已提交', '待付款', '', '1405907573', '29'),
(25, 245, '已提交', '待付款', '', '1405911653', '29'),
(26, 249, '已提交', '待付款', '', '1405912632', '29'),
(27, 250, '已提交', '待付款', '', '1405912772', '29'),
(28, 251, '已提交', '待付款', '', '1405913314', '29'),
(29, 252, '已提交', '待付款', '', '1405913938', '29'),
(30, 253, '已提交', '待付款', '', '1405914240', '29'),
(31, 254, '已提交', '待付款', '', '1406511006', '38'),
(32, 255, '已提交', '待付款', '', '1406533151', '36'),
(33, 256, '已提交', '待付款', '', '1406533400', '36'),
(34, 257, '已提交', '待付款', '', '1406595834', '36'),
(35, 258, '已提交', '待付款', '', '1406605385', '36'),
(36, 259, '已提交', '待付款', '', '1406605429', '36'),
(37, 260, '已提交', '待付款', '', '1406610837', '39'),
(38, 261, '已提交', '待付款', '', '1406611006', '39'),
(39, 262, '已提交', '待付款', '', '1406641255', '36'),
(40, 263, '已提交', '待付款', '', '1406679765', '42'),
(41, 264, '已提交', '待付款', '', '1406708347', '43'),
(42, 265, '已提交', '待付款', '', '1406708892', '43'),
(43, 266, '已提交', '待付款', '', '1406767855', '42'),
(44, 267, '已提交', '待付款', '', '1406767965', '42'),
(45, 268, '已提交', '待付款', '', '1406768078', '46'),
(46, 269, '已提交', '待付款', '', '1406770349', '49'),
(47, 270, '已提交', '待付款', '', '1406770384', '49'),
(48, 271, '已提交', '待付款', '', '1406770423', '49'),
(49, 272, '已提交', '待付款', '', '1406770497', '49'),
(50, 273, '已提交', '待付款', '', '1406770550', '49'),
(51, 274, '已提交', '待付款', '', '1406772566', '54'),
(52, 275, '已提交', '待付款', '', '1407112681', '55'),
(53, 276, '已提交', '待付款', '', '1408933880', '57'),
(54, 277, '已提交', '待付款', '', '1408933880', '57'),
(55, 278, '已提交', '待付款', '', '1408935578', '54'),
(56, 279, '已提交', '待付款', '', '1408935578', '54'),
(57, 280, '已提交', '待付款', '', '1408936070', '57'),
(58, 281, '已提交', '待付款', '', '1408936624', '57'),
(59, 282, '已提交', '待付款', '', '1408943628', '54'),
(60, 283, '已提交', '待付款', '', '1408943628', '54'),
(61, 284, '已提交', '待付款', '', '1408944295', '58'),
(62, 285, '已提交', '待付款', '', '1408944295', '58'),
(63, 286, '已提交', '待付款', '', '1408947610', '57'),
(64, 287, '已提交', '待付款', '', '1408947610', '57'),
(65, 288, '已提交', '待付款', '', '1408947646', '47'),
(66, 289, '已提交', '待付款', '', '1408947646', '47'),
(67, 290, '已提交', '待付款', '', '1409072675', '43'),
(68, 291, '已提交', '待付款', '', '1409075986', '43'),
(69, 292, '已提交', '待付款', '', '1409076274', '43'),
(70, 293, '已提交', '待付款', '', '1409076453', '43'),
(71, 294, '已提交', '待付款', '', '1409103875', '54'),
(72, 295, '已提交', '待付款', '', '1409119920', '53'),
(73, 296, '已提交', '待付款', '', '1409120478', '46'),
(74, 297, '已提交', '待付款', '', '1409120519', '38'),
(75, 298, '已提交', '待付款', '', '1409124776', '43'),
(76, 299, '已提交', '待付款', '', '1409124801', '43'),
(77, 300, '已提交', '待付款', '', '1409124855', '43'),
(78, 301, '已提交', '待付款', '', '1409124877', '43'),
(79, 302, '已提交', '待付款', '', '1409575420', '43'),
(80, 303, '已提交', '待付款', '', '1409575679', '43'),
(81, 304, '已提交', '待付款', '', '1409936077', '61'),
(82, 305, '已提交', '待付款', '', '1409939779', '61'),
(83, 306, '已提交', '待付款', '', '1409939965', '43');

-- --------------------------------------------------------

--
-- 表的结构 `db_returns`
--

CREATE TABLE IF NOT EXISTS `db_returns` (
  `returns_id` int(10) unsigned NOT NULL AUTO_INCREMENT COMMENT '退货记录ID',
  `rec_id` int(12) NOT NULL COMMENT '订单产品ID',
  `order_id` int(10) unsigned NOT NULL COMMENT '订单ID',
  `goods_id` int(11) NOT NULL COMMENT '退货的商品id',
  `return_sn` varchar(100) NOT NULL COMMENT '退货编号',
  `order_sn` varchar(100) NOT NULL COMMENT '订单编号',
  `user_id` int(10) unsigned NOT NULL COMMENT '买家ID',
  `buyer_name` varchar(50) NOT NULL COMMENT '买家会员名',
  `return_goodsnum` int(10) unsigned NOT NULL COMMENT '退货数量',
  `add_time` int(10) unsigned NOT NULL COMMENT '添加时间',
  `update_time` int(10) DEFAULT NULL COMMENT '处理时间',
  `return_message` varchar(300) DEFAULT NULL COMMENT '卖家审核理由',
  `buyer_message` varchar(300) DEFAULT NULL COMMENT '买家退货理由',
  `re_state` tinyint(1) DEFAULT '1' COMMENT '单据状态，0取消1未审核2不通过3通过4完结',
  `admin_name` varchar(100) DEFAULT NULL COMMENT '操作员',
  `sts` tinyint(1) DEFAULT '0' COMMENT '0显示1不显示',
  PRIMARY KEY (`returns_id`)
) ENGINE=MyISAM  DEFAULT CHARSET=utf8 COMMENT='退货表' AUTO_INCREMENT=26 ;

--
-- 转存表中的数据 `db_returns`
--

INSERT INTO `db_returns` (`returns_id`, `rec_id`, `order_id`, `goods_id`, `return_sn`, `order_sn`, `user_id`, `buyer_name`, `return_goodsnum`, `add_time`, `update_time`, `return_message`, `buyer_message`, `re_state`, `admin_name`, `sts`) VALUES
(12, 37, 227, 40, '53ba5c3f3079c', '2014070464939644', 29, '许则林', 0, 1404722239, 1404743216, '事实如此', 'asdfas', 3, 'admin', 0),
(10, 42, 232, 48, '53ba5bc524127', '2014070491262971', 29, '许则林', 0, 1404722117, NULL, NULL, 'cccc', 0, NULL, 0),
(11, 36, 227, 48, '53ba5c26be4a7', '2014070464939644', 29, '许则林', 0, 1404722214, NULL, NULL, 'ddddddadsfadsf', 1, NULL, 0),
(9, 42, 232, 48, '53ba42a23a60d', '2014070491262971', 29, '许则林', 0, 1404715682, NULL, NULL, 'aaa', 1, NULL, 0),
(13, 42, 232, 48, '53ba7379656a0', '2014070491262971', 29, '许则林', 0, 1404728185, NULL, NULL, '链条断裂', 1, NULL, 0),
(14, 42, 232, 48, '53ba73bc9712b', '2014070491262971', 29, '许则林', 0, 1404728252, NULL, NULL, '沙敦府', 1, NULL, 0),
(15, 42, 232, 48, '53ba73f6675b6', '2014070491262971', 29, '许则林', 0, 1404728310, NULL, NULL, '阿斯顿发', 1, NULL, 0),
(16, 43, 233, 46, '53baaee85c716', '2014070766256689', 29, '许则林', 0, 1404743400, NULL, NULL, '啊啊啊', 0, NULL, 0),
(17, 45, 234, 29, '53baafe343baf', '2014070734714842', 29, '许则林', 2, 1404743651, 1404743689, '啊', '啊啊阿斯顿发生的发生', 0, 'admin', 0),
(18, 65, 257, 55, '53d6f34d0ebe2', '2014072958342227', 36, '山东', 5, 1406595917, 1406595987, '同意退货', '有问题', 3, 'admin', 0),
(19, 65, 257, 55, '53d6f4bfb2071', '2014072958342227', 36, '山东', 8, 1406596287, 1406596327, '同意', '产品坏了', 3, 'admin', 0),
(20, 78, 265, 56, '53d8afd80d7c2', '2014073088929345', 43, '辽宁', 2, 1406709720, 1406771230, '同意', '质量不好，运输问题', 3, '郑增辉', 0),
(21, 80, 267, 55, '53d997bba771e', '2014073179657195', 42, '合肥', 100, 1406769083, 1406771264, '已处理完毕', '高考撒娇大家', 4, '郑增辉', 0),
(22, 126, 304, 66, '5409f4d4a8993', '2014090660773042', 61, 'qianhaiyou', 1, 1409938644, 1409938671, '时间已过', '想退一部分', 4, 'admin', 0),
(23, 126, 304, 66, '5409f511eb1dc', '2014090660773042', 61, 'qianhaiyou', 1, 1409938705, NULL, NULL, '退', 4, NULL, 0),
(24, 126, 304, 66, '5409f52618205', '2014090660773042', 61, 'qianhaiyou', 1, 1409938726, 1409938742, '可以退', '退', 3, 'admin', 0),
(25, 127, 305, 55, '5409f9598190e', '2014090697794125', 61, 'qianhaiyou', 33, 1409939801, NULL, NULL, '33', 1, NULL, 0);

-- --------------------------------------------------------

--
-- 表的结构 `db_sessions`
--

CREATE TABLE IF NOT EXISTS `db_sessions` (
  `session_id` varchar(40) NOT NULL DEFAULT '0',
  `ip_address` varchar(16) NOT NULL DEFAULT '0',
  `user_agent` varchar(120) NOT NULL,
  `last_activity` int(10) unsigned NOT NULL DEFAULT '0',
  `user_data` text NOT NULL,
  PRIMARY KEY (`session_id`),
  KEY `last_activity_idx` (`last_activity`) USING BTREE
) ENGINE=InnoDB DEFAULT CHARSET=utf8;

--
-- 转存表中的数据 `db_sessions`
--

INSERT INTO `db_sessions` (`session_id`, `ip_address`, `user_agent`, `last_activity`, `user_data`) VALUES
('35ecf5a86a2eb52bd7623a334707d6e8', '127.0.0.1', 'Mozilla/5.0 (Windows NT 6.1; rv:38.0) Gecko/20100101 Firefox/38.0', 1432112587, 'a:7:{s:9:"user_data";s:0:"";s:13:"admin_user_id";s:1:"1";s:14:"admin_username";s:5:"admin";s:13:"admin_role_id";s:1:"1";s:13:"admin_area_id";s:1:"0";s:11:"admin_login";s:7:"logined";s:7:"loghash";s:6:"w3f6CK";}'),
('4027684846e6e178c288a14d53001896', '127.0.0.1', 'Mozilla/5.0 (Windows NT 6.1; rv:38.0) Gecko/20100101 Firefox/38.0', 1432105252, 'a:7:{s:9:"user_data";s:0:"";s:13:"admin_user_id";s:1:"1";s:14:"admin_username";s:5:"admin";s:13:"admin_role_id";s:1:"1";s:13:"admin_area_id";s:1:"0";s:11:"admin_login";s:7:"logined";s:7:"loghash";s:6:"80lqNg";}'),
('b423d4105c406940ab887b707e6a76c6', '127.0.0.1', 'Mozilla/5.0 (Windows NT 6.1; rv:38.0) Gecko/20100101 Firefox/38.0', 1432112584, '');

-- --------------------------------------------------------

--
-- 表的结构 `db_spec`
--

CREATE TABLE IF NOT EXISTS `db_spec` (
  `sp_id` int(10) unsigned NOT NULL AUTO_INCREMENT COMMENT '规格id',
  `sp_name` varchar(100) NOT NULL COMMENT '规格名称',
  `sp_format` enum('text','image') NOT NULL COMMENT '显示类型',
  `sp_value` text NOT NULL COMMENT '规格值列',
  `listorder` tinyint(1) unsigned NOT NULL COMMENT '排序',
  PRIMARY KEY (`sp_id`)
) ENGINE=MyISAM  DEFAULT CHARSET=utf8 COMMENT='商品规格表' AUTO_INCREMENT=3 ;

--
-- 转存表中的数据 `db_spec`
--

INSERT INTO `db_spec` (`sp_id`, `sp_name`, `sp_format`, `sp_value`, `listorder`) VALUES
(1, '米数', 'text', '1.5,3,4,5,6,7,8,9,10,12', 99);

-- --------------------------------------------------------

--
-- 表的结构 `db_spec_value`
--

CREATE TABLE IF NOT EXISTS `db_spec_value` (
  `sp_value_id` int(10) unsigned NOT NULL AUTO_INCREMENT COMMENT '规格值id',
  `sp_value_name` varchar(100) NOT NULL COMMENT '规格值名称',
  `sp_id` int(10) unsigned NOT NULL COMMENT '所属规格id',
  `sp_value_image` varchar(100) DEFAULT NULL COMMENT '规格图片',
  `listorder` tinyint(1) unsigned NOT NULL COMMENT '排序',
  PRIMARY KEY (`sp_value_id`)
) ENGINE=MyISAM  DEFAULT CHARSET=utf8 COMMENT='商品规格值表' AUTO_INCREMENT=51 ;

--
-- 转存表中的数据 `db_spec_value`
--

INSERT INTO `db_spec_value` (`sp_value_id`, `sp_value_name`, `sp_id`, `sp_value_image`, `listorder`) VALUES
(46, '12', 1, '', 16),
(43, '4', 1, '', 9),
(37, '10', 1, '', 15),
(36, '9', 1, '', 14),
(44, '7', 1, '', 12),
(34, '6', 1, '', 11),
(33, '5', 1, '', 10),
(32, '3', 1, '', 8),
(45, '8', 1, '', 13),
(50, '1.5', 1, '', 7);

-- --------------------------------------------------------

--
-- 表的结构 `db_sys_admini`
--

CREATE TABLE IF NOT EXISTS `db_sys_admini` (
  `id` int(11) NOT NULL AUTO_INCREMENT COMMENT '管理员ID',
  `role_id` smallint(6) DEFAULT NULL,
  `username` varchar(20) NOT NULL COMMENT '用户名',
  `encrypt` varchar(10) DEFAULT '' COMMENT '密码加密随机数',
  `password` varchar(32) NOT NULL COMMENT '密码',
  `create_time` int(11) DEFAULT NULL COMMENT '创建时间',
  `email` varchar(255) DEFAULT NULL COMMENT 'Email',
  `areaids` varchar(255) CHARACTER SET utf8 COLLATE utf8_unicode_ci NOT NULL DEFAULT '0' COMMENT '所负责的区域',
  `last_login_ip` varchar(30) DEFAULT NULL COMMENT '最后登录IP',
  `last_login_time` int(11) DEFAULT NULL COMMENT '最后登录时间',
  `this_login_time` int(11) NOT NULL DEFAULT '0' COMMENT '此次登录时间',
  `isclose` tinyint(1) DEFAULT '0' COMMENT '锁定0正常1删除',
  `sts` tinyint(1) NOT NULL DEFAULT '0' COMMENT '删除状态 1删除,0正常',
  PRIMARY KEY (`id`)
) ENGINE=MyISAM  DEFAULT CHARSET=utf8 COMMENT='管理员用户表' AUTO_INCREMENT=37 ;

--
-- 转存表中的数据 `db_sys_admini`
--

INSERT INTO `db_sys_admini` (`id`, `role_id`, `username`, `encrypt`, `password`, `create_time`, `email`, `areaids`, `last_login_ip`, `last_login_time`, `this_login_time`, `isclose`, `sts`) VALUES
(1, 1, 'admin', '123456', '52af3ce8a82f62707789fe00899ed3f0', 1362040082, '', '0', '127.0.0.1', 1432105258, 1432112604, 0, 0),
(9, 4, 'zly', '123456', '52af3ce8a82f62707789fe00899ed3f0', 1362040082, '', '', '127.0.0.1', 1382403214, 0, 0, 1),
(10, 3, 'feifei1010', '123456', '52af3ce8a82f62707789fe00899ed3f0', 1370509210, NULL, '0', '127.0.0.1', 1382403499, 0, 0, 1),
(12, 6, 'napier1204', 'GWl_;H', 'bb62271cd5281388c33b20a48b2f4843', 1402310344, NULL, '1763,3133,1643', '127.0.0.1', 1405614297, 1405615011, 0, 1),
(13, 1, 'snsz', 'ZUx=_f', 'b19960ba64a5f2c51a6a12c0490e9a10', 1402548415, NULL, '', NULL, NULL, 0, 0, 1),
(24, 4, 'adsfad', '{+47?n', 'b3bc892b80f408ecd63b497b87b066b3', 1402556711, NULL, '1,1763,1874', NULL, NULL, 0, 0, 1),
(23, 7, 'adsfadsf', 'Agp87,', '293368bd899d482585be8ee5d007844d', 1402551010, NULL, '1,1763,1874,2103,2130,2182', NULL, NULL, 0, 0, 1),
(25, 6, 'test', '/euO"t', '579daac7cce8b942ba854f469e62edf3', 1405614764, NULL, '2471,2589,2792,2873', NULL, NULL, 0, 0, 1),
(26, 1, 'admin2', 'fd8Fi&', '3e0678ce06590ca4c5fa5cf9191237cc', 1406475450, NULL, '', '127.0.0.1', 1406477910, 1406478089, 0, 1),
(27, 7, 'web', '_(0vF4', '4e4364f5f90e09ec40f45174df45e224', 1406476752, NULL, '', '127.0.0.1', 1406478413, 1406478475, 0, 1),
(28, 7, 'Web2', '1QQRBF', '2dc978704b0edaf5f33c867808eb0160', 1406510314, NULL, '', '60.190.201.158', 1409300890, 1409555155, 0, 0),
(29, 6, '丁春永', ']Z1FD)', '4bff28dd4996994523679feddf6b121f', 1406510492, NULL, '1,1874,1989,2103,2130,2340,2471,2792,1573,42,322,814,1176', '60.190.201.158', 1409120152, 1409120283, 0, 1),
(30, 6, '郑增辉', '6^nY;f', '3c6027a2aea9193c5ba843c6de46efec', 1406532322, NULL, '2182,1643,21,104,1320', '60.190.201.158', 1409119803, 1409727437, 0, 1),
(31, 6, '刘文明', 'L9.^g_', '9561e4954b184d6ddc5647d018b7896d', 1406532380, NULL, '1763,1436,227,423,566,788', '60.190.201.158', 1409017993, 1409103825, 0, 1),
(32, 6, '林敏', 'pC(DlS', '328f77eb8c94aa890f0831fe47b7e81e', 1406532538, NULL, '1989,2589,2873,2987,62,690', '60.190.201.158', 1408947427, 1408948190, 0, 1),
(33, 6, '赵城晓', '>[;;70', '86aa631f5528818695c7369361159137', 1406532570, NULL, '3133', '60.190.201.158', 1408947002, 1408947236, 0, 1),
(34, 4, '内贸部长', 'J9g_F^', 'a88383e080fea8bec1eba017d4d5d3c4', 1406532620, NULL, '1,1763,1874,1989,2103,2130,2182,2340,2471,2589,2792,2873,2987,3133,3235,1643,1573,1436,21,42,62,104,227,322,423,566,690,788,814,998,1176,1320,3239', '60.190.201.158', 1406612533, 1409119675, 0, 1),
(35, 6, '测试', 'R6KQde', '6faf7e5e5dab6197d690c889aa98bf67', 1409161813, NULL, '2182,2792,3235', '202.107.194.183', 1409188051, 1409195389, 0, 1),
(36, 1, '563775430@163.com', 'oj2,ec', 'db12b5918cb9a43ab321c1c0c93f1b82', 1418978350, NULL, '3133,1320', '127.0.0.1', 1431756214, 1431756530, 0, 0);

-- --------------------------------------------------------

--
-- 表的结构 `db_sys_dictionary`
--

CREATE TABLE IF NOT EXISTS `db_sys_dictionary` (
  `id` int(11) NOT NULL AUTO_INCREMENT COMMENT '自增长ID',
  `table_name` varchar(100) CHARACTER SET utf8 NOT NULL COMMENT '表明',
  `column_name` varchar(100) CHARACTER SET utf8 NOT NULL COMMENT '字段名',
  `column_title` varchar(200) CHARACTER SET utf8 NOT NULL COMMENT '字段名称',
  `column_value` varchar(200) CHARACTER SET utf8 NOT NULL COMMENT '字段值',
  `remark` varchar(200) CHARACTER SET utf8 NOT NULL COMMENT '备注说明',
  `listorder` int(12) NOT NULL COMMENT '排序号',
  `sts` char(4) CHARACTER SET utf8 NOT NULL COMMENT '逻辑删除0-否，1-是',
  PRIMARY KEY (`id`)
) ENGINE=MyISAM  DEFAULT CHARSET=utf8mb4 COMMENT='数据字典' AUTO_INCREMENT=72 ;

--
-- 转存表中的数据 `db_sys_dictionary`
--

INSERT INTO `db_sys_dictionary` (`id`, `table_name`, `column_name`, `column_title`, `column_value`, `remark`, `listorder`, `sts`) VALUES
(67, 'db_caifu_product', 'lifetime', '24个月以上', '24-9999', '', 5, '0'),
(66, 'db_caifu_product', 'lifetime', '24个月', '24-24', '', 4, '0'),
(65, 'db_caifu_product', 'lifetime', '13-23个月', '13-23', '', 3, '0'),
(63, 'db_caifu_product', 'lifetime', '12个月以内', '-11', '', 1, '0'),
(64, 'db_caifu_product', 'lifetime', '12个月', '12-12', '', 2, '0'),
(62, 'db_caifu_product', 'category', '海外资产', '4', '', 4, '0'),
(61, 'db_caifu_product', 'size', '全大额', '4', '', 4, '0'),
(60, 'db_caifu_product', 'size', '严格配比', '3', '', 3, '0'),
(58, 'db_caifu_product', 'size', '小额畅打', '1', '', 1, '0'),
(59, 'db_caifu_product', 'size', '已配出小额', '2', '', 2, '0'),
(57, 'db_caifu_product', 'area', '其他地区', '4', '', 4, '0'),
(55, 'db_caifu_product', 'area', '京津冀', '2', '', 2, '0'),
(56, 'db_caifu_product', 'area', '珠三角', '3', '', 3, '0'),
(54, 'db_caifu_product', 'area', '江浙沪', '1', '', 1, '0'),
(53, 'db_caifu_product', 'interest', '到期付息', '4', '', 4, '0'),
(51, 'db_caifu_product', 'interest', '半年付息', '2', '', 2, '0'),
(52, 'db_caifu_product', 'interest', '按年付息', '3', '', 3, '0'),
(50, 'db_caifu_product', 'interest', '按季付息', '1', '', 1, '0'),
(48, 'db_caifu_product', 'yield', '10-11.9%', '3', '', 3, '0'),
(49, 'db_caifu_product', 'yield', '12%及以上', '4', '', 4, '0'),
(46, 'db_caifu_product', 'yield', '8%以内', '1', '', 1, '0'),
(47, 'db_caifu_product', 'yield', '8-9.9%', '2', '', 2, '0'),
(45, 'db_caifu_product', 'expenses_area', '3%及以上', '3', '', 3, '0'),
(44, 'db_caifu_product', 'expenses_area', '1%-3%(不包含3%)', '2', '', 2, '0'),
(43, 'db_caifu_product', 'expenses_area', '1%以下(不包含1%)', '1', '', 1, '0'),
(42, 'db_caifu_product', 'investment', '其他类', '5', '', 5, '0'),
(41, 'db_caifu_product', 'investment', '房地产类', '4', '', 4, '0'),
(40, 'db_caifu_product', 'investment', '基础设施类', '3', '', 3, '0'),
(39, 'db_caifu_product', 'investment', '金融市场类', '2', '', 2, '0'),
(38, 'db_caifu_product', 'investment', '工商企业类', '1', '', 1, '0'),
(35, 'db_caifu_product', 'category', '信托产品', '1', '', 1, '0'),
(36, 'db_caifu_product', 'category', '资管计划', '2', '', 2, '0'),
(37, 'db_caifu_product', 'category', '阳光私募', '3', '', 3, '0'),
(68, 'db_caifu_product', 'category', '企业债券', '5', '', 5, '0'),
(69, 'db_caifu_product', 'earning', '固定收益类', '1', '', 1, '0'),
(70, 'db_caifu_product', 'earning', '浮动收益类', '2', '', 2, '0'),
(71, 'db_caifu_product', 'earning', '固定加浮动收益', '3', '', 3, '0');

-- --------------------------------------------------------

--
-- 表的结构 `db_sys_menu`
--

CREATE TABLE IF NOT EXISTS `db_sys_menu` (
  `id` smallint(6) unsigned NOT NULL AUTO_INCREMENT,
  `name` varchar(40) NOT NULL DEFAULT '' COMMENT '名称',
  `sign_name` varchar(50) DEFAULT '' COMMENT '标识名称',
  `parent_id` smallint(6) NOT NULL DEFAULT '0' COMMENT '父节点ID',
  `m` char(20) NOT NULL DEFAULT '' COMMENT '模块名',
  `c` char(20) NOT NULL DEFAULT '' COMMENT '类名',
  `a` char(25) NOT NULL DEFAULT '' COMMENT '方法名',
  `data` char(100) NOT NULL DEFAULT '' COMMENT '额外参数',
  `listorder` smallint(6) unsigned NOT NULL DEFAULT '0' COMMENT '排序好',
  `isshow` tinyint(4) NOT NULL DEFAULT '0' COMMENT '是否显示,0显示1不显示',
  `ismenu` tinyint(1) DEFAULT '0' COMMENT '是否菜单1是0否',
  `ispurview` tinyint(1) DEFAULT '0' COMMENT '是否权限1是0否',
  `site_id` tinyint(1) DEFAULT '0' COMMENT '无效，0',
  PRIMARY KEY (`id`),
  KEY `listorder` (`listorder`) USING BTREE,
  KEY `parentid` (`parent_id`) USING BTREE,
  KEY `module` (`m`,`c`,`a`) USING BTREE
) ENGINE=MyISAM  DEFAULT CHARSET=utf8 AUTO_INCREMENT=459 ;

--
-- 转存表中的数据 `db_sys_menu`
--

INSERT INTO `db_sys_menu` (`id`, `name`, `sign_name`, `parent_id`, `m`, `c`, `a`, `data`, `listorder`, `isshow`, `ismenu`, `ispurview`, `site_id`) VALUES
(10, '我的面板', 'admin', 0, 'mycontroller', 'mycontroller', 'nav', '', 1, 1, 1, 0, 1),
(11, '我的面板', 'admin', 10, 'mycontroller', 'mycontroller', 'manage', '', 6, 1, 1, 0, 1),
(289, '用户中心', 'admin', 11, 'mypanel', 'mypanel', 'public_welcome', '', 0, 1, 0, 0, 1),
(49, '会员', 'admin', 0, 'member', 'member', 'nav', '', 2, 1, 1, 0, 1),
(51, '会员管理', 'admin', 49, 'membe', 'member', 'manage', '', 1, 1, 1, 0, 1),
(52, '会员管理', 'admin', 51, 'member', 'member', 'lists', '', 3, 1, 0, 0, 1),
(53, '会员组管理', 'admin', 51, 'member', 'member', 'group_list', '', 4, 1, 0, 0, 1),
(162, '列表', 'admin', 95, 'content', 'acticle', 'lists', '', 1, 1, 0, 0, 1),
(80, '系统', 'admin', 0, 'setting', 'setting', 'nav', '', 6, 1, 1, 0, 1),
(86, '站点设置', 'admin', 85, 'setup', 'setup', 'setting', '', 1, 1, 1, 0, 1),
(70, '新增', 'admin', 53, 'member', 'member', 'group_add', '', 6, 1, 0, 0, 1),
(71, '编辑', 'admin', 53, 'member', 'member', 'group_edit', '', 6, 1, 0, 0, 1),
(72, '删除', 'admin', 53, 'member', 'member', 'group_del', '', 6, 1, 0, 0, 1),
(73, '更新缓存', 'admin', 53, 'member', 'member', 'group_cache', '', 6, 1, 0, 0, 1),
(88, 'SEO设置', 'admin', 85, 'setup', 'setup', 'seo_setup', '', 2, 1, 1, 0, 1),
(89, 'Email设置', 'admin', 85, 'setup', 'setup', 'email_setup', '', 3, 1, 1, 0, 1),
(85, '基本设置', 'admin', 80, 'setup', 'setup', 'manage', '', 0, 1, 1, 0, 1),
(90, '内容', 'admin', 0, 'content', 'content', 'nav', '', 5, 1, 1, 0, 1),
(93, '内容管理', 'admin', 90, 'content_manage', 'content_manage', 'content_manage', '0', 0, 1, 0, 0, 1),
(94, '文章分类', 'admin', 93, 'content', 'article', 'article_category', '0', 2, 1, 1, 0, 1),
(95, '文章管理', 'admin', 93, 'content', 'article', 'lists', '0', 1, 1, 1, 0, 1),
(97, '广告管理', 'admin', 354, 'content', 'adv', 'lists', '', 2, 1, 1, 0, 1),
(98, '分类列表', 'admin', 94, 'content', 'acticle', 'article_category', '', 0, 1, 0, 0, 1),
(124, '系统文章', 'admin', 93, 'content', 'document', 'lists', '', 3, 1, 1, 0, 1),
(308, '权限管理', 'admin', 80, 'rights', 'rights', 'manage', '', 1, 1, 1, 0, 1),
(309, '站点维护', 'admin', 80, 'maintenance', 'maintenance', 'manage', '', 2, 1, 1, 0, 1),
(143, '会员新增', 'admin', 52, 'member', 'member', 'user_add', '', 1, 1, 0, 0, 1),
(144, '会员编辑', 'admin', 52, 'member', 'member', 'user_edit', '', 2, 1, 0, 0, 1),
(145, '会员删除', 'admin', 52, 'member', 'member', 'user_del', '', 3, 1, 0, 0, 1),
(163, '新增', 'admin', 95, 'content', 'article', 'article_add', '', 2, 1, 0, 0, 1),
(164, '列表', 'admin', 124, 'content', 'document', 'lists', '', 1, 1, 0, 0, 1),
(166, '编辑', 'admin', 124, 'content', 'document', 'doc_edit', '', 2, 1, 0, 0, 1),
(168, '分类新增', 'admin', 94, 'content', 'acticle', 'article_category_add', '', 1, 1, 0, 0, 1),
(169, '分类编辑', 'admin', 94, 'content', 'acticle', 'article_category_edit', '', 2, 1, 0, 0, 1),
(170, '分类删除', 'admin', 94, 'content', 'acticle', 'article_category_del', '', 3, 1, 0, 0, 1),
(171, '分类排序', 'admin', 94, 'content', 'acticle', 'article_category_order', '', 4, 1, 0, 0, 1),
(172, '更新缓存', 'admin', 94, 'content', 'acticle', 'article_category_cache', '', 5, 1, 0, 0, 1),
(173, '广告列表', 'admin', 97, 'content', 'adv', 'lists', '', 0, 1, 0, 0, 1),
(174, '广告修改', 'admin', 97, 'content', 'adv', 'adv_edit', '', 0, 1, 0, 0, 1),
(175, '广告添加', 'admin', 97, 'content', 'adv', 'adv_add', '', 0, 1, 0, 0, 1),
(176, '广告删除', 'admin', 97, 'content', 'adv', 'adv_del', '', 0, 1, 0, 0, 1),
(177, '广告审核列表', 'admin', 97, 'content', 'adv', 'adv_check', '', 0, 1, 0, 0, 1),
(178, '广告审核', 'admin', 97, 'content', 'adv', 'adv_check_view', '', 0, 1, 0, 0, 1),
(179, '广告位列表', 'admin', 97, 'content', 'adv', 'ap_manage', '', 0, 1, 0, 0, 1),
(180, '广告位添加', 'admin', 97, 'content', 'adv', 'ap_add', '', 0, 1, 0, 0, 1),
(181, '广告位修改', 'admin', 97, 'content', 'adv', 'ap_edit', '', 0, 1, 0, 0, 1),
(182, '广告位删除', 'admin', 97, 'content', 'adv', 'ap_del', '', 0, 1, 0, 0, 1),
(183, '广告位调用查看', 'admin', 97, 'content', 'adv', 'ap_showcode', '', 0, 1, 0, 0, 1),
(184, '缓存更新', 'admin', 97, 'content', 'adv', 'adv_cache_refresh', '', 0, 1, 0, 0, 1),
(290, '修改密码', 'admin', 11, 'mypanel', 'mypanel', 'edit_password', '', 0, 1, 0, 0, 1),
(304, '友情链接', 'admin', 93, 'marketing', 'link', 'link_list', '', 8, 1, 1, 0, 1),
(354, '广告管理', 'admin', 90, 'content', 'adv', 'manage', '', 0, 1, 0, 0, 1),
(311, '管理员', 'admin', 308, 'rights', 'admini', 'admini_list', '', 0, 1, 1, 0, 1),
(312, '角色管理', 'admin', 308, 'rights', 'role', 'role_list', '', 1, 1, 1, 0, 1),
(313, '权限菜单', 'admin', 308, 'system', 'menu', 'menu_list', '', 2, 1, 1, 0, 1),
(316, '数据库备份', 'admin', 309, 'maintenance', 'dbsave', 'export', '', 1, 1, 1, 0, 1),
(370, '地区管理', 'admin', 85, 'setup', 'areas', 'lists', '', 4, 1, 0, 0, 1),
(374, '客户投诉', 'admin', 51, 'member', 'consult', 'lists', '', 6, 1, 0, 0, 1),
(375, '会员礼物', 'admin', 51, 'member', 'notice', 'user_notice', '', 7, 1, 0, 0, 1),
(458, '产品预约', 'admin', 453, 'caifu', 'orderreserve', 'lists', '', 3, 1, 0, 0, 1),
(378, '会员审核', 'admin', 52, 'member', 'member', 'user_check', '', 4, 1, 0, 0, 1),
(379, '会员等级设置', 'admin', 52, 'member', 'member', 'user_level', '', 5, 1, 0, 0, 1),
(380, '会员充值', 'admin', 52, 'member', 'member', 'user_charge', '', 6, 1, 0, 0, 1),
(383, '回复', 'admin', 374, 'member', 'consult', 'consult_reply', '', 1, 1, 0, 0, 1),
(384, '删除', 'admin', 374, 'member', 'consult', 'del', '', 2, 1, 0, 0, 1),
(457, '积分订单', 'admin', 453, 'caifu', 'orderpoints', 'lists', '', 2, 1, 0, 0, 1),
(456, '报单订单', 'admin', 453, 'caifu', 'order', 'lists', '', 1, 1, 0, 0, 1),
(455, '积分产品', 'admin', 452, 'caifu', 'points', 'lists', '', 2, 1, 0, 0, 1),
(454, '产品管理', 'admin', 452, 'caifu', 'product', 'lists', '', 1, 1, 0, 0, 1),
(453, '交易中心', 'admin', 450, 'caifuorder', 'caifuorder', 'manage', '', 0, 1, 0, 0, 1),
(452, '产品中心', 'admin', 449, 'caifuproduct', 'caifuproduct', 'manage', '', 0, 1, 0, 0, 1),
(451, '服务经理', 'admin', 93, 'content', 'graphic', 'lists', '', 4, 1, 0, 0, 1),
(450, '交易中心', 'admin', 0, 'caifuorder', 'caifuorder', 'caifuorder', '', 4, 1, 0, 0, 1),
(449, '产品中心', 'admin', 0, 'caifuproduct', 'caifuproduct', 'caifuproduct', '', 3, 1, 0, 0, 1),
(402, '编辑', 'admin', 95, 'content', 'acticle', 'article_edit', '', 3, 0, 0, 0, 1),
(403, '删除', 'admin', 95, 'content', 'acticle', 'article_del', '', 4, 0, 0, 0, 1),
(426, '列表', 'admin', 304, 'marketing', 'link', 'link_list', '', 1, 1, 0, 0, 1),
(427, '新增', 'admin', 304, 'marketing', 'link', 'link_add', '', 2, 1, 0, 0, 1),
(428, '编辑', 'admin', 304, 'marketing', 'link', 'link_edit', '', 3, 1, 0, 0, 1),
(429, '删除', 'admin', 304, 'marketing', 'link', 'link_del', '', 4, 1, 0, 0, 1),
(430, '排序', 'admin', 304, 'marketing', 'link', 'link_order', '', 5, 1, 0, 0, 1),
(431, '登录状态设置', 'admin', 52, 'member', 'member', 'user_status', '', 7, 1, 0, 0, 1),
(432, '数据字典', 'admin', 309, 'maintenance', 'dictionary', 'lists', '', 2, 1, 0, 0, 1),
(440, '购买咨询', 'admin', 438, 'member', 'buyconsult', 'lists', '', 2, 1, 0, 0, 1),
(438, '消息管理', 'admin', 49, 'message', 'message', 'manage', '', 2, 1, 0, 0, 1),
(439, '系统消息', 'admin', 438, 'member', 'notice', 'sys_notice', '', 1, 1, 0, 0, 1),
(448, '会员地址', 'admin', 52, 'member', 'member', 'user_addresses', '', 8, 1, 0, 0, 1);

-- --------------------------------------------------------

--
-- 表的结构 `db_sys_role`
--

CREATE TABLE IF NOT EXISTS `db_sys_role` (
  `id` int(11) NOT NULL AUTO_INCREMENT,
  `rolename` varchar(100) DEFAULT NULL,
  `description` varchar(1024) DEFAULT '',
  `sts` tinyint(1) DEFAULT '0' COMMENT '0正常1删除',
  PRIMARY KEY (`id`)
) ENGINE=MyISAM  DEFAULT CHARSET=utf8 AUTO_INCREMENT=8 ;

--
-- 转存表中的数据 `db_sys_role`
--

INSERT INTO `db_sys_role` (`id`, `rolename`, `description`, `sts`) VALUES
(1, '超级管理员', '管理员', 0),
(3, '总经理', '商品管理员', 0),
(4, '部门经理', '部门经理', 1),
(6, '区域经理', '负责不同地区的订单及会员管理', 1),
(7, '网站管理员', '', 0);

-- --------------------------------------------------------

--
-- 表的结构 `db_sys_role_priv`
--

CREATE TABLE IF NOT EXISTS `db_sys_role_priv` (
  `role_id` tinyint(3) unsigned NOT NULL DEFAULT '0',
  `m` char(20) NOT NULL,
  `c` char(20) NOT NULL,
  `a` char(30) NOT NULL,
  `data` char(30) NOT NULL DEFAULT '',
  `menu_id` int(11) DEFAULT '0',
  KEY `roleid` (`role_id`,`m`,`c`,`a`) USING BTREE
) ENGINE=MyISAM DEFAULT CHARSET=utf8;

--
-- 转存表中的数据 `db_sys_role_priv`
--

INSERT INTO `db_sys_role_priv` (`role_id`, `m`, `c`, `a`, `data`, `menu_id`) VALUES
(1, 'maintenance', 'maintenance', 'manage', '', 309),
(1, 'system', 'menu', 'menu_list', '', 313),
(1, 'rights', 'role', 'role_list', '', 312),
(1, 'rights', 'admini', 'admini_list', '', 311),
(1, 'rights', 'rights', 'manage', '', 308),
(1, 'setup', 'areas', 'lists', '', 370),
(1, 'setup', 'setup', 'email_setup', '', 89),
(1, 'setup', 'setup', 'seo_setup', '', 88),
(1, 'setup', 'setup', 'setting', '', 86),
(1, 'setup', 'setup', 'manage', '', 85),
(1, 'setting', 'setting', 'nav', '', 80),
(1, 'content', 'adv', 'adv_check_view', '', 178),
(1, 'content', 'adv', 'adv_cache_refresh', '', 184),
(1, 'content', 'adv', 'ap_showcode', '', 183),
(1, 'content', 'adv', 'lists', '', 173),
(1, 'content', 'adv', 'adv_edit', '', 174),
(1, 'content', 'adv', 'adv_add', '', 175),
(1, 'content', 'adv', 'adv_del', '', 176),
(1, 'content', 'adv', 'adv_check', '', 177),
(1, 'content', 'adv', 'ap_manage', '', 179),
(1, 'content', 'adv', 'ap_add', '', 180),
(1, 'content', 'adv', 'ap_edit', '', 181),
(1, 'content', 'adv', 'ap_del', '', 182),
(1, 'content', 'adv', 'lists', '', 97),
(1, 'content', 'adv', 'manage', '', 354),
(1, 'marketing', 'link', 'link_order', '', 430),
(1, 'marketing', 'link', 'link_del', '', 429),
(1, 'marketing', 'link', 'link_edit', '', 428),
(1, 'marketing', 'link', 'link_add', '', 427),
(1, 'marketing', 'link', 'link_list', '', 426),
(1, 'marketing', 'link', 'link_list', '', 304),
(1, 'content', 'graphic', 'lists', '', 451),
(1, 'content', 'document', 'doc_edit', '', 166),
(1, 'content', 'document', 'lists', '', 164),
(1, 'content', 'document', 'lists', '', 124),
(1, 'content', 'acticle', 'article_category_cache', '', 172),
(1, 'content', 'acticle', 'article_category_order', '', 171),
(1, 'content', 'acticle', 'article_category_del', '', 170),
(1, 'content', 'acticle', 'article_category_edit', '', 169),
(1, 'content', 'acticle', 'article_category_add', '', 168),
(1, 'content', 'acticle', 'article_category', '', 98),
(1, 'content', 'article', 'article_category', '0', 94),
(1, 'content', 'article', 'article_add', '', 163),
(1, 'content', 'acticle', 'lists', '', 162),
(1, 'content', 'article', 'lists', '0', 95),
(1, 'content_manage', 'content_manage', 'content_manage', '0', 93),
(1, 'content', 'content', 'nav', '', 90),
(1, 'caifu', 'orderreserve', 'lists', '', 458),
(1, 'caifu', 'orderpoints', 'lists', '', 457),
(1, 'caifu', 'order', 'lists', '', 456),
(1, 'caifuorder', 'caifuorder', 'manage', '', 453),
(1, 'caifuorder', 'caifuorder', 'caifuorder', '', 450),
(1, 'caifu', 'points', 'lists', '', 455),
(1, 'caifu', 'product', 'lists', '', 454),
(1, 'caifuproduct', 'caifuproduct', 'manage', '', 452),
(1, 'caifuproduct', 'caifuproduct', 'caifuproduct', '', 449),
(1, 'member', 'buyconsult', 'lists', '', 440),
(1, 'member', 'notice', 'sys_notice', '', 439),
(1, 'message', 'message', 'manage', '', 438),
(1, 'member', 'notice', 'user_notice', '', 375),
(1, 'member', 'consult', 'del', '', 384),
(1, 'member', 'consult', 'consult_reply', '', 383),
(1, 'member', 'consult', 'lists', '', 374),
(1, 'member', 'member', 'group_del', '', 72),
(1, 'member', 'member', 'group_edit', '', 71),
(1, 'member', 'member', 'group_cache', '', 73),
(1, 'member', 'member', 'group_add', '', 70),
(1, 'member', 'member', 'group_list', '', 53),
(1, 'member', 'member', 'user_addresses', '', 448),
(1, 'member', 'member', 'user_status', '', 431),
(1, 'member', 'member', 'user_charge', '', 380),
(1, 'member', 'member', 'user_level', '', 379),
(1, 'member', 'member', 'user_check', '', 378),
(1, 'member', 'member', 'user_del', '', 145),
(1, 'member', 'member', 'user_edit', '', 144),
(1, 'member', 'member', 'user_add', '', 143),
(1, 'member', 'member', 'lists', '', 52),
(7, 'content', 'adv', 'lists', '', 173),
(7, 'content', 'adv', 'adv_edit', '', 174),
(7, 'content', 'adv', 'adv_add', '', 175),
(7, 'content', 'adv', 'adv_del', '', 176),
(7, 'content', 'adv', 'adv_check', '', 177),
(7, 'content', 'adv', 'adv_check_view', '', 178),
(7, 'content', 'adv', 'ap_manage', '', 179),
(7, 'content', 'adv', 'ap_add', '', 180),
(7, 'content', 'adv', 'ap_edit', '', 181),
(7, 'content', 'adv', 'ap_del', '', 182),
(7, 'content', 'adv', 'ap_showcode', '', 183),
(7, 'content', 'adv', 'adv_cache_refresh', '', 184),
(7, 'content', 'adv', 'lists', '', 97),
(7, 'content', 'adv', 'manage', '', 354),
(7, 'marketing', 'link', 'link_order', '', 430),
(7, 'marketing', 'link', 'link_del', '', 429),
(7, 'marketing', 'link', 'link_edit', '', 428),
(7, 'marketing', 'link', 'link_add', '', 427),
(7, 'marketing', 'link', 'link_list', '', 426),
(7, 'marketing', 'link', 'link_list', '', 304),
(7, 'content', 'message', 'message_del', '', 425),
(7, 'content', 'message', 'message_view', '', 424),
(7, 'content', 'message', 'lists', '', 369),
(7, 'content', 'graphic', 'graphic_category_order', '', 423),
(7, 'content', 'graphic', 'graphic_category_del', '', 422),
(7, 'content', 'graphic', 'graphic_category_edit', '', 421),
(7, 'content', 'graphic', 'graphic_category_add', '', 420),
(7, 'content', 'graphic', 'graphic_category_manage', '', 419),
(7, 'content', 'graphic', 'graphic_order', '', 418),
(7, 'content', 'graphic', 'graphic_del', '', 417),
(7, 'content', 'graphic', 'graphic_edit', '', 416),
(7, 'content', 'graphic', 'graphic_add', '', 415),
(7, 'content', 'graphic', 'lists', '', 414),
(7, 'content', 'graphic', 'lists', '', 368),
(7, 'content', 'help', 'article_category_cache', '', 413),
(7, 'content', 'help', 'article_category_order', '', 412),
(7, 'content', 'help', 'article_category_del', '', 411),
(7, 'content', 'help', 'article_category_edit', '', 410),
(7, 'content', 'help', 'article_category_add', '', 409),
(7, 'content', 'help', 'article_category', '', 408),
(7, 'content', 'help', 'article_category', '', 352),
(7, 'content', 'help', 'article_del', '', 407),
(7, 'content', 'help', 'article_edit', '', 406),
(7, 'content', 'help', 'article_add', '', 405),
(7, 'content', 'help', 'lists', '', 404),
(7, 'content', 'help', 'lists', '', 353),
(7, 'content', 'document', 'doc_edit', '', 166),
(7, 'content', 'document', 'lists', '', 164),
(7, 'content', 'document', 'lists', '', 124),
(7, 'content', 'acticle', 'article_category_cache', '', 172),
(7, 'content', 'acticle', 'article_category_order', '', 171),
(7, 'content', 'acticle', 'article_category_del', '', 170),
(7, 'content', 'acticle', 'article_category_edit', '', 169),
(7, 'content', 'acticle', 'article_category_add', '', 168),
(7, 'content', 'acticle', 'article_category', '', 98),
(7, 'content', 'article', 'article_category', '0', 94),
(7, 'content', 'article', 'article_add', '', 163),
(7, 'content', 'acticle', 'lists', '', 162),
(7, 'content', 'article', 'lists', '0', 95),
(7, 'content_manage', 'content_manage', 'content_manage', '0', 93),
(7, 'content', 'content', 'nav', '', 90),
(7, 'goods', 'price', 'price_del', '', 398),
(7, 'goods', 'price', 'price_edit', '', 397),
(7, 'goods', 'price', 'price_add', '', 396),
(7, 'goods', 'price', 'lists', '', 376),
(7, 'goods', 'category', 'category_tag_del', '', 395),
(7, 'goods', 'category', 'category_tag_import', '', 394),
(7, 'goods', 'category', 'category_del', '', 393),
(7, 'goods', 'category', 'category_edit', '', 392),
(7, 'goods', 'category', 'category_add', '', 391),
(7, 'goods', 'category', 'category_list', '', 367),
(7, 'goods', 'spec', 'spec_del', '', 390),
(7, 'goods', 'spec', 'spec_edit', '', 389),
(7, 'goods', 'spec', 'spec_add', '', 388),
(7, 'goods', 'spec', 'spec_list', '', 365),
(7, 'goods', 'goods', 'goods_del', '', 387),
(7, 'goods', 'goods', 'goods_edit', '', 386),
(7, 'goods', 'goods', 'goods_add', '', 385),
(7, 'goods', 'goods', 'goods_list', '', 364),
(7, 'goods', 'goods', 'goods_add', '', 363),
(7, 'goods', 'goods', 'manage', '', 362),
(7, 'product', 'product', 'nav', '', 361),
(7, 'mypanel', 'mypanel', 'cnzzframe', '', 442),
(7, 'mypanel', 'mypanel', 'public_welcome', '', 289),
(7, 'mypanel', 'mypanel', 'edit_password', '', 290),
(7, 'mycontroller', 'mycontroller', 'manage', '', 11),
(1, 'membe', 'member', 'manage', '', 51),
(1, 'member', 'member', 'nav', '', 49),
(7, 'mycontroller', 'mycontroller', 'nav', '', 10),
(1, 'mypanel', 'mypanel', 'public_welcome', '', 289),
(1, 'mypanel', 'mypanel', 'edit_password', '', 290),
(1, 'mycontroller', 'mycontroller', 'manage', '', 11),
(1, 'mycontroller', 'mycontroller', 'nav', '', 10),
(3, 'mycontroller', 'mycontroller', 'nav', '', 10),
(3, 'mycontroller', 'mycontroller', 'manage', '', 11),
(3, 'mypanel', 'mypanel', 'edit_password', '', 290),
(3, 'mypanel', 'mypanel', 'public_welcome', '', 289),
(3, 'mypanel', 'mypanel', 'cnzzframe', '', 442),
(3, 'member', 'member', 'nav', '', 49),
(3, 'membe', 'member', 'manage', '', 51),
(3, 'member', 'member', 'lists', '', 52),
(3, 'member', 'member', 'user_edit', '', 144),
(3, 'member', 'member', 'user_check', '', 378),
(3, 'member', 'member', 'user_level', '', 379),
(3, 'member', 'member', 'user_charge', '', 380),
(3, 'member', 'member', 'user_status', '', 431),
(3, 'member', 'member', 'user_addresses', '', 448),
(3, 'member', 'funds', 'lists', '', 377),
(3, 'member', 'funds', 'funds_add', '', 381),
(3, 'member', 'funds', 'funds_del', '', 382),
(3, 'message', 'message', 'manage', '', 438),
(3, 'member', 'notice', 'sys_notice', '', 439),
(3, 'member', 'buyconsult', 'lists', '', 440),
(3, 'order', 'order', 'nav', '', 371),
(3, 'order', 'order', 'manage', '', 372),
(3, 'order', 'order', 'order_today', '', 434),
(3, 'order', 'order', 'lists', '', 373),
(3, 'order', 'order', 'info', '', 399),
(3, 'order', 'order', 'order_del', '', 400),
(3, 'order', 'order', 'order_remove', '', 401),
(3, 'order', 'statics', 'catelist', '', 446),
(3, 'order', 'receipt', 'manage', '', 435),
(3, 'order', 'order', 'order_returns_list', '', 436),
(3, 'order', 'order', 'order_fix_list', '', 437),
(1, 'maintenance', 'dbsave', 'export', '', 316),
(1, 'maintenance', 'dictionary', 'lists', '', 432);

-- --------------------------------------------------------

--
-- 表的结构 `db_sys_times`
--

CREATE TABLE IF NOT EXISTS `db_sys_times` (
  `username` char(40) NOT NULL,
  `ip` char(15) NOT NULL,
  `logintime` int(10) unsigned NOT NULL DEFAULT '0',
  `isadmin` tinyint(1) NOT NULL DEFAULT '0',
  `times` tinyint(1) unsigned NOT NULL DEFAULT '0',
  PRIMARY KEY (`username`,`isadmin`)
) ENGINE=MEMORY DEFAULT CHARSET=utf8;

-- --------------------------------------------------------

--
-- 表的结构 `db_type_spec`
--

CREATE TABLE IF NOT EXISTS `db_type_spec` (
  `type_id` int(10) unsigned NOT NULL COMMENT '类型id',
  `sp_id` int(10) unsigned NOT NULL COMMENT '规格id'
) ENGINE=MyISAM DEFAULT CHARSET=utf8 COMMENT='商品类型与规格对应表';

--
-- 转存表中的数据 `db_type_spec`
--

INSERT INTO `db_type_spec` (`type_id`, `sp_id`) VALUES
(1, 1),
(1, 2);

-- --------------------------------------------------------

--
-- 表的结构 `db_uploadfile`
--

CREATE TABLE IF NOT EXISTS `db_uploadfile` (
  `file_id` int(10) unsigned NOT NULL AUTO_INCREMENT COMMENT '相册图片表id',
  `realname` varchar(100) NOT NULL COMMENT '文件名称',
  `filename` varchar(50) DEFAULT NULL COMMENT '上传后文件名',
  `filetag` varchar(255) DEFAULT NULL COMMENT '文件标签',
  `fileext` varchar(10) DEFAULT NULL COMMENT '文件扩展名',
  `filepath` varchar(255) NOT NULL COMMENT '文件路径',
  `filesize` int(10) unsigned NOT NULL COMMENT '文件大小',
  `aclass_id` int(10) unsigned NOT NULL COMMENT '图片,则相册id',
  `img_spec` varchar(20) DEFAULT NULL COMMENT '图片,则表示规格',
  `shop_id` int(10) unsigned NOT NULL COMMENT '上传用户',
  `isadmin` tinyint(1) DEFAULT '0' COMMENT '0前台上传1后台上传',
  `upload_time` int(11) unsigned NOT NULL COMMENT '上传时间',
  `sts` tinyint(1) DEFAULT '1' COMMENT '是否使用：0为使用，1为没使用，默认为1',
  `upload_ip` varchar(32) DEFAULT '' COMMENT '上传IP',
  PRIMARY KEY (`file_id`)
) ENGINE=MyISAM  DEFAULT CHARSET=utf8 COMMENT='文件上传表' AUTO_INCREMENT=275 ;

--
-- 转存表中的数据 `db_uploadfile`
--

INSERT INTO `db_uploadfile` (`file_id`, `realname`, `filename`, `filetag`, `fileext`, `filepath`, `filesize`, `aclass_id`, `img_spec`, `shop_id`, `isadmin`, `upload_time`, `sts`, `upload_ip`) VALUES
(1, '10000-001.jpg', '13843282242767s0.jpg', NULL, '.jpg', 'uploadfile/shops/0/2013/11/13843282242767s0.jpg', 15, 1, '320x480', 0, 0, 1384328224, 0, '127.0.0.1'),
(2, '10000-002.jpg', '13843282304845s0.jpg', NULL, '.jpg', 'uploadfile/shops/0/2013/11/13843282304845s0.jpg', 33, 1, '320x480', 0, 0, 1384328230, 0, '127.0.0.1'),
(3, 'tz001188_320_480.jpg', '13849993089417s0.jpg', NULL, '.jpg', 'uploadfile/shops/0/2013/11/13849993089417s0.jpg', 109, 1, '320x480', 0, 0, 1384999309, 0, '127.0.0.1'),
(4, 'bj000031_320_480.jpg', '13850180296568s0.jpg', NULL, '.jpg', 'uploadfile/shops/0/2013/11/13850180296568s0.jpg', 27, 1, '320x480', 0, 0, 1385018030, 0, '127.0.0.1'),
(5, 'bj000031_1_320_480.jpg', '13850180359185s0.jpg', NULL, '.jpg', 'uploadfile/shops/0/2013/11/13850180359185s0.jpg', 18, 1, '320x480', 0, 0, 1385018036, 0, '127.0.0.1'),
(6, 'rg000932_640_960.jpg', '13856231576596s0.jpg', NULL, '.jpg', 'uploadfile/shops/0/2013/11/13856231576596s0.jpg', 123, 1, '640x960', 0, 0, 1385623158, 0, '127.0.0.1'),
(7, 'rg000932_1_640_960.jpg', '13856231674307s0.jpg', NULL, '.jpg', 'uploadfile/shops/0/2013/11/13856231674307s0.jpg', 129, 1, '640x960', 0, 0, 1385623168, 0, '127.0.0.1'),
(8, 'vd000036_640_960.jpg', '13856877972671s0.jpg', NULL, '.jpg', 'uploadfile/shops/0/2013/11/13856877972671s0.jpg', 137, 1, '640x960', 0, 0, 1385687798, 0, '127.0.0.1'),
(9, 'vd000036_1_640_960.jpg', '13856878029824s0.jpg', NULL, '.jpg', 'uploadfile/shops/0/2013/11/13856878029824s0.jpg', 198, 1, '640x960', 0, 0, 1385687803, 0, '127.0.0.1'),
(10, 'vd000036_640_960.jpg', '13856898990624s0.jpg', NULL, '.jpg', 'uploadfile/shops/0/2013/11/13856898990624s0.jpg', 137, 1, '640x960', 0, 0, 1385689899, 0, '127.0.0.1'),
(11, 'vd000036_1_640_960.jpg', '13856899061841s0.jpg', NULL, '.jpg', 'uploadfile/shops/0/2013/11/13856899061841s0.jpg', 198, 1, '640x960', 0, 0, 1385689906, 0, '127.0.0.1'),
(12, 'fg000011_640_960.jpg', '13856908625141s0.jpg', NULL, '.jpg', 'uploadfile/shops/0/2013/11/13856908625141s0.jpg', 245, 1, '640x960', 0, 0, 1385690863, 0, '127.0.0.1'),
(13, 'rs000045_640_960.jpg', '13856911467311s0.jpg', NULL, '.jpg', 'uploadfile/shops/0/2013/11/13856911467311s0.jpg', 76, 1, '640x960', 0, 0, 1385691147, 0, '127.0.0.1'),
(14, 'rs000045_1_640_960.jpg', '1385691151111s0.jpg', NULL, '.jpg', 'uploadfile/shops/0/2013/11/1385691151111s0.jpg', 128, 1, '640x960', 0, 0, 1385691151, 0, '127.0.0.1'),
(15, 'psb.jpeg', '13859756354333s0.jpeg', NULL, '.jpeg', 'uploadfile/2013/12/02/13859756354333s0.jpeg', 69, 0, '670x502', 0, 0, 1385975635, 1, '127.0.0.1'),
(16, '0.jpg', '13860321044692s0.jpg', NULL, '.jpg', 'uploadfile/2013/12/03/13860321044692s0.jpg', 7, 0, '200x200', 0, 0, 1386032105, 1, '127.0.0.1'),
(17, '0.jpg', '13860358733634s0.jpg', NULL, '.jpg', 'uploadfile/2013/12/03/13860358733634s0.jpg', 7, 0, '200x200', 0, 0, 1386035873, 1, '127.0.0.1'),
(18, '0.jpg', '13860361040228s0.jpg', NULL, '.jpg', 'uploadfile/2013/12/03/13860361040228s0.jpg', 7, 0, '200x200', 0, 0, 1386036104, 1, '127.0.0.1'),
(19, '0.jpg', '13860363448175s0.jpg', NULL, '.jpg', 'uploadfile/2013/12/03/13860363448175s0.jpg', 7, 0, '200x200', 0, 0, 1386036344, 1, '127.0.0.1'),
(20, '0.jpg', '13860365750166s0.jpg', NULL, '.jpg', 'uploadfile/logo/2013/12/03/13860365750166s0.jpg', 7, 0, '200x200', 0, 0, 1386036575, 1, '127.0.0.1'),
(21, '0.jpg', '13860370742068s0.jpg', NULL, '.jpg', 'uploadfile/logo/2013/12/03/13860370742068s0.jpg', 7, 0, '200x200', 0, 0, 1386037074, 1, '127.0.0.1'),
(22, '1.jpg', '13863134024552s0.jpg', NULL, '.jpg', 'uploadfile/shops/0/2013/12/13863134024552s0.jpg', 77, 1, '320x480', 0, 0, 1386313402, 0, '192.168.0.124'),
(23, '2.jpg', '13863135100168s0.jpg', NULL, '.jpg', 'uploadfile/shops/0/2013/12/13863135100168s0.jpg', 41, 1, '320x480', 0, 0, 1386313510, 0, '192.168.0.124'),
(24, '1383535776517.jpg', '13867450889146s0.jpg', NULL, '.jpg', 'uploadfile/shops/0/2013/12/13867450889146s0.jpg', 136, 1, '640x960', 0, 0, 1386745089, 0, '127.0.0.1'),
(25, 'boerduooululiweng2009.jpg', '13868158961199s1.jpg', NULL, '.jpg', 'uploadfile/adv/2013/12/12/13868158961199s1.jpg', 99, 0, '714x517', 1, 1, 1386815896, 1, '127.0.0.1'),
(26, 'JC-65B (2)(1).jpg', '13868168454458s1.jpg', NULL, '.jpg', 'uploadfile/adv/2013/12/12/13868168454458s1.jpg', 610, 0, '670x2470', 1, 1, 1386816845, 1, '127.0.0.1'),
(27, '0.jpg', '13868170519076s1.jpg', NULL, '.jpg', 'uploadfile/adv/2013/12/12/13868170519076s1.jpg', 7, 0, '200x200', 1, 1, 1386817051, 1, '127.0.0.1'),
(28, 'jfqb.jpg', '13868192236596s1.jpg', NULL, '.jpg', 'uploadfile/adv/2013/12/12/13868192236596s1.jpg', 130, 0, '980x347', 1, 1, 1386819223, 1, '127.0.0.1'),
(29, 'rg000932_1_640_960.jpg', '13868266984086s1.jpg', NULL, '.jpg', 'uploadfile/adv/2013/12/12/13868266984086s1.jpg', 129, 0, '640x960', 1, 1, 1386826698, 1, '127.0.0.1'),
(30, 'rs000045_640_960.jpg', '138682764414s0.jpg', NULL, '.jpg', 'uploadfile/adv/2013/12/12/138682764414s0.jpg', 76, 0, '640x960', 0, 1, 1386827644, 1, '127.0.0.1'),
(31, 'rs000045_1_640_960.jpg', '1386827939582s0.jpg', NULL, '.jpg', 'uploadfile/adv/2013/12/12/1386827939582s0.jpg', 128, 0, '640x960', 0, 1, 1386827939, 1, '127.0.0.1'),
(32, '0.jpg', '13868281397029s0.jpg', NULL, '.jpg', 'uploadfile/adv/2013/12/12/13868281397029s0.jpg', 7, 0, '200x200', 0, 1, 1386828139, 1, '127.0.0.1'),
(33, 'jqfb.jpg', '13868320058425s0.jpg', NULL, '.jpg', 'uploadfile/adv/2013/12/12/13868320058425s0.jpg', 130, 0, '980x347', 0, 1, 1386832005, 1, '127.0.0.1'),
(34, 'shks.jpg', '1386832040711s0.jpg', NULL, '.jpg', 'uploadfile/adv/2013/12/12/1386832040711s0.jpg', 134, 0, '980x347', 0, 1, 1386832040, 1, '127.0.0.1'),
(35, 'mzbdsg.jpg', '13868321079778s0.jpg', NULL, '.jpg', 'uploadfile/adv/2013/12/12/13868321079778s0.jpg', 98, 0, '980x347', 0, 1, 1386832108, 1, '127.0.0.1'),
(36, 'zgsr.jpg', '1386832167514s0.jpg', NULL, '.jpg', 'uploadfile/adv/2013/12/12/1386832167514s0.jpg', 102, 0, '980x347', 0, 1, 1386832167, 1, '127.0.0.1'),
(37, 'qqjx.jpg', '13868322680918s0.jpg', NULL, '.jpg', 'uploadfile/adv/2013/12/12/13868322680918s0.jpg', 128, 0, '980x347', 0, 1, 1386832268, 1, '127.0.0.1'),
(38, 'zxth.jpg', '13868323050088s0.jpg', NULL, '.jpg', 'uploadfile/adv/2013/12/12/13868323050088s0.jpg', 102, 0, '980x347', 0, 1, 1386832305, 1, '127.0.0.1'),
(39, 'hldp.jpg', '13868323754089s0.jpg', NULL, '.jpg', 'uploadfile/adv/2013/12/12/13868323754089s0.jpg', 112, 0, '980x347', 0, 1, 1386832375, 1, '127.0.0.1'),
(40, '2013pjstj15.jpg', '13868324050034s0.jpg', NULL, '.jpg', 'uploadfile/adv/2013/12/12/13868324050034s0.jpg', 139, 0, '980x347', 0, 1, 1386832405, 1, '127.0.0.1'),
(41, 'tz001282.jpg', '13868349838894s0.jpg', NULL, '.jpg', 'uploadfile/adv/2013/12/12/13868349838894s0.jpg', 81, 0, '218x354', 0, 1, 1386834983, 1, '127.0.0.1'),
(42, 'tz001283.jpg', '13868350241014s0.jpg', NULL, '.jpg', 'uploadfile/adv/2013/12/12/13868350241014s0.jpg', 77, 0, '218x354', 0, 1, 1386835024, 1, '127.0.0.1'),
(43, 'tz001291.jpg', '13868350872528s0.jpg', NULL, '.jpg', 'uploadfile/adv/2013/12/12/13868350872528s0.jpg', 59, 0, '218x354', 0, 1, 1386835087, 1, '127.0.0.1'),
(44, 'brand_banrd_03.jpg', '13868353152806s0.jpg', NULL, '.jpg', 'uploadfile/adv/2013/12/12/13868353152806s0.jpg', 76, 0, '1200x170', 0, 1, 1386835315, 1, '127.0.0.1'),
(45, 'banimg.jpg', '13868354000503s0.jpg', NULL, '.jpg', 'uploadfile/adv/2013/12/12/13868354000503s0.jpg', 11, 0, '218x156', 0, 1, 1386835400, 1, '127.0.0.1'),
(46, 'pu1.jpg', '13868355837498s0.jpg', NULL, '.jpg', 'uploadfile/adv/2013/12/12/13868355837498s0.jpg', 122, 0, '475x150', 0, 1, 1386835583, 1, '127.0.0.1'),
(47, 'pu2.jpg', '13868356488164s0.jpg', NULL, '.jpg', 'uploadfile/adv/2013/12/12/13868356488164s0.jpg', 105, 0, '475x150', 0, 1, 1386835648, 1, '127.0.0.1'),
(48, 'pjs14.jpg', '13868357614581s0.jpg', NULL, '.jpg', 'uploadfile/adv/2013/12/12/13868357614581s0.jpg', 613, 0, '218x156', 0, 1, 1386835761, 1, '127.0.0.1'),
(49, 'pjs15.jpg', '1386835793222s0.jpg', NULL, '.jpg', 'uploadfile/adv/2013/12/12/1386835793222s0.jpg', 10, 0, '218x156', 0, 1, 1386835793, 1, '127.0.0.1'),
(50, 'br000003.jpg', '13868359612911s0.jpg', NULL, '.jpg', 'uploadfile/adv/2013/12/12/13868359612911s0.jpg', 36, 0, '475x150', 0, 1, 1386835961, 1, '127.0.0.1'),
(51, 'lk000004.jpg', '13868360355738s0.jpg', NULL, '.jpg', 'uploadfile/adv/2013/12/12/13868360355738s0.jpg', 105, 0, '475x150', 0, 1, 1386836035, 1, '127.0.0.1'),
(52, 'jj000011.jpg', '13868361204715s0.jpg', NULL, '.jpg', 'uploadfile/adv/2013/12/12/13868361204715s0.jpg', 33, 0, '475x150', 0, 1, 1386836120, 1, '127.0.0.1'),
(53, 'jj000031.jpg', '13868361680553s0.jpg', NULL, '.jpg', 'uploadfile/adv/2013/12/12/13868361680553s0.jpg', 35, 0, '475x150', 0, 1, 1386836168, 1, '127.0.0.1'),
(54, 'tz123.jpg', '13868394367672s0.jpg', NULL, '.jpg', 'uploadfile/adv/2013/12/12/13868394367672s0.jpg', 92, 0, '255x272', 0, 1, 1386839436, 1, '127.0.0.1'),
(55, 'tz321.jpg', '13868394869567s0.jpg', NULL, '.jpg', 'uploadfile/adv/2013/12/12/13868394869567s0.jpg', 86, 0, '255x272', 0, 1, 1386839486, 1, '127.0.0.1'),
(56, '12.jpg', '1399485977148s0.jpg', NULL, '.jpg', 'uploadfile/channel/2014/05/08/1399485977148s0.jpg', 122, 0, '494x276', 0, 1, 1399485977, 1, '127.0.0.1'),
(57, '12.jpg', '13994860181416s0.jpg', NULL, '.jpg', 'uploadfile/channel/2014/05/08/13994860181416s0.jpg', 122, 0, '494x276', 0, 1, 1399486018, 1, '127.0.0.1'),
(58, '12.jpg', '1399486832628s0.jpg', NULL, '.jpg', 'uploadfile/channel/2014/05/08/1399486832628s0.jpg', 122, 0, '494x276', 0, 1, 1399486832, 1, '127.0.0.1'),
(59, '12.jpg', '13994868856475s0.jpg', NULL, '.jpg', 'uploadfile/channel/2014/05/08/13994868856475s0.jpg', 122, 0, '494x276', 0, 1, 1399486885, 1, '127.0.0.1'),
(60, '12.jpg', '13994869180498s0.jpg', NULL, '.jpg', 'uploadfile/channel/2014/05/08/13994869180498s0.jpg', 122, 0, '494x276', 0, 1, 1399486918, 1, '127.0.0.1'),
(61, 'bn1.jpg', '13998361635248s0.jpg', NULL, '.jpg', 'uploadfile/adv/2014/05/12/13998361635248s0.jpg', 242, 0, '998x434', 0, 1, 1399836163, 1, '127.0.0.1'),
(62, 'bn2.jpg', '13998361888642s0.jpg', NULL, '.jpg', 'uploadfile/adv/2014/05/12/13998361888642s0.jpg', 274, 0, '998x434', 0, 1, 1399836188, 1, '127.0.0.1'),
(63, '111.jpg', '14000936744438s0.jpg', NULL, '.jpg', 'uploadfile/user/2014/05/15/14000936744438s0.jpg', 157, 0, '351x346', 0, 1, 1400093674, 1, '127.0.0.1'),
(64, '111.jpg', '14000936934436s0.jpg', NULL, '.jpg', 'uploadfile/user/2014/05/15/14000936934436s0.jpg', 157, 0, '351x346', 0, 1, 1400093693, 1, '127.0.0.1'),
(65, '111.jpg', '14000937168865s0.jpg', NULL, '.jpg', 'uploadfile/user/2014/05/15/14000937168865s0.jpg', 157, 0, '351x346', 0, 1, 1400093716, 1, '127.0.0.1'),
(66, '111.jpg', '14000938549286s0.jpg', NULL, '.jpg', 'uploadfile/user/2014/05/15/14000938549286s0.jpg', 157, 0, '351x346', 0, 1, 1400093854, 1, '127.0.0.1'),
(67, '222.jpg', '14000952851594s0.jpg', NULL, '.jpg', 'uploadfile/user/2014/05/15/14000952851594s0.jpg', 453, 0, '684x510', 0, 1, 1400095285, 1, '127.0.0.1'),
(68, '222.jpg', '1400095304158s0.jpg', NULL, '.jpg', 'uploadfile/user/2014/05/15/1400095304158s0.jpg', 453, 0, '684x510', 0, 1, 1400095304, 1, '127.0.0.1'),
(69, '222.jpg', '14000953312733s0.jpg', NULL, '.jpg', 'uploadfile/user/2014/05/15/14000953312733s0.jpg', 453, 0, '684x510', 0, 1, 1400095331, 1, '127.0.0.1'),
(70, '333.jpg', '14000954158183s0.jpg', NULL, '.jpg', 'uploadfile/user/2014/05/15/14000954158183s0.jpg', 176, 0, '872x513', 0, 1, 1400095415, 1, '127.0.0.1'),
(71, '333.jpg', '14000954797359s0.jpg', NULL, '.jpg', 'uploadfile/user/2014/05/15/14000954797359s0.jpg', 176, 0, '872x513', 0, 1, 1400095479, 1, '127.0.0.1'),
(72, '333.jpg', '14000975372574s0.jpg', NULL, '.jpg', 'uploadfile/user/2014/05/15/14000975372574s0.jpg', 176, 0, '872x513', 0, 1, 1400097537, 1, '127.0.0.1'),
(73, '222.jpg', '14004402961503s0.jpg', NULL, '.jpg', 'uploadfile/bidding/2014/05/19/14004402961503s0.jpg', 36, 0, '175x175', 0, 0, 1400440296, 1, '127.0.0.1'),
(74, '222.jpg', '1400440419793s0.jpg', NULL, '.jpg', 'uploadfile/bidding/2014/05/19/1400440419793s0.jpg', 36, 0, '175x175', 0, 0, 1400440419, 1, '127.0.0.1'),
(75, '333.jpg', '14004406969392s0.jpg', NULL, '.jpg', 'uploadfile/task/2014/05/19/14004406969392s0.jpg', 28, 0, '177x132', 0, 0, 1400440696, 1, '127.0.0.1'),
(76, '333.jpg', '14004407245224s0.jpg', NULL, '.jpg', 'uploadfile/task/2014/05/19/14004407245224s0.jpg', 28, 0, '177x132', 0, 0, 1400440724, 1, '127.0.0.1'),
(77, '222.jpg', '1400440724557s0.jpg', NULL, '.jpg', 'uploadfile/task/2014/05/19/1400440724557s0.jpg', 36, 0, '175x175', 0, 0, 1400440724, 1, '127.0.0.1'),
(78, 'LOGO.jpg', '14006997196853s0.jpg', NULL, '.jpg', 'uploadfile/user/2014/05/22/14006997196853s0.jpg', 22, 0, '443x331', 0, 1, 1400699719, 1, '127.0.0.1'),
(79, '111.jpg', '14008757545021s1.jpg', NULL, '.jpg', 'uploadfile/link/2014/05/24/14008757545021s1.jpg', 55, 0, '600x433', 1, 1, 1400875754, 1, '127.0.0.1'),
(82, '111.jpg', '14008776479392s1.jpg', NULL, '.jpg', 'uploadfile/graphic/2014/05/24/14008776479392s1.jpg', 55, 0, '600x433', 1, 1, 1400877647, 1, '127.0.0.1'),
(85, '222.jpg', '14008778751707s1.jpg', NULL, '.jpg', 'uploadfile/graphic/2014/05/24/14008778751707s1.jpg', 66, 0, '600x433', 1, 1, 1400877875, 1, '127.0.0.1'),
(83, '111.jpg', '14008776851937s1.jpg', NULL, '.jpg', 'uploadfile/graphic/2014/05/24/14008776851937s1.jpg', 55, 0, '600x433', 1, 1, 1400877685, 1, '127.0.0.1'),
(87, '1-1.jpg', '14010211566321s0.jpg', NULL, '.jpg', 'uploadfile/shops/0/2014/05/14010211566321s0.jpg', 118, 1, '339x472', 0, 0, 1401021156, 0, '127.0.0.1'),
(86, '333.jpg', '14008788202261s1.jpg', NULL, '.jpg', 'uploadfile/graphic/2014/05/24/14008788202261s1.jpg', 114, 0, '493x337', 1, 1, 1400878820, 0, '127.0.0.1'),
(88, '1-2.jpg', '14010211646753s0.jpg', NULL, '.jpg', 'uploadfile/shops/0/2014/05/14010211646753s0.jpg', 92, 1, '357x378', 0, 0, 1401021164, 0, '127.0.0.1'),
(89, '1-1.jpg', '14010214633202s0.jpg', NULL, '.jpg', 'uploadfile/shops/0/2014/05/14010214633202s0.jpg', 118, 1, '339x472', 0, 0, 1401021463, 0, '127.0.0.1'),
(90, '1-2.jpg', '14010214670348s0.jpg', NULL, '.jpg', 'uploadfile/shops/0/2014/05/14010214670348s0.jpg', 92, 1, '357x378', 0, 0, 1401021467, 0, '127.0.0.1'),
(91, '1-2.jpg', '14010215925299s0.jpg', NULL, '.jpg', 'uploadfile/shops/0/2014/05/14010215925299s0.jpg', 92, 1, '357x378', 0, 0, 1401021592, 0, '127.0.0.1'),
(92, '1-1.jpg', '1401021595736s0.jpg', NULL, '.jpg', 'uploadfile/shops/0/2014/05/1401021595736s0.jpg', 118, 1, '339x472', 0, 0, 1401021595, 0, '127.0.0.1'),
(93, '1-2.jpg', '14010220038499s0.jpg', NULL, '.jpg', 'uploadfile/shops/0/2014/05/14010220038499s0.jpg', 92, 1, '357x378', 0, 0, 1401022004, 0, '127.0.0.1'),
(94, '1-1.jpg', '1401022126242s0.jpg', NULL, '.jpg', 'uploadfile/shops/0/2014/05/1401022126242s0.jpg', 118, 1, '339x472', 0, 0, 1401022126, 0, '127.0.0.1'),
(95, '1-1.jpg', '14010221612999s0.jpg', NULL, '.jpg', 'uploadfile/shops/0/2014/05/14010221612999s0.jpg', 118, 1, '339x472', 0, 0, 1401022161, 0, '127.0.0.1'),
(96, 'snbannerb1.jpg', '14010308972286s0.jpg', NULL, '.jpg', 'uploadfile/adv/2014/05/25/14010308972286s0.jpg', 257, 0, '1440x508', 0, 1, 1401030898, 1, '127.0.0.1'),
(97, 'snbannerb2.jpg', '14010309605285s0.jpg', NULL, '.jpg', 'uploadfile/adv/2014/05/25/14010309605285s0.jpg', 267, 0, '1440x508', 0, 1, 1401030960, 1, '127.0.0.1'),
(98, 'snbannerb3.jpg', '1401031010563s0.jpg', NULL, '.jpg', 'uploadfile/adv/2014/05/25/1401031010563s0.jpg', 322, 0, '1440x508', 0, 1, 1401031010, 1, '127.0.0.1'),
(99, 'snbannerb4.jpg', '14010310715699s0.jpg', NULL, '.jpg', 'uploadfile/adv/2014/05/25/14010310715699s0.jpg', 300, 0, '1440x508', 0, 1, 1401031071, 1, '127.0.0.1'),
(100, 'snbannerb5.jpg', '14010311278867s0.jpg', NULL, '.jpg', 'uploadfile/adv/2014/05/25/14010311278867s0.jpg', 604, 0, '1440x508', 0, 1, 1401031128, 1, '127.0.0.1'),
(101, '111.jpg', '1401036511818s0.jpg', NULL, '.jpg', 'uploadfile/shops/0/2014/05/1401036511818s0.jpg', 101, 1, '361x428', 0, 0, 1401036512, 0, '127.0.0.1'),
(102, '222.jpg', '14010419677551s0.jpg', NULL, '.jpg', 'uploadfile/acticle/2014/05/26/14010419677551s0.jpg', 83, 0, '248x188', 0, 1, 1401041967, 1, '127.0.0.1'),
(103, '222.jpg', '14010426485959s0.jpg', NULL, '.jpg', 'uploadfile/acticle/2014/05/26/14010426485959s0.jpg', 83, 0, '248x188', 0, 1, 1401042648, 1, '127.0.0.1'),
(104, '222.jpg', '14010473989334s0.jpg', NULL, '.jpg', 'uploadfile/acticle/2014/05/26/14010473989334s0.jpg', 83, 0, '248x188', 0, 1, 1401047398, 1, '127.0.0.1'),
(105, '333.jpg', '14010486470585s0.jpg', NULL, '.jpg', 'uploadfile/acticle/2014/05/26/14010486470585s0.jpg', 46, 0, '209x138', 0, 1, 1401048647, 1, '127.0.0.1'),
(106, 'prosyimg4.jpg', '14019091780145s0.jpg', NULL, '.jpg', 'uploadfile/shops/0/2014/06/14019091780145s0.jpg', 13, 1, '135x125', 0, 0, 1401909178, 0, '127.0.0.1'),
(107, '１１.jpg', '14025618728922s1.jpg', NULL, '.jpg', 'uploadfile/user/2014/06/12/14025618728922s1.jpg', 24, 0, '142x109', 1, 1, 1402561872, 1, '127.0.0.1'),
(108, '11.png', '14029022685402s0.png', NULL, '.png', 'uploadfile/shops/0/2014/06/14029022685402s0.png', 36, 1, '187x168', 0, 0, 1402902268, 0, '127.0.0.1'),
(109, '11.png', '14029023114883s0.png', NULL, '.png', 'uploadfile/shops/0/2014/06/14029023114883s0.png', 36, 1, '187x168', 0, 0, 1402902311, 0, '127.0.0.1'),
(110, '11.png', '14029056862429s0.png', NULL, '.png', 'uploadfile/shops/0/2014/06/14029056862429s0.png', 36, 1, '187x168', 0, 0, 1402905686, 0, '127.0.0.1'),
(111, '11.png', '14029084937359s0.png', NULL, '.png', 'uploadfile/shops/0/2014/06/14029084937359s0.png', 36, 1, '187x168', 0, 0, 1402908493, 0, '127.0.0.1'),
(112, '111.jpg', '14034922517539s0.jpg', NULL, '.jpg', 'uploadfile/acticle/2014/06/23/14034922517539s0.jpg', 42, 0, '193x152', 0, 1, 1403492251, 1, '127.0.0.1'),
(113, '222.jpg', '14034922518564s0.jpg', NULL, '.jpg', 'uploadfile/acticle/2014/06/23/14034922518564s0.jpg', 19, 0, '108x144', 0, 1, 1403492251, 1, '127.0.0.1'),
(114, '222.jpg', '14034923851636s0.jpg', NULL, '.jpg', 'uploadfile/acticle/2014/06/23/14034923851636s0.jpg', 19, 0, '108x144', 0, 1, 1403492385, 1, '127.0.0.1'),
(115, '111.jpg', '14034923852051s0.jpg', NULL, '.jpg', 'uploadfile/acticle/2014/06/23/14034923852051s0.jpg', 42, 0, '193x152', 0, 1, 1403492385, 1, '127.0.0.1'),
(116, '111.jpg', '14034924770796s0.jpg', NULL, '.jpg', 'uploadfile/acticle/2014/06/23/14034924770796s0.jpg', 42, 0, '193x152', 0, 1, 1403492477, 1, '127.0.0.1'),
(117, '222.jpg', '1403492477116s0.jpg', NULL, '.jpg', 'uploadfile/acticle/2014/06/23/1403492477116s0.jpg', 19, 0, '108x144', 0, 1, 1403492477, 1, '127.0.0.1'),
(118, '111.jpg', '14034976671686s0.jpg', NULL, '.jpg', 'uploadfile/acticle/2014/06/23/14034976671686s0.jpg', 42, 0, '193x152', 0, 1, 1403497667, 1, '127.0.0.1'),
(119, '222.jpg', '14034982459152s0.jpg', NULL, '.jpg', 'uploadfile/acticle/2014/06/23/14034982459152s0.jpg', 19, 0, '108x144', 0, 1, 1403498245, 1, '127.0.0.1'),
(120, 'about.jpg', '14048391902402s0.jpg', NULL, '.jpg', 'uploadfile/adv/2014/07/09/14048391902402s0.jpg', 152, 0, '1440x508', 0, 1, 1404839190, 1, '127.0.0.1'),
(121, 'news.jpg', '14048403713177s0.jpg', NULL, '.jpg', 'uploadfile/adv/2014/07/09/14048403713177s0.jpg', 171, 0, '1440x508', 0, 1, 1404840371, 1, '127.0.0.1'),
(122, 'product.jpg', '14048405086139s0.jpg', NULL, '.jpg', 'uploadfile/adv/2014/07/09/14048405086139s0.jpg', 159, 0, '1440x508', 0, 1, 1404840508, 1, '127.0.0.1'),
(123, 'case.jpg', '14048406096493s0.jpg', NULL, '.jpg', 'uploadfile/adv/2014/07/09/14048406096493s0.jpg', 152, 0, '1440x508', 0, 1, 1404840609, 1, '127.0.0.1'),
(124, 'yanxiu.jpg', '14048406969413s0.jpg', NULL, '.jpg', 'uploadfile/adv/2014/07/09/14048406969413s0.jpg', 152, 0, '1440x508', 0, 1, 1404840697, 1, '127.0.0.1'),
(125, 'customer.jpg', '14048409910823s0.jpg', NULL, '.jpg', 'uploadfile/adv/2014/07/09/14048409910823s0.jpg', 152, 0, '1440x508', 0, 1, 1404840991, 1, '127.0.0.1'),
(126, 'contact.jpg', '14048411860084s0.jpg', NULL, '.jpg', 'uploadfile/adv/2014/07/09/14048411860084s0.jpg', 148, 0, '1440x508', 0, 1, 1404841186, 1, '127.0.0.1'),
(127, '11.jpg', '14056116987611s0.jpg', NULL, '.jpg', 'uploadfile/acticle/2014/07/17/14056116987611s0.jpg', 17, 0, '260x142', 0, 1, 1405611698, 0, '127.0.0.1'),
(128, '22.jpg', '14056117085562s0.jpg', NULL, '.jpg', 'uploadfile/acticle/2014/07/17/14056117085562s0.jpg', 23, 0, '260x142', 0, 1, 1405611708, 0, '127.0.0.1'),
(129, '11.jpg', '1405612227177s0.jpg', NULL, '.jpg', 'uploadfile/acticle/2014/07/17/1405612227177s0.jpg', 17, 0, '260x142', 0, 1, 1405612227, 0, '127.0.0.1'),
(130, '22.jpg', '14056122355233s0.jpg', NULL, '.jpg', 'uploadfile/acticle/2014/07/17/14056122355233s0.jpg', 23, 0, '260x142', 0, 1, 1405612235, 0, '127.0.0.1'),
(237, 'QQ截图20140825104838.jpg', '14089349590259s0.jpg', NULL, '.jpg', 'uploadfile/acticle/2014/08/25/14089349590259s0.jpg', 41, 0, '165x124', 0, 1, 1408934959, 1, '60.190.201.158'),
(134, '主图.jpg', '14065083909906s0.jpg', NULL, '.jpg', 'uploadfile/shops/0/2014/07/14065083909906s0.jpg', 84, 1, '500x499', 0, 0, 1406508391, 0, '60.190.201.158'),
(135, '主图.jpg', '14065087431466s0.jpg', NULL, '.jpg', 'uploadfile/shops/0/2014/07/14065087431466s0.jpg', 87, 1, '500x500', 0, 0, 1406508743, 0, '60.190.201.158'),
(136, '主图.jpg', '14065090481053s0.jpg', NULL, '.jpg', 'uploadfile/shops/0/2014/07/14065090481053s0.jpg', 79, 1, '500x500', 0, 0, 1406509048, 0, '60.190.201.158'),
(137, '主图.jpg', '14065092166935s0.jpg', NULL, '.jpg', 'uploadfile/shops/0/2014/07/14065092166935s0.jpg', 101, 1, '500x500', 0, 0, 1406509217, 0, '60.190.201.158'),
(138, '主图.jpg', '14065093946843s0.jpg', NULL, '.jpg', 'uploadfile/shops/0/2014/07/14065093946843s0.jpg', 89, 1, '500x500', 0, 0, 1406509395, 0, '60.190.201.158'),
(139, '主图.jpg', '1406509600667s0.jpg', NULL, '.jpg', 'uploadfile/shops/0/2014/07/1406509600667s0.jpg', 90, 1, '500x500', 0, 0, 1406509601, 0, '60.190.201.158'),
(140, '主图1.jpg', '1406510081607s0.jpg', NULL, '.jpg', 'uploadfile/shops/0/2014/07/1406510081607s0.jpg', 58, 1, '500x500', 0, 0, 1406510082, 0, '60.190.201.158'),
(141, '主图2.jpg', '14065100844322s0.jpg', NULL, '.jpg', 'uploadfile/shops/0/2014/07/14065100844322s0.jpg', 65, 1, '500x500', 0, 0, 1406510084, 0, '60.190.201.158'),
(142, '主图.jpg', '14065102669459s0.jpg', NULL, '.jpg', 'uploadfile/shops/0/2014/07/14065102669459s0.jpg', 130, 1, '500x500', 0, 0, 1406510267, 0, '60.190.201.158'),
(143, '主图.jpg', '14065106574954s0.jpg', NULL, '.jpg', 'uploadfile/shops/0/2014/07/14065106574954s0.jpg', 39, 1, '500x500', 0, 0, 1406510657, 0, '60.190.201.158'),
(144, '主图.jpg', '14065111535441s0.jpg', NULL, '.jpg', 'uploadfile/shops/0/2014/07/14065111535441s0.jpg', 40, 1, '500x500', 0, 0, 1406511153, 0, '60.190.201.158'),
(145, '主图.jpg', '14065114049653s0.jpg', NULL, '.jpg', 'uploadfile/shops/0/2014/07/14065114049653s0.jpg', 80, 1, '500x501', 0, 0, 1406511405, 0, '60.190.201.158'),
(146, '主图.jpg', '14065115600556s0.jpg', NULL, '.jpg', 'uploadfile/shops/0/2014/07/14065115600556s0.jpg', 84, 1, '500x500', 0, 0, 1406511560, 0, '60.190.201.158'),
(147, '主图.jpg', '14065118471997s0.jpg', NULL, '.jpg', 'uploadfile/shops/0/2014/07/14065118471997s0.jpg', 105, 1, '500x500', 0, 0, 1406511847, 0, '60.190.201.158'),
(148, '主图.jpg', '14065122285631s0.jpg', NULL, '.jpg', 'uploadfile/shops/0/2014/07/14065122285631s0.jpg', 62, 1, '500x500', 0, 0, 1406512228, 0, '60.190.201.158'),
(149, '主图.jpg', '14065124072954s0.jpg', NULL, '.jpg', 'uploadfile/shops/0/2014/07/14065124072954s0.jpg', 99, 1, '500x499', 0, 0, 1406512407, 0, '60.190.201.158'),
(150, '主图.jpg', '14065126137276s0.jpg', NULL, '.jpg', 'uploadfile/shops/0/2014/07/14065126137276s0.jpg', 84, 1, '500x500', 0, 0, 1406512614, 0, '60.190.201.158'),
(151, '主图1.jpg', '14065128319515s0.jpg', NULL, '.jpg', 'uploadfile/shops/0/2014/07/14065128319515s0.jpg', 88, 1, '500x499', 0, 0, 1406512832, 0, '60.190.201.158'),
(152, '主图2.jpg', '14065128340883s0.jpg', NULL, '.jpg', 'uploadfile/shops/0/2014/07/14065128340883s0.jpg', 102, 1, '500x499', 0, 0, 1406512834, 0, '60.190.201.158'),
(153, '主图.jpg', '14065136386648s0.jpg', NULL, '.jpg', 'uploadfile/shops/0/2014/07/14065136386648s0.jpg', 155, 1, '500x500', 0, 0, 1406513639, 0, '60.190.201.158'),
(154, '主图.jpg', '14065137036523s0.jpg', NULL, '.jpg', 'uploadfile/shops/0/2014/07/14065137036523s0.jpg', 153, 1, '500x500', 0, 0, 1406513703, 0, '60.190.201.158'),
(155, '主图.jpg', '14065138868273s0.jpg', NULL, '.jpg', 'uploadfile/shops/0/2014/07/14065138868273s0.jpg', 136, 1, '500x503', 0, 0, 1406513887, 0, '60.190.201.158'),
(156, '主图.jpg', '14065140161621s0.jpg', NULL, '.jpg', 'uploadfile/shops/0/2014/07/14065140161621s0.jpg', 183, 1, '500x500', 0, 0, 1406514016, 0, '60.190.201.158'),
(157, '主图.jpg', '14065140890348s0.jpg', NULL, '.jpg', 'uploadfile/shops/0/2014/07/14065140890348s0.jpg', 122, 1, '500x500', 0, 0, 1406514089, 0, '60.190.201.158'),
(158, '主图.jpg', '14065144162501s0.jpg', NULL, '.jpg', 'uploadfile/shops/0/2014/07/14065144162501s0.jpg', 500, 1, '510x541', 0, 0, 1406514416, 0, '60.190.201.158'),
(159, '20140114083418307.jpg', '14066025487559s0.jpg', NULL, '.jpg', 'uploadfile/document/2014/07/29/14066025487559s0.jpg', 112, 0, '1028x672', 0, 1, 1406602548, 0, '60.190.201.158'),
(160, '主图D.jpg', '14066108560002s0.jpg', NULL, '.jpg', 'uploadfile/shops/0/2014/07/14066108560002s0.jpg', 158, 1, '500x500', 0, 0, 1406610856, 0, '60.190.201.158'),
(161, '主图D.jpg', '14066109483036s0.jpg', NULL, '.jpg', 'uploadfile/shops/0/2014/07/14066109483036s0.jpg', 230, 1, '500x500', 0, 0, 1406610948, 0, '60.190.201.158'),
(162, '主图D.jpg', '14066109731546s0.jpg', NULL, '.jpg', 'uploadfile/shops/0/2014/07/14066109731546s0.jpg', 121, 1, '500x500', 0, 0, 1406610973, 0, '60.190.201.158'),
(163, '主图D.jpg', '14066110111384s0.jpg', NULL, '.jpg', 'uploadfile/shops/0/2014/07/14066110111384s0.jpg', 111, 1, '500x500', 0, 0, 1406611011, 0, '60.190.201.158'),
(164, '主图D.jpg', '14066110647204s0.jpg', NULL, '.jpg', 'uploadfile/shops/0/2014/07/14066110647204s0.jpg', 124, 1, '500x500', 0, 0, 1406611065, 0, '60.190.201.158'),
(165, '主图D.jpg', '14066111570481s0.jpg', NULL, '.jpg', 'uploadfile/shops/0/2014/07/14066111570481s0.jpg', 128, 1, '500x500', 0, 0, 1406611157, 0, '60.190.201.158'),
(166, '主图2.jpg', '14066114431545s0.jpg', NULL, '.jpg', 'uploadfile/shops/0/2014/07/14066114431545s0.jpg', 55, 1, '388x388', 0, 0, 1406611443, 0, '60.190.201.158'),
(167, '主图D.jpg', '14066118724783s0.jpg', NULL, '.jpg', 'uploadfile/shops/0/2014/07/14066118724783s0.jpg', 115, 1, '500x500', 0, 0, 1406611872, 0, '60.190.201.158'),
(168, '主图D.jpg', '14066118988055s0.jpg', NULL, '.jpg', 'uploadfile/shops/0/2014/07/14066118988055s0.jpg', 109, 1, '500x500', 0, 0, 1406611899, 0, '60.190.201.158'),
(169, '主图D.jpg', '14066120829019s0.jpg', NULL, '.jpg', 'uploadfile/shops/0/2014/07/14066120829019s0.jpg', 117, 1, '500x500', 0, 0, 1406612083, 0, '60.190.201.158'),
(170, '主图D.jpg', '1406612109952s0.jpg', NULL, '.jpg', 'uploadfile/shops/0/2014/07/1406612109952s0.jpg', 107, 1, '500x500', 0, 0, 1406612110, 0, '60.190.201.158'),
(171, '主图.jpg', '14066147645565s1.jpg', NULL, '.jpg', 'uploadfile/graphic/2014/07/29/14066147645565s1.jpg', 84, 0, '500x500', 1, 1, 1406614764, 1, '60.190.201.158'),
(172, '1111111111111111.jpg', '14066148587883s1.jpg', NULL, '.jpg', 'uploadfile/graphic/2014/07/29/14066148587883s1.jpg', 62, 0, '700x480', 1, 1, 1406614858, 1, '60.190.201.158'),
(173, '1.jpg', '14066151711212s1.jpg', NULL, '.jpg', 'uploadfile/graphic/2014/07/29/14066151711212s1.jpg', 60, 0, '700x480', 1, 1, 1406615171, 1, '60.190.201.158'),
(174, '布氏硬度计.jpg', '14066151954763s1.jpg', NULL, '.jpg', 'uploadfile/graphic/2014/07/29/14066151954763s1.jpg', 50, 0, '700x480', 1, 1, 1406615195, 1, '60.190.201.158'),
(175, '600KN万能材料试验机.jpg', '1406615215518s1.jpg', NULL, '.jpg', 'uploadfile/graphic/2014/07/29/1406615215518s1.jpg', 61, 0, '700x480', 1, 1, 1406615215, 1, '60.190.201.158'),
(176, '3500KN锚链拉力试验机.jpg', '1406615229954s1.jpg', NULL, '.jpg', 'uploadfile/graphic/2014/07/29/1406615229954s1.jpg', 97, 0, '700x480', 1, 1, 1406615230, 1, '60.190.201.158'),
(177, '冲击试验机.jpg', '14066152658826s1.jpg', NULL, '.jpg', 'uploadfile/graphic/2014/07/29/14066152658826s1.jpg', 63, 0, '700x480', 1, 1, 1406615265, 1, '60.190.201.158'),
(178, '三坐标测量仪.jpg', '14066152868352s1.jpg', NULL, '.jpg', 'uploadfile/graphic/2014/07/29/14066152868352s1.jpg', 51, 0, '700x480', 1, 1, 1406615286, 1, '60.190.201.158'),
(179, '投影仪.jpg', '1406615306636s1.jpg', NULL, '.jpg', 'uploadfile/graphic/2014/07/29/1406615306636s1.jpg', 56, 0, '700x480', 1, 1, 1406615306, 1, '60.190.201.158'),
(180, '浙江省著名商标.JPG', '14066153920318s1.JPG', NULL, '.JPG', 'uploadfile/graphic/2014/07/29/14066153920318s1.JPG', 647, 0, '1100x727', 1, 1, 1406615392, 1, '60.190.201.158'),
(181, '手动生产许可证正.jpg', '14066154569302s1.jpg', NULL, '.jpg', 'uploadfile/graphic/2014/07/29/14066154569302s1.jpg', 440, 0, '955x641', 1, 1, 1406615457, 1, '60.190.201.158'),
(182, '特种设备安装改造维修许可证.jpg', '14066155006059s1.jpg', NULL, '.jpg', 'uploadfile/graphic/2014/07/29/14066155006059s1.jpg', 887, 0, '1230x1704', 1, 1, 1406615501, 1, '60.190.201.158'),
(183, '重机协会感谢信.jpg', '14066155198896s1.jpg', NULL, '.jpg', 'uploadfile/graphic/2014/07/29/14066155198896s1.jpg', 264, 0, '600x847', 1, 1, 1406615520, 1, '60.190.201.158'),
(184, '20120302164329757.jpg', '14066156300277s0.jpg', NULL, '.jpg', 'uploadfile/document/2014/07/29/14066156300277s0.jpg', 59, 0, '213x287', 0, 1, 1406615630, 0, '60.190.201.158'),
(185, '20120302164356990.jpg', '14066157607695s0.jpg', NULL, '.jpg', 'uploadfile/document/2014/07/29/14066157607695s0.jpg', 3, 0, '143x65', 0, 1, 1406615760, 0, '60.190.201.158'),
(186, '副理事长单位.jpg', '14066162712362s1.jpg', NULL, '.jpg', 'uploadfile/graphic/2014/07/29/14066162712362s1.jpg', 839, 0, '1300x862', 1, 1, 1406616271, 1, '60.190.201.158'),
(187, '感谢信.jpg', '1406616289295s1.jpg', NULL, '.jpg', 'uploadfile/graphic/2014/07/29/1406616289295s1.jpg', 256, 0, '596x825', 1, 1, 1406616289, 1, '60.190.201.158'),
(188, '30浙江省文明单位.jpg', '1406616352835s1.jpg', NULL, '.jpg', 'uploadfile/graphic/2014/07/29/1406616352835s1.jpg', 849, 0, '1788x1194', 1, 1, 1406616353, 1, '60.190.201.158'),
(189, '28浙江省创新型试点企业.jpg', '14066163832372s1.jpg', NULL, '.jpg', 'uploadfile/graphic/2014/07/29/14066163832372s1.jpg', 803, 0, '1520x921', 1, 1, 1406616383, 1, '60.190.201.158'),
(190, '张文忠签名.png', '1406616745954s0.png', NULL, '.png', 'uploadfile/document/2014/07/29/1406616745954s0.png', 664, 0, '609x279', 0, 1, 1406616745, 0, '60.190.201.158'),
(191, '2015环境管理体系认证.jpg', '14066169644052s1.jpg', NULL, '.jpg', 'uploadfile/graphic/2014/07/29/14066169644052s1.jpg', 731, 0, '1027x1419', 1, 1, 1406616964, 1, '60.190.201.158'),
(192, '1.jpg', '14066194822691s1.jpg', NULL, '.jpg', 'uploadfile/graphic/2014/07/29/14066194822691s1.jpg', 60, 0, '700x480', 1, 1, 1406619482, 1, '60.190.201.158'),
(193, '2.jpg', '14066195079384s1.jpg', NULL, '.jpg', 'uploadfile/graphic/2014/07/29/14066195079384s1.jpg', 62, 0, '700x480', 1, 1, 1406619508, 1, '60.190.201.158'),
(194, '3.jpg', '14066195328976s1.jpg', NULL, '.jpg', 'uploadfile/graphic/2014/07/29/14066195328976s1.jpg', 61, 0, '700x480', 1, 1, 1406619532, 1, '60.190.201.158'),
(195, '4.jpg', '14066195553658s1.jpg', NULL, '.jpg', 'uploadfile/graphic/2014/07/29/14066195553658s1.jpg', 97, 0, '700x480', 1, 1, 1406619555, 1, '60.190.201.158'),
(196, '5.jpg', '1406619579632s1.jpg', NULL, '.jpg', 'uploadfile/graphic/2014/07/29/1406619579632s1.jpg', 50, 0, '700x480', 1, 1, 1406619579, 1, '60.190.201.158'),
(197, '感谢信1.jpg', '14066196181609s1.jpg', NULL, '.jpg', 'uploadfile/graphic/2014/07/29/14066196181609s1.jpg', 45, 0, '497x700', 1, 1, 1406619618, 1, '60.190.201.158'),
(198, '感谢信2.jpg', '14066196309615s1.jpg', NULL, '.jpg', 'uploadfile/graphic/2014/07/29/14066196309615s1.jpg', 64, 0, '514x700', 1, 1, 1406619631, 1, '60.190.201.158'),
(199, '副理事长单位.jpg', '14066196446349s1.jpg', NULL, '.jpg', 'uploadfile/graphic/2014/07/29/14066196446349s1.jpg', 70, 0, '700x465', 1, 1, 1406619644, 1, '60.190.201.158'),
(200, '高新技术企业证书.jpg', '14066196586468s1.jpg', NULL, '.jpg', 'uploadfile/graphic/2014/07/29/14066196586468s1.jpg', 95, 0, '700x472', 1, 1, 1406619658, 1, '60.190.201.158'),
(201, '绍兴市工业行业龙头骨干企业.jpg', '14066196716705s1.jpg', NULL, '.jpg', 'uploadfile/graphic/2014/07/29/14066196716705s1.jpg', 46, 0, '700x457', 1, 1, 1406619671, 1, '60.190.201.158'),
(202, '省级文明单位.jpg', '14066196862326s1.jpg', NULL, '.jpg', 'uploadfile/graphic/2014/07/29/14066196862326s1.jpg', 52, 0, '700x475', 1, 1, 1406619686, 1, '60.190.201.158'),
(203, '浙江省创建和谐劳动关系先进企业.jpg', '14066197006507s1.jpg', NULL, '.jpg', 'uploadfile/graphic/2014/07/29/14066197006507s1.jpg', 53, 0, '700x447', 1, 1, 1406619700, 1, '60.190.201.158'),
(204, '浙江省创新型试点企业.jpg', '14066197164864s1.jpg', NULL, '.jpg', 'uploadfile/graphic/2014/07/29/14066197164864s1.jpg', 54, 0, '700x443', 1, 1, 1406619716, 1, '60.190.201.158'),
(205, '浙江省工商企业信用3A单位.jpg', '14066197308966s1.jpg', NULL, '.jpg', 'uploadfile/graphic/2014/07/29/14066197308966s1.jpg', 73, 0, '700x482', 1, 1, 1406619730, 1, '60.190.201.158'),
(206, '浙江省劳动保障诚信单位.jpg', '14066197450896s1.jpg', NULL, '.jpg', 'uploadfile/graphic/2014/07/29/14066197450896s1.jpg', 65, 0, '700x456', 1, 1, 1406619745, 1, '60.190.201.158'),
(207, '浙江省企业技术中心.jpg', '14066197588607s1.jpg', NULL, '.jpg', 'uploadfile/graphic/2014/07/29/14066197588607s1.jpg', 55, 0, '700x492', 1, 1, 1406619758, 1, '60.190.201.158'),
(208, '组织机构代码证.jpg', '14066197968263s1.jpg', NULL, '.jpg', 'uploadfile/graphic/2014/07/29/14066197968263s1.jpg', 116, 0, '700x487', 1, 1, 1406619796, 1, '60.190.201.158'),
(209, '资信等级证书.jpg', '14066198699307s1.jpg', NULL, '.jpg', 'uploadfile/graphic/2014/07/29/14066198699307s1.jpg', 98, 0, '700x497', 1, 1, 1406619870, 1, '60.190.201.158'),
(210, '质量管理体系认证证书.jpg', '1406619890984s1.jpg', NULL, '.jpg', 'uploadfile/graphic/2014/07/29/1406619890984s1.jpg', 66, 0, '505x700', 1, 1, 1406619891, 1, '60.190.201.158'),
(211, '浙江省著名商标.jpg', '14066199092633s1.jpg', NULL, '.jpg', 'uploadfile/graphic/2014/07/29/14066199092633s1.jpg', 71, 0, '700x473', 1, 1, 1406619909, 1, '60.190.201.158'),
(212, '浙江省知名商号证书.jpg', '14066199240604s1.jpg', NULL, '.jpg', 'uploadfile/graphic/2014/07/29/14066199240604s1.jpg', 105, 0, '700x470', 1, 1, 1406619924, 1, '60.190.201.158'),
(213, '浙江名牌产品证书.jpg', '14066199486043s1.jpg', NULL, '.jpg', 'uploadfile/graphic/2014/07/29/14066199486043s1.jpg', 59, 0, '469x700', 1, 1, 1406619948, 1, '60.190.201.158'),
(214, '特种设备制造许可证.jpg', '14066199642714s1.jpg', NULL, '.jpg', 'uploadfile/graphic/2014/07/29/14066199642714s1.jpg', 55, 0, '496x700', 1, 1, 1406619964, 1, '60.190.201.158'),
(215, '特种设备安装改造维修许可证.jpg', '14066199815873s1.jpg', NULL, '.jpg', 'uploadfile/graphic/2014/07/29/14066199815873s1.jpg', 59, 0, '493x700', 1, 1, 1406619981, 1, '60.190.201.158'),
(216, '税务登记证.jpg', '14066200168893s1.jpg', NULL, '.jpg', 'uploadfile/graphic/2014/07/29/14066200168893s1.jpg', 83, 0, '700x487', 1, 1, 1406620016, 1, '60.190.201.158'),
(217, '税务登记证(副本).jpg', '14066200340984s1.jpg', NULL, '.jpg', 'uploadfile/graphic/2014/07/29/14066200340984s1.jpg', 79, 0, '700x486', 1, 1, 1406620034, 1, '60.190.201.158'),
(218, '全国工业产品生产许可证.jpg', '14066200611091s1.jpg', NULL, '.jpg', 'uploadfile/graphic/2014/07/29/14066200611091s1.jpg', 90, 0, '700x471', 1, 1, 1406620061, 1, '60.190.201.158'),
(219, '企业法人营业执照(正本).jpg', '14066200822208s1.jpg', NULL, '.jpg', 'uploadfile/graphic/2014/07/29/14066200822208s1.jpg', 83, 0, '700x495', 1, 1, 1406620082, 1, '60.190.201.158'),
(220, '企业法人营业执照(副本).jpg', '14066201006143s1.jpg', NULL, '.jpg', 'uploadfile/graphic/2014/07/29/14066201006143s1.jpg', 81, 0, '700x482', 1, 1, 1406620100, 1, '60.190.201.158'),
(221, '纳税信用等级证书11-12.jpg', '14066201250436s1.jpg', NULL, '.jpg', 'uploadfile/graphic/2014/07/29/14066201250436s1.jpg', 119, 0, '700x484', 1, 1, 1406620125, 1, '60.190.201.158'),
(222, '环境管理体系认证证书.jpg', '14066201454437s1.jpg', NULL, '.jpg', 'uploadfile/graphic/2014/07/29/14066201454437s1.jpg', 65, 0, '507x700', 1, 1, 1406620145, 1, '60.190.201.158'),
(223, '国家级星火计划项目证书.jpg', '14066201626544s1.jpg', NULL, '.jpg', 'uploadfile/graphic/2014/07/29/14066201626544s1.jpg', 76, 0, '700x471', 1, 1, 1406620162, 1, '60.190.201.158'),
(224, '国家火炬计划项目证书.jpg', '14066201782262s1.jpg', NULL, '.jpg', 'uploadfile/graphic/2014/07/29/14066201782262s1.jpg', 83, 0, '476x700', 1, 1, 1406620178, 1, '60.190.201.158'),
(225, 'TBM浙江出口名牌证书.jpg', '14066201995591s1.jpg', NULL, '.jpg', 'uploadfile/graphic/2014/07/29/14066201995591s1.jpg', 77, 0, '700x473', 1, 1, 1406620199, 1, '60.190.201.158'),
(226, 'F1.jpg', '14066213221524s0.jpg', NULL, '.jpg', 'uploadfile/document/2014/07/29/14066213221524s0.jpg', 83, 0, '800x376', 0, 1, 1406621322, 0, '60.190.201.158'),
(227, 'F2.jpg', '14066214390798s0.jpg', NULL, '.jpg', 'uploadfile/document/2014/07/29/14066214390798s0.jpg', 70, 0, '800x329', 0, 1, 1406621439, 0, '60.190.201.158'),
(228, 'F3.jpg', '14066215320203s0.jpg', NULL, '.jpg', 'uploadfile/document/2014/07/29/14066215320203s0.jpg', 57, 0, '800x294', 0, 1, 1406621532, 0, '60.190.201.158'),
(229, '二号照 g.jpg', '14066249900987s0.jpg', NULL, '.jpg', 'uploadfile/document/2014/07/29/14066249900987s0.jpg', 122, 0, '300x448', 0, 1, 1406624990, 0, '115.236.66.146'),
(230, 'QQ截图20140730084811.jpg', '14066814508936s0.jpg', NULL, '.jpg', 'uploadfile/document/2014/07/30/14066814508936s0.jpg', 47, 0, '700x533', 0, 1, 1406681450, 0, '60.190.201.158'),
(231, '主图.jpg', '14067870135119s0.jpg', NULL, '.jpg', 'uploadfile/shops/0/2014/07/14067870135119s0.jpg', 47, 1, '500x500', 0, 0, 1406787013, 0, '60.190.201.158'),
(232, '主图D.jpg', '14067870191916s0.jpg', NULL, '.jpg', 'uploadfile/shops/0/2014/07/14067870191916s0.jpg', 158, 1, '500x500', 0, 0, 1406787019, 0, '60.190.201.158'),
(233, '主图D.jpg', '14067873220322s0.jpg', NULL, '.jpg', 'uploadfile/shops/0/2014/07/14067873220322s0.jpg', 128, 1, '500x500', 0, 0, 1406787322, 0, '60.190.201.158'),
(234, '主图.jpg', '1406787324702s0.jpg', NULL, '.jpg', 'uploadfile/shops/0/2014/07/1406787324702s0.jpg', 89, 1, '500x499', 0, 0, 1406787325, 0, '60.190.201.158'),
(235, '主图D.jpg', '14067873688556s0.jpg', NULL, '.jpg', 'uploadfile/shops/0/2014/07/14067873688556s0.jpg', 111, 1, '500x500', 0, 0, 1406787369, 0, '60.190.201.158'),
(236, '主图.jpg', '14067873716761s0.jpg', NULL, '.jpg', 'uploadfile/shops/0/2014/07/14067873716761s0.jpg', 87, 1, '500x500', 0, 0, 1406787372, 0, '60.190.201.158'),
(238, 'QQ截图20140825104838.jpg', '1408934959125s0.jpg', NULL, '.jpg', 'uploadfile/acticle/2014/08/25/1408934959125s0.jpg', 41, 0, '165x124', 0, 1, 1408934959, 1, '60.190.201.158'),
(239, 'IMG_2961.JPG', '14089351595838s0.JPG', NULL, '.JPG', 'uploadfile/acticle/2014/08/25/14089351595838s0.JPG', 54, 0, '144x108', 0, 1, 1408935159, 1, '60.190.201.158'),
(240, 'IMG_2961.JPG', '14089351596435s0.JPG', NULL, '.JPG', 'uploadfile/acticle/2014/08/25/14089351596435s0.JPG', 54, 0, '144x108', 0, 1, 1408935159, 1, '60.190.201.158'),
(242, 'IMG_0547.JPG', '14089355014265s0.JPG', NULL, '.JPG', 'uploadfile/acticle/2014/08/25/14089355014265s0.JPG', 446, 0, '650x2511', 0, 1, 1408935501, 0, '60.190.201.158'),
(243, 'IMG_2968.JPG', '14089440764255s0.JPG', NULL, '.JPG', 'uploadfile/acticle/2014/08/25/14089440764255s0.JPG', 55, 0, '144x108', 0, 1, 1408944076, 1, '60.190.201.158'),
(244, 'IMG_2968.JPG', '14089440998423s0.JPG', NULL, '.JPG', 'uploadfile/acticle/2014/08/25/14089440998423s0.JPG', 55, 0, '144x108', 0, 1, 1408944099, 1, '60.190.201.158'),
(245, '2.22_._.jpg', '14089442245476s0.jpg', NULL, '.jpg', 'uploadfile/acticle/2014/08/25/14089442245476s0.jpg', 79, 0, '158x200', 0, 1, 1408944224, 1, '60.190.201.158'),
(246, '14089440998423s0.jpg', '1409099783887s0.jpg', NULL, '.jpg', 'uploadfile/acticle/2014/08/27/1409099783887s0.jpg', 55, 0, '144x108', 0, 1, 1409099783, 1, '60.190.201.158'),
(247, '产品信息banner.jpg', '14095513984394s0.jpg', NULL, '.jpg', 'uploadfile/adv/2014/09/01/14095513984394s0.jpg', 434, 0, '1440x508', 0, 1, 1409551398, 1, '115.236.66.146'),
(248, '联系我们bannerg.jpg', '14095515601508s0.jpg', NULL, '.jpg', 'uploadfile/adv/2014/09/01/14095515601508s0.jpg', 190, 0, '1440x508', 0, 1, 1409551560, 1, '115.236.66.146'),
(249, '客户专区banner g.jpg', '14095515815281s0.jpg', NULL, '.jpg', 'uploadfile/adv/2014/09/01/14095515815281s0.jpg', 275, 0, '1440x508', 0, 1, 1409551581, 1, '115.236.66.146'),
(250, '产品信息banner g.jpg', '14095515943916s0.jpg', NULL, '.jpg', 'uploadfile/adv/2014/09/01/14095515943916s0.jpg', 208, 0, '1440x508', 0, 1, 1409551594, 1, '115.236.66.146'),
(251, '新闻中心bannerg.jpg', '14095516107227s0.jpg', NULL, '.jpg', 'uploadfile/adv/2014/09/01/14095516107227s0.jpg', 252, 0, '1440x508', 0, 1, 1409551610, 1, '115.236.66.146'),
(252, '走进双鸟banner.jpg', '14102323686758s0.jpg', NULL, '.jpg', 'uploadfile/adv/2014/09/09/14102323686758s0.jpg', 422, 0, '1440x400', 0, 1, 1410232368, 1, '202.107.194.183'),
(253, '新闻中心banner.jpg', '14102324254347s0.jpg', NULL, '.jpg', 'uploadfile/adv/2014/09/09/14102324254347s0.jpg', 411, 0, '1440x400', 0, 1, 1410232425, 1, '202.107.194.183'),
(254, '产品信息banner.jpg', '14102324720021s0.jpg', NULL, '.jpg', 'uploadfile/adv/2014/09/09/14102324720021s0.jpg', 267, 0, '1440x400', 0, 1, 1410232472, 1, '202.107.194.183'),
(255, '成功案例banner.jpg', '141023249849s0.jpg', NULL, '.jpg', 'uploadfile/adv/2014/09/09/141023249849s0.jpg', 348, 0, '1440x400', 0, 1, 1410232498, 1, '202.107.194.183'),
(256, '研修_培训banner.jpg', '14102325209522s0.jpg', NULL, '.jpg', 'uploadfile/adv/2014/09/09/14102325209522s0.jpg', 258, 0, '1440x400', 0, 1, 1410232521, 1, '202.107.194.183'),
(257, '客户专区banner.jpg', '14102325599107s0.jpg', NULL, '.jpg', 'uploadfile/adv/2014/09/09/14102325599107s0.jpg', 238, 0, '1440x400', 0, 1, 1410232560, 1, '202.107.194.183'),
(258, '联系我们banner.jpg', '14102326043379s0.jpg', NULL, '.jpg', 'uploadfile/adv/2014/09/09/14102326043379s0.jpg', 299, 0, '1440x400', 0, 1, 1410232604, 1, '202.107.194.183'),
(259, '走进双鸟banner-4.jpg', '14131641238266s0.jpg', NULL, '.jpg', 'uploadfile/adv/2014/10/13/14131641238266s0.jpg', 324, 0, '1440x400', 0, 1, 1413164124, 1, '14.29.80.247'),
(260, '联系我们banner-3.jpg', '14131641648443s0.jpg', NULL, '.jpg', 'uploadfile/adv/2014/10/13/14131641648443s0.jpg', 212, 0, '1440x400', 0, 1, 1413164165, 1, '14.29.80.247'),
(261, '11.jpg', '14147255596646s0.jpg', NULL, '.jpg', 'uploadfile/adv/2014/10/31/14147255596646s0.jpg', 78, 0, '1204x336', 0, 1, 1414725559, 1, '14.29.112.191'),
(262, '1440X400.jpg', '14147263787348s0.jpg', NULL, '.jpg', 'uploadfile/adv/2014/10/31/14147263787348s0.jpg', 85, 0, '1440x400', 0, 1, 1414726378, 1, '14.29.112.191'),
(263, '1440X400.jpg', '14147264721327s0.jpg', NULL, '.jpg', 'uploadfile/adv/2014/10/31/14147264721327s0.jpg', 214, 0, '1440x400', 0, 1, 1414726472, 1, '14.29.112.191'),
(264, '1440X400.jpg', '14147265176469s0.jpg', NULL, '.jpg', 'uploadfile/adv/2014/10/31/14147265176469s0.jpg', 214, 0, '1440x400', 0, 1, 1414726517, 1, '14.29.112.191'),
(265, '研修_培训banner.jpg', '14148191716849s0.jpg', NULL, '.jpg', 'uploadfile/adv/2014/11/01/14148191716849s0.jpg', 258, 0, '1440x400', 0, 1, 1414819171, 1, '183.128.185.58'),
(266, '201403261352298517.jpg', '14154698382476s1.jpg', NULL, '.jpg', 'uploadfile/graphic/2014/11/09/14154698382476s1.jpg', 60, 0, '670x502', 1, 1, 1415469838, 1, '127.0.0.1'),
(267, '1234.jpg', '14155187451336s1.jpg', NULL, '.jpg', 'uploadfile/points/2014/11/09/14155187451336s1.jpg', 11, 0, '270x228', 1, 1, 1415518745, 1, '127.0.0.1'),
(268, '1111.jpg', '14155188532688s1.jpg', NULL, '.jpg', 'uploadfile/points/2014/11/09/14155188532688s1.jpg', 11, 0, '241x248', 1, 1, 1415518853, 1, '127.0.0.1'),
(269, '2222.jpg', '14155199413028s1.jpg', NULL, '.jpg', 'uploadfile/points/2014/11/09/14155199413028s1.jpg', 14, 0, '241x248', 1, 1, 1415519941, 1, '127.0.0.1'),
(270, '财富专家.jpg', '14188875035022s0.jpg', NULL, '.jpg', 'uploadfile/adv/2014/12/18/14188875035022s0.jpg', 265, 0, '1920x345', 0, 1, 1418887503, 1, '112.16.68.219'),
(271, '金融服务平台.jpg', '14188875212173s0.jpg', NULL, '.jpg', 'uploadfile/adv/2014/12/18/14188875212173s0.jpg', 266, 0, '1920x345', 0, 1, 1418887521, 1, '112.16.68.219'),
(272, '网站上线.png', '14188876340208s0.png', NULL, '.png', 'uploadfile/adv/2014/12/18/14188876340208s0.png', 709, 0, '1920x345', 0, 1, 1418887634, 1, '112.16.68.219'),
(273, '网站上线.png', '14188876719194s0.png', NULL, '.png', 'uploadfile/adv/2014/12/18/14188876719194s0.png', 709, 0, '1920x345', 0, 1, 1418887672, 1, '112.16.68.219'),
(274, '网站上线.jpg', '1418889117569s0.jpg', NULL, '.jpg', 'uploadfile/adv/2014/12/18/1418889117569s0.jpg', 91, 0, '1920x345', 0, 1, 1418889117, 1, '112.16.68.219');

-- --------------------------------------------------------

--
-- 表的结构 `db_uploadfile_rel`
--

CREATE TABLE IF NOT EXISTS `db_uploadfile_rel` (
  `file_id` int(11) DEFAULT NULL COMMENT '附件ID',
  `rel_id` int(11) DEFAULT NULL COMMENT '关联文件ID',
  `shop_id` int(11) DEFAULT NULL COMMENT '商铺ID',
  `module` varchar(20) DEFAULT NULL COMMENT '使用位置，分类'
) ENGINE=MyISAM DEFAULT CHARSET=utf8;

--
-- 转存表中的数据 `db_uploadfile_rel`
--

INSERT INTO `db_uploadfile_rel` (`file_id`, `rel_id`, `shop_id`, `module`) VALUES
(57, 2, 0, 'channel_thumb'),
(60, 1, 0, 'channel'),
(65, NULL, 0, 'user'),
(66, NULL, 0, 'user'),
(68, 14, 0, 'user_zz'),
(69, 14, 0, 'user_zz'),
(70, 14, 0, 'user_zz'),
(72, 14, 0, 'user_zz'),
(78, 25, 0, 'user'),
(86, 1, 1, 'graphic'),
(102, 12, 0, 'article_logo'),
(103, 3, 0, 'article_logo'),
(104, 2, 0, 'article_logo'),
(105, 13, 0, 'article_logo'),
(116, 14, 0, 'article_logo'),
(117, 14, 0, 'article'),
(119, 3, 0, 'article'),
(131, 3, 0, 'article_content'),
(230, 4, 0, 'document_content'),
(229, 2, 0, 'document_content'),
(190, 2, 0, 'document_content'),
(185, 2, 0, 'document_content'),
(228, 3, 0, 'document_content'),
(227, 3, 0, 'document_content'),
(226, 3, 0, 'document_content'),
(184, 2, 0, 'document_content'),
(159, 4, 0, 'document_content'),
(237, 11, 0, 'article_logo'),
(238, 11, 0, 'article'),
(240, 17, 0, 'article_logo'),
(242, 17, 0, 'article_content'),
(243, 18, 0, 'article'),
(244, 18, 0, 'article_logo'),
(245, 17, 0, 'article'),
(246, 19, 0, 'article_logo');

-- --------------------------------------------------------

--
-- 表的结构 `db_user`
--

CREATE TABLE IF NOT EXISTS `db_user` (
  `user_id` int(11) NOT NULL AUTO_INCREMENT COMMENT '会员id',
  `username` varchar(50) NOT NULL COMMENT '会员名称',
  `iscate` tinyint(4) NOT NULL DEFAULT '1' COMMENT '用户类别',
  `ischeck` tinyint(4) NOT NULL DEFAULT '1' COMMENT '审核状态（0-待审核，1-通过，2-不通过）',
  `phone` varchar(20) NOT NULL DEFAULT '' COMMENT '手机号码',
  `tel` varchar(20) DEFAULT NULL COMMENT '电话',
  `cardno` varchar(32) DEFAULT NULL COMMENT '推荐人手机',
  `truename` varchar(50) DEFAULT NULL COMMENT '真实姓名',
  `head_ico` varchar(100) DEFAULT NULL COMMENT '会员头像',
  `businesscard` varchar(100) NOT NULL COMMENT '名片',
  `sex` tinyint(1) DEFAULT NULL COMMENT '会员性别',
  `birthday` varchar(20) DEFAULT NULL COMMENT '生日',
  `password` varchar(32) NOT NULL COMMENT '会员密码',
  `random` varchar(6) DEFAULT NULL COMMENT '密码随机因子',
  `email` varchar(100) NOT NULL COMMENT '会员邮箱',
  `qq` varchar(100) DEFAULT NULL COMMENT 'qq',
  `msn` varchar(100) DEFAULT NULL COMMENT 'msn',
  `ww` varchar(100) DEFAULT NULL COMMENT '阿里旺旺',
  `web` varchar(100) DEFAULT NULL COMMENT '微博',
  `subscribe` varchar(12) NOT NULL DEFAULT '111111' COMMENT '0:拒绝 1:接受 第一位是短信，第二位是目录/杂志/DM，第三位是邮件，第四位是电话，第五位是酒知识，第六位是活动',
  `login_num` int(11) NOT NULL DEFAULT '1' COMMENT '登录次数',
  `register_time` int(20) NOT NULL COMMENT '会员注册时间',
  `login_time` int(20) NOT NULL COMMENT '当前登录时间',
  `last_login_time` int(20) NOT NULL COMMENT '上次登录时间',
  `login_ip` varchar(20) DEFAULT NULL COMMENT '当前登录ip',
  `last_login_ip` varchar(20) DEFAULT NULL COMMENT '上次登录ip',
  `goldnum` int(11) NOT NULL DEFAULT '0' COMMENT '金币数',
  `goldnumcount` int(11) NOT NULL DEFAULT '0' COMMENT '曾经拥有购买金币数',
  `goldnumminus` int(11) NOT NULL DEFAULT '0' COMMENT '已经消费金币数',
  `points` int(11) NOT NULL DEFAULT '0' COMMENT '会员积分',
  `current_points` int(11) NOT NULL DEFAULT '0',
  `available_predeposit` decimal(10,2) NOT NULL DEFAULT '0.00' COMMENT '预存款可用金额',
  `freeze_predeposit` decimal(10,2) NOT NULL DEFAULT '0.00' COMMENT '预存款冻结金额',
  `inform_allow` tinyint(1) NOT NULL DEFAULT '1' COMMENT '是否允许举报(1可以/2不可以)',
  `isbuy` tinyint(1) NOT NULL DEFAULT '1' COMMENT '会员是否有购买权限 1为开启 0为关闭',
  `isallowtalk` tinyint(1) NOT NULL DEFAULT '1' COMMENT '会员是否有咨询和发送站内信的权限 1为开启 0为关闭',
  `isclose` tinyint(1) NOT NULL DEFAULT '1' COMMENT '会员的开启状态 1为开启 0为关闭',
  `group` int(11) NOT NULL DEFAULT '0' COMMENT '会员等级',
  `credit` int(11) NOT NULL DEFAULT '0' COMMENT '会员信用',
  `sts` tinyint(1) NOT NULL DEFAULT '0' COMMENT '逻辑删除',
  `education` varchar(10) NOT NULL COMMENT '学历',
  `job` varchar(10) NOT NULL COMMENT '工作',
  `area_name` varchar(100) NOT NULL COMMENT '地区全称',
  `province_id` int(11) NOT NULL DEFAULT '0',
  `city_id` int(11) NOT NULL DEFAULT '0',
  `area_id` int(11) NOT NULL DEFAULT '0',
  `address` varchar(100) NOT NULL,
  `zip` varchar(6) NOT NULL,
  PRIMARY KEY (`user_id`)
) ENGINE=MyISAM  DEFAULT CHARSET=utf8 COMMENT='会员表' AUTO_INCREMENT=29 ;

--
-- 转存表中的数据 `db_user`
--

INSERT INTO `db_user` (`user_id`, `username`, `iscate`, `ischeck`, `phone`, `tel`, `cardno`, `truename`, `head_ico`, `businesscard`, `sex`, `birthday`, `password`, `random`, `email`, `qq`, `msn`, `ww`, `web`, `subscribe`, `login_num`, `register_time`, `login_time`, `last_login_time`, `login_ip`, `last_login_ip`, `goldnum`, `goldnumcount`, `goldnumminus`, `points`, `current_points`, `available_predeposit`, `freeze_predeposit`, `inform_allow`, `isbuy`, `isallowtalk`, `isclose`, `group`, `credit`, `sts`, `education`, `job`, `area_name`, `province_id`, `city_id`, `area_id`, `address`, `zip`) VALUES
(3, '13336141529', 1, 1, '13336141529', '', '许永成', '许子扬', 'uploadfile/2014/12/04/14176273351801s3.jpg', '', 1, '1986-12-04', '7a260acb80bb0d2422a4ced7512861a5', 'DA9Gqw', '398611673@qq.com', '2562227279', '0', '0', '华良财富', '111111', 1, 1416933128, 1416933128, 1416933128, '127.0.0.1', '127.0.0.1', 0, 0, 0, 0, 0, '0.00', '0.00', 0, 0, 0, 1, 0, 0, 0, '', '', '', 3133, 3134, 3138, '美好国际大厦', ''),
(4, '13989484358', 1, 1, '13989484358', NULL, '', '张有钢', 'statics/default/images/head_ico.gif', '', 0, '', '6b5079241f08ac9d8b4ae68df9ff4bb8', 'twWMrT', 'zhangyg_1110@163.com', '', '', '', NULL, '111111', 1, 1418000505, 1418000505, 1418000505, '122.233.96.209', '122.233.96.209', 0, 0, 0, 0, 0, '0.00', '0.00', 1, 1, 1, 1, 0, 0, 0, '', '', '', 0, 0, 0, '', ''),
(5, '15151967771', 1, 1, '15151967771', NULL, '', '王韬', 'statics/default/images/head_ico.gif', '', 0, '', 'b16e54c9767fcc9637e40043c7a67201', 'ytcCAh', '1051040070@qq.com', '', '', '', NULL, '111111', 1, 1418274006, 1418274006, 1418274006, '180.115.110.234', '180.115.110.234', 0, 0, 0, 0, 0, '0.00', '0.00', 1, 1, 1, 1, 0, 0, 0, '', '', '', 0, 0, 0, '', ''),
(6, '15968869017', 1, 1, '15968869017', NULL, '', '程灵英', 'statics/default/images/head_ico.gif', '', 0, '', 'e5b47d32950daade73a2446f18c96f52', 'WDiuyw', '1768742325@qq.com', '', '', '', NULL, '111111', 1, 1418606205, 1418606205, 1418606205, '60.176.243.162', '60.176.243.162', 0, 0, 0, 0, 0, '0.00', '0.00', 1, 1, 1, 1, 0, 0, 0, '', '', '', 0, 0, 0, '', ''),
(7, '18913513592', 1, 1, '18913513592', NULL, '', '吴德林', 'statics/default/images/head_ico.gif', '', 0, '', 'a02c5cf09c82822f4f78b971c1fcea1c', 'tCiVQK', 'on_storm@126.com', '', '', '', NULL, '111111', 1, 1419053445, 1419053445, 1419053445, '58.210.237.52', '58.210.237.52', 0, 0, 0, 0, 0, '0.00', '0.00', 1, 1, 1, 1, 0, 0, 0, '', '', '', 0, 0, 0, '', ''),
(8, '15372075983', 1, 1, '15372075983', NULL, '', '付月应', 'statics/default/images/head_ico.gif', '', 0, '', '571a5e951af59aa527f0eb8e286f8915', 'AgH7s9', '2370840799@qq.com', '', '', '', NULL, '111111', 1, 1419068862, 1419068862, 1419068862, '101.71.37.85', '101.71.37.85', 0, 0, 0, 0, 0, '0.00', '0.00', 1, 1, 1, 1, 0, 0, 0, '', '', '', 0, 0, 0, '', ''),
(9, '13331880228', 1, 1, '13331880228', NULL, '', '万想', 'statics/default/images/head_ico.gif', '', 0, '', '2ffcb9c39e8842e5f64081dc97666827', 'hMBaWq', '714241768@qq.com', '', '', '', NULL, '111111', 1, 1419582803, 1419582803, 1419582803, '58.246.61.94', '58.246.61.94', 0, 0, 0, 0, 0, '0.00', '0.00', 1, 1, 1, 1, 0, 0, 0, '', '', '', 0, 0, 0, '', ''),
(10, '13817101922', 1, 1, '13817101922', NULL, '', '胡海楠', 'statics/default/images/head_ico.gif', '', 0, '', '2134b9fe71a099a2dd1d07ec452b66cb', 'Wv5bKa', '281017193@qq.com', '', '', '', NULL, '111111', 1, 1419685465, 1419685465, 1419685465, '60.55.13.6', '60.55.13.6', 0, 0, 0, 0, 0, '0.00', '0.00', 1, 1, 1, 1, 0, 0, 0, '', '', '', 0, 0, 0, '', ''),
(11, '13861020273', 1, 1, '13861020273', NULL, '13817101922', '孙丹', 'statics/default/images/head_ico.gif', '', 0, '', '3173c99ba061982a7bb68bc09ec87b3a', 'Na9EqA', '307931801@qq.com', '', '', '', NULL, '111111', 1, 1419821530, 1419821530, 1419821530, '180.115.105.252', '180.115.105.252', 0, 0, 0, 0, 0, '0.00', '0.00', 1, 1, 1, 1, 0, 0, 0, '', '', '', 0, 0, 0, '', ''),
(12, '15858255994', 1, 1, '15858255994', NULL, '', '叶易杰', 'statics/default/images/head_ico.gif', '', 0, '', 'a8ddb6df1ce543057337575e99066aed', '3IMSgX', '1446233694@qq.com', '', '', '', NULL, '111111', 1, 1420689799, 1420689799, 1420689799, '58.52.135.238', '58.52.135.238', 0, 0, 0, 0, 0, '0.00', '0.00', 1, 1, 1, 1, 0, 0, 0, '', '', '', 0, 0, 0, '', ''),
(13, '13738084882', 1, 1, '13738084882', NULL, '', '虞卿华', 'statics/default/images/head_ico.gif', '', 0, '', 'cd760551981d763428e54c698f6594dd', 'XCGUgL', '446995784@qq.com', '', '', '', NULL, '111111', 1, 1421634824, 1421634824, 1421634824, '60.186.3.170', '60.186.3.170', 0, 0, 0, 0, 0, '0.00', '0.00', 1, 1, 1, 1, 0, 0, 0, '', '', '', 0, 0, 0, '', ''),
(14, '13456871861', 1, 1, '13456871861', NULL, '13456871861', '郑康宝', 'statics/default/images/head_ico.gif', '', 0, '', '5a21292fc00045b17102544b7640f68f', 'g0CYbe', '540111945@qq.com', '', '13456871861', '', NULL, '111111', 1, 1422233817, 1422233817, 1422233817, '60.186.6.89', '60.186.6.89', 0, 0, 0, 0, 0, '0.00', '0.00', 1, 1, 1, 1, 0, 0, 0, '', '', '', 0, 0, 0, '', ''),
(15, '15372012389', 1, 1, '15372012389', NULL, '', '吴夏姬', 'statics/default/images/head_ico.gif', '', 0, '', '4a04c3c30a36212dbc4e1542dcf5e39e', 'ngiFxg', '13396815113@126.com', '', '', '', NULL, '111111', 1, 1422414249, 1422414249, 1422414249, '115.205.123.50', '115.205.123.50', 0, 0, 0, 0, 0, '0.00', '0.00', 1, 1, 1, 1, 0, 0, 0, '', '', '', 0, 0, 0, '', ''),
(16, '13616521945', 1, 1, '13616521945', NULL, '13616521945', '任伟华', 'statics/default/images/head_ico.gif', '', 0, '', '3cccd83eb5eac9090854eeedacd0d7d2', 'foDcXF', '564200584@qq.com', '', '13616521945', '', NULL, '111111', 1, 1422855316, 1422855316, 1422855316, '122.233.99.219', '122.233.99.219', 0, 0, 0, 0, 0, '0.00', '0.00', 1, 1, 1, 1, 0, 0, 0, '', '', '', 0, 0, 0, '', ''),
(17, '18606718872', 1, 1, '18606718872', NULL, '', '泮丽银', 'statics/default/images/head_ico.gif', '', 0, '', 'c44bd326446fb14588d62c720c286fb0', 'L6iI5k', '364509664@qq.com', '', '', '', NULL, '111111', 1, 1423804042, 1423804042, 1423804042, '60.176.248.195', '60.176.248.195', 0, 0, 0, 0, 0, '0.00', '0.00', 1, 1, 1, 1, 0, 0, 0, '', '', '', 0, 0, 0, '', ''),
(18, '13282039066', 1, 1, '13282039066', NULL, '', '蒋中文', 'statics/default/images/head_ico.gif', '', 0, '', '64c2dd2143cbc3dbeac52c38a5efe80a', 'nE5Ne0', 'jiang20121212@126.com', '', '', '', NULL, '111111', 1, 1425357394, 1425357394, 1425357394, '101.69.246.13', '101.69.246.13', 0, 0, 0, 0, 0, '0.00', '0.00', 1, 1, 1, 1, 0, 0, 0, '', '', '', 0, 0, 0, '', ''),
(19, '18503051374', 1, 1, '18503051374', NULL, '', '罗经理', 'statics/default/images/head_ico.gif', '', 0, '', '4c65999a98873589f2b68a099151620c', 'dv6wkW', '2639603562@qq.com', '', '', '', NULL, '111111', 1, 1425620110, 1425620110, 1425620110, '183.37.10.14', '183.37.10.14', 0, 0, 0, 0, 0, '0.00', '0.00', 1, 1, 1, 1, 0, 0, 0, '', '', '', 0, 0, 0, '', ''),
(20, '18506816305', 1, 1, '18506816305', NULL, '', '易志文', 'statics/default/images/head_ico.gif', '', 0, '', '35d3e769717f886e7f0524c121d03161', 'bdXPiN', '806549649@qq.com', '', '', '', NULL, '111111', 1, 1425871886, 1425871886, 1425871886, '115.205.161.69', '115.205.161.69', 0, 0, 0, 0, 0, '0.00', '0.00', 1, 1, 1, 1, 0, 0, 0, '', '', '', 0, 0, 0, '', ''),
(21, '18768110745', 1, 1, '18768110745', NULL, '', '阮勇勇', 'statics/default/images/head_ico.gif', '', 0, '', 'c2f7a31d2aa620c07cdd6e8a1609f850', 'gqGNHQ', '381165191@qq.com', '', '', '', NULL, '111111', 1, 1426127933, 1426127933, 1426127933, '60.186.1.200', '60.186.1.200', 0, 0, 0, 0, 0, '0.00', '0.00', 1, 1, 1, 1, 0, 0, 0, '', '', '', 0, 0, 0, '', ''),
(22, '15906125777', 1, 1, '15906125777', NULL, '15351999959', '石怀驰', 'statics/default/images/head_ico.gif', '', 0, '', 'eaed0ba39e5054d07fe40025b7cbbda0', 'i664wy', 'jsffshc@163.com', '', '15351999959', '', NULL, '111111', 1, 1426232605, 1426232605, 1426232605, '117.136.66.57', '117.136.66.57', 0, 0, 0, 0, 0, '0.00', '0.00', 1, 1, 1, 1, 0, 0, 0, '', '', '', 0, 0, 0, '', ''),
(23, '18058719355', 1, 1, '18058719355', NULL, '', '叶莉', 'statics/default/images/head_ico.gif', '', 0, '', '70764fe6d7d96d0363c850db56ad202c', 'UtqXBC', '763195941@qq.com', '', '', '', NULL, '111111', 1, 1426302940, 1426302940, 1426302940, '117.114.145.78', '117.114.145.78', 0, 0, 0, 0, 0, '0.00', '0.00', 1, 1, 1, 1, 0, 0, 0, '', '', '', 0, 0, 0, '', ''),
(24, '15868850607', 1, 1, '15868850607', NULL, '', '聂晓旭', 'statics/default/images/head_ico.gif', '', 0, '', '11e070624bcb0e994b6e87500a11891c', 'EsHvYl', '543555461@qq.com', '', '', '', NULL, '111111', 1, 1426489788, 1426489788, 1426489788, '60.177.176.198', '60.177.176.198', 0, 0, 0, 0, 0, '0.00', '0.00', 1, 1, 1, 1, 0, 0, 0, '', '', '', 0, 0, 0, '', ''),
(28, '13456831303', 1, 1, '13456831303', NULL, '', '张平安', 'statics/default/images/head_ico.gif', 'uploadfile/mingpian/201505/1432022177.gif', 0, '', '5bcfb419954d39aa51a544ac89cd63f0', '9d9LPo', '563775430@163.com', '', '', '', NULL, '111111', 1, 1432022208, 1432022208, 1432022208, '127.0.0.1', '127.0.0.1', 0, 0, 0, 0, 0, '50.00', '0.00', 1, 1, 1, 1, 0, 0, 0, '', '', '', 0, 0, 0, '', ''),
(26, '15267118216', 1, 1, '15267118216', NULL, '', '戴严', 'statics/default/images/head_ico.gif', '', 0, '', 'c13d3e8443f042d07428726991918932', '6Lv5K6', 'dy@fandingwang.com', '', '', '', NULL, '111111', 1, 1431507566, 1431507566, 1431507566, '127.0.0.1', '127.0.0.1', 0, 0, 0, 0, 0, '0.00', '0.00', 1, 1, 1, 1, 0, 0, 0, '', '', '', 0, 0, 0, '', '');

-- --------------------------------------------------------

--
-- 表的结构 `db_user_charge`
--

CREATE TABLE IF NOT EXISTS `db_user_charge` (
  `id` int(11) NOT NULL AUTO_INCREMENT,
  `member_name` varchar(30) COLLATE utf8_unicode_ci NOT NULL COMMENT '会员名称',
  `member_email` varchar(50) COLLATE utf8_unicode_ci NOT NULL COMMENT '会员邮箱',
  `member_id` int(11) NOT NULL,
  `province_id` int(11) NOT NULL COMMENT '所属区域',
  `money_total` decimal(12,2) NOT NULL DEFAULT '0.00' COMMENT '入账金额',
  `money_type` varchar(10) COLLATE utf8_unicode_ci NOT NULL COMMENT '入账类型',
  `money_time` date NOT NULL COMMENT '入账时间',
  `poster` int(11) NOT NULL COMMENT '操作管理员',
  `add_time` int(11) NOT NULL COMMENT '操作时间',
  PRIMARY KEY (`id`)
) ENGINE=MyISAM  DEFAULT CHARSET=utf8 COLLATE=utf8_unicode_ci COMMENT='资金入账记录' AUTO_INCREMENT=30 ;

--
-- 转存表中的数据 `db_user_charge`
--

INSERT INTO `db_user_charge` (`id`, `member_name`, `member_email`, `member_id`, `province_id`, `money_total`, `money_type`, `money_time`, `poster`, `add_time`) VALUES
(13, '许则林1', '129703274444@qq.com', 32, 0, '123.00', '3', '2014-06-07', 0, 1402227856),
(16, '许则林1', '129703274444@qq.com', 32, 0, '1.00', '2', '2014-06-02', 0, 1402229146),
(15, '许则您3', 'yuanfa@163.com', 33, 0, '1.00', '2', '2014-06-02', 0, 1402229146),
(8, '许则林', '1297032743@qq.com1', 29, 0, '44.00', '4', '0000-00-00', 0, 1402226733),
(17, '许则林1', '129703274444@qq.com', 32, 0, '11.00', '3', '2014-06-01', 0, 1402229710),
(21, '李华中', '1297032744@qq.com', 31, 0, '1.00', '测试', '2014-06-01', 0, 1402236998),
(20, '许子扬', '1297032743@qq.com', 28, 0, '23.00', '3', '2014-06-05', 0, 1402236230),
(14, '许则林', '1297032743@qq.com1', 29, 0, '123.00', '3', '2014-06-07', 0, 1402227856),
(18, '许则林', '1297032743@qq.com1', 29, 0, '11.00', '3', '2014-06-01', 0, 1402229710),
(19, '许则林1', '129703274444@qq.com', 32, 0, '-4.00', '操作失误', '2014-06-03', 0, 1402229751),
(22, '山东', 'sdfsjdfl@12.com', 36, 0, '100000.00', '4', '2014-07-28', 0, 1406532990),
(23, '大连', 'DINGCY66@163.COM', 39, 0, '20000.00', '4', '2014-07-29', 0, 1406611429),
(24, '辽宁', 'liaoning@163.com', 43, 0, '20000.00', '1', '2014-07-29', 0, 1406712224),
(25, '张云静', '81616404@qq.com', 46, 1, '50000.00', '1', '2014-07-31', 0, 1406767468),
(26, '谢明齐', '356565656@qq.com', 53, 21, '100000.00', '1', '2014-08-25', 0, 1408930651),
(28, '张平安', '563775430@163.com', 27, 0, '50.00', '注册赠送', '2015-05-19', 0, 1432020408),
(29, '张平安', '563775430@163.com', 28, 0, '50.00', '注册赠送', '2015-05-19', 0, 1432022208);

-- --------------------------------------------------------

--
-- 表的结构 `db_user_group`
--

CREATE TABLE IF NOT EXISTS `db_user_group` (
  `id` int(11) NOT NULL AUTO_INCREMENT,
  `groupname` varchar(100) DEFAULT NULL COMMENT '用户组名称',
  `minexp` int(11) DEFAULT '0' COMMENT '下线积分',
  `maxexp` int(11) DEFAULT '0' COMMENT '上限积分',
  `listorder` smallint(6) DEFAULT NULL COMMENT '排序号',
  `discount` decimal(10,2) DEFAULT '100.00',
  PRIMARY KEY (`id`)
) ENGINE=MyISAM  DEFAULT CHARSET=utf8 COMMENT='会员等级' AUTO_INCREMENT=16 ;

--
-- 转存表中的数据 `db_user_group`
--

INSERT INTO `db_user_group` (`id`, `groupname`, `minexp`, `maxexp`, `listorder`, `discount`) VALUES
(8, '普通会员', 100000, 999999999, 30, '92.00');

-- --------------------------------------------------------

--
-- 表的结构 `db_user_group_discount`
--

CREATE TABLE IF NOT EXISTS `db_user_group_discount` (
  `discount_id` int(10) unsigned NOT NULL AUTO_INCREMENT COMMENT '商品id',
  `group_id` int(10) unsigned NOT NULL COMMENT '会员等级id',
  `series_id` int(10) unsigned NOT NULL COMMENT '产品系列id',
  `discount` decimal(12,2) unsigned NOT NULL DEFAULT '100.00' COMMENT '折扣',
  `cxdiscount` decimal(12,2) DEFAULT '100.00' COMMENT '促销折扣',
  PRIMARY KEY (`discount_id`),
  UNIQUE KEY `唯一性` (`group_id`,`series_id`)
) ENGINE=MyISAM  DEFAULT CHARSET=utf8 COMMENT='经销商等级产品系列折扣' AUTO_INCREMENT=98 ;

--
-- 转存表中的数据 `db_user_group_discount`
--

INSERT INTO `db_user_group_discount` (`discount_id`, `group_id`, `series_id`, `discount`, `cxdiscount`) VALUES
(1, 14, 1, '85.00', '100.00'),
(2, 14, 2, '86.00', '100.00'),
(3, 14, 3, '87.00', '100.00'),
(4, 14, 4, '88.00', '100.00'),
(5, 14, 5, '89.00', '100.00'),
(6, 14, 6, '90.00', '100.00'),
(7, 14, 7, '91.00', '100.00'),
(8, 14, 8, '92.00', '100.00'),
(9, 14, 9, '93.00', '100.00'),
(10, 14, 10, '94.00', '100.00'),
(11, 14, 11, '100.00', '100.00'),
(12, 15, 1, '80.00', '100.00'),
(13, 15, 2, '81.00', '100.00'),
(14, 15, 3, '82.00', '100.00'),
(15, 15, 4, '100.00', '100.00'),
(16, 15, 5, '83.00', '100.00'),
(17, 15, 6, '84.00', '100.00'),
(18, 15, 7, '85.00', '100.00'),
(19, 15, 8, '85.00', '100.00'),
(20, 15, 9, '86.00', '100.00'),
(21, 15, 10, '88.00', '100.00'),
(22, 15, 11, '89.00', '100.00'),
(23, 8, 1, '55.10', '100.00'),
(24, 8, 2, '52.25', '100.00'),
(25, 8, 3, '50.35', '100.00'),
(26, 8, 4, '61.00', '100.00'),
(27, 8, 5, '77.00', '100.00'),
(28, 8, 6, '65.00', '100.00'),
(29, 8, 7, '61.00', '100.00'),
(30, 8, 8, '95.00', '100.00'),
(31, 8, 9, '60.00', '100.00'),
(32, 8, 10, '60.00', '100.00'),
(33, 8, 11, '100.00', '100.00'),
(34, 7, 1, '100.00', '100.00'),
(35, 7, 2, '100.00', '100.00'),
(36, 7, 3, '100.00', '100.00'),
(37, 7, 4, '100.00', '100.00'),
(38, 7, 5, '44.00', '100.00'),
(39, 7, 6, '100.00', '100.00'),
(40, 7, 7, '100.00', '100.00'),
(41, 7, 8, '100.00', '100.00'),
(42, 7, 9, '100.00', '100.00'),
(43, 7, 10, '100.00', '100.00'),
(44, 7, 11, '100.00', '100.00'),
(45, 5, 1, '100.00', '100.00'),
(46, 5, 2, '100.00', '100.00'),
(47, 5, 3, '100.00', '100.00'),
(48, 5, 4, '100.00', '100.00'),
(49, 5, 5, '70.00', '100.00'),
(50, 5, 6, '100.00', '100.00'),
(51, 5, 7, '100.00', '100.00'),
(52, 5, 8, '100.00', '100.00'),
(53, 5, 9, '100.00', '100.00'),
(54, 5, 10, '100.00', '100.00'),
(55, 5, 11, '100.00', '100.00'),
(56, 8, 12, '100.00', '100.00'),
(57, 8, 13, '60.00', '100.00'),
(58, 8, 14, '60.00', '100.00'),
(59, 8, 15, '60.00', '100.00'),
(60, 8, 16, '65.00', '100.00'),
(61, 8, 17, '65.00', '100.00'),
(62, 8, 18, '65.00', '100.00'),
(63, 8, 19, '100.00', '100.00'),
(64, 8, 20, '100.00', '100.00'),
(65, 8, 21, '100.00', '100.00'),
(66, 8, 22, '100.00', '100.00'),
(67, 8, 23, '100.00', '100.00'),
(68, 8, 24, '60.00', '100.00'),
(69, 7, 12, '100.00', '100.00'),
(70, 7, 13, '100.00', '100.00'),
(71, 7, 14, '100.00', '100.00'),
(72, 7, 15, '100.00', '100.00'),
(73, 7, 16, '100.00', '100.00'),
(74, 7, 17, '100.00', '100.00'),
(75, 7, 18, '100.00', '100.00'),
(76, 7, 19, '100.00', '100.00'),
(77, 7, 20, '100.00', '100.00'),
(78, 7, 21, '100.00', '100.00'),
(79, 7, 22, '100.00', '100.00'),
(80, 7, 23, '100.00', '100.00'),
(81, 7, 24, '100.00', '100.00'),
(82, 5, 12, '100.00', '100.00'),
(83, 5, 13, '100.00', '100.00'),
(84, 5, 14, '100.00', '100.00'),
(85, 5, 15, '100.00', '100.00'),
(86, 5, 16, '100.00', '100.00'),
(87, 5, 17, '100.00', '100.00'),
(88, 5, 18, '100.00', '100.00'),
(89, 5, 19, '100.00', '100.00'),
(90, 5, 20, '100.00', '100.00'),
(91, 5, 21, '100.00', '100.00'),
(92, 5, 22, '100.00', '100.00'),
(93, 5, 23, '100.00', '100.00'),
(94, 5, 24, '100.00', '100.00'),
(95, 8, 25, '69.35', '100.00'),
(96, 8, 26, '66.50', '100.00'),
(97, 8, 27, '66.00', '100.00');

-- --------------------------------------------------------

--
-- 表的结构 `db_user_phonecode`
--

CREATE TABLE IF NOT EXISTS `db_user_phonecode` (
  `id` int(11) NOT NULL AUTO_INCREMENT COMMENT '自增ID',
  `uid` int(11) NOT NULL COMMENT '用户ID',
  `phonenumber` varchar(20) NOT NULL COMMENT '用户手机号',
  `phonecode` int(11) NOT NULL COMMENT '手机验证码',
  `content` varchar(512) NOT NULL COMMENT '验证码发送内容',
  `status` tinyint(4) NOT NULL COMMENT '当前状态',
  `trytimes` int(1) NOT NULL DEFAULT '0' COMMENT '发送尝试次数',
  `passtime` int(11) NOT NULL COMMENT '过期时间',
  `creattime` int(11) NOT NULL COMMENT '提交时间',
  PRIMARY KEY (`id`)
) ENGINE=InnoDB  DEFAULT CHARSET=utf8 COMMENT='手机验证码记录表' AUTO_INCREMENT=11 ;

--
-- 转存表中的数据 `db_user_phonecode`
--

INSERT INTO `db_user_phonecode` (`id`, `uid`, `phonenumber`, `phonecode`, `content`, `status`, `trytimes`, `passtime`, `creattime`) VALUES
(4, 0, '15267118216', 749072, '您本次操作的验证码为：749072。请不要向任何无关人员提供该验证码！', 1, 1, 1431506117, 1431504317),
(5, 0, '15267118216', 235736, '您本次操作的验证码为：235736。请不要向任何无关人员提供该验证码！', 1, 1, 1431506570, 1431504770),
(6, 0, '15267118216', 450216, '您本次操作的验证码为：450216。请不要向任何无关人员提供该验证码！', 1, 1, 1431506746, 1431504946),
(7, 0, '15267118216', 173086, '您本次操作的验证码为：173086。请不要向任何无关人员提供该验证码！', 1, 1, 1431506882, 1431505082),
(8, 0, '15267118216', 544342, '您本次操作的验证码为：544342。请不要向任何无关人员提供该验证码！', 2, 1, 1431508977, 1431507177),
(9, 0, '13456831303', 679803, '您本次操作的验证码为：679803。请不要向任何无关人员提供该验证码！', 2, 0, 1432022182, 1432020382),
(10, 0, '13456831303', 691091, '您本次操作的验证码为：691091。请不要向任何无关人员提供该验证码！', 2, 0, 1432023989, 1432022189);

/*!40101 SET CHARACTER_SET_CLIENT=@OLD_CHARACTER_SET_CLIENT */;
/*!40101 SET CHARACTER_SET_RESULTS=@OLD_CHARACTER_SET_RESULTS */;
/*!40101 SET COLLATION_CONNECTION=@OLD_COLLATION_CONNECTION */;
